row_index,field,agent_a_value,agent_b_value,chosen_value,notes,serotype,group_id,context_value,outcome_title
0,outcome_overview_dose_description,1m post dose 2 adult,4w post dose 2 adult,,,1 (Shared),OG000,392.2,Geometric Mean Titer of Serotype-specific Opsonophagocytic Activity at 30 Days Following PNEUMOVAX™23
0,outcome_overview_schedule,1 dose adult,2 dose adult,,,1 (Shared),OG000,392.2,Geometric Mean Titer of Serotype-specific Opsonophagocytic Activity at 30 Days Following PNEUMOVAX™23
0,outcome_overview_time_frame_weeks,4,56,,,1 (Shared),OG000,392.2,Geometric Mean Titer of Serotype-specific Opsonophagocytic Activity at 30 Days Following PNEUMOVAX™23
1,outcome_overview_dose_description,1m post dose 2 adult,4w post dose 2 adult,,,1 (Shared),OG001,283.2,Geometric Mean Titer of Serotype-specific Opsonophagocytic Activity at 30 Days Following PNEUMOVAX™23
1,outcome_overview_schedule,1 dose adult,2 dose adult,,,1 (Shared),OG001,283.2,Geometric Mean Titer of Serotype-specific Opsonophagocytic Activity at 30 Days Following PNEUMOVAX™23
1,outcome_overview_time_frame_weeks,4,56,,,1 (Shared),OG001,283.2,Geometric Mean Titer of Serotype-specific Opsonophagocytic Activity at 30 Days Following PNEUMOVAX™23
2,outcome_overview_dose_description,1m post dose 2 adult,4w post dose 2 adult,,,3 (Shared),OG000,282.6,Geometric Mean Titer of Serotype-specific Opsonophagocytic Activity at 30 Days Following PNEUMOVAX™23
2,outcome_overview_schedule,1 dose adult,2 dose adult,,,3 (Shared),OG000,282.6,Geometric Mean Titer of Serotype-specific Opsonophagocytic Activity at 30 Days Following PNEUMOVAX™23
2,outcome_overview_time_frame_weeks,4,56,,,3 (Shared),OG000,282.6,Geometric Mean Titer of Serotype-specific Opsonophagocytic Activity at 30 Days Following PNEUMOVAX™23
3,outcome_overview_dose_description,1m post dose 2 adult,4w post dose 2 adult,,,3 (Shared),OG001,262.8,Geometric Mean Titer of Serotype-specific Opsonophagocytic Activity at 30 Days Following PNEUMOVAX™23
3,outcome_overview_schedule,1 dose adult,2 dose adult,,,3 (Shared),OG001,262.8,Geometric Mean Titer of Serotype-specific Opsonophagocytic Activity at 30 Days Following PNEUMOVAX™23
3,outcome_overview_time_frame_weeks,4,56,,,3 (Shared),OG001,262.8,Geometric Mean Titer of Serotype-specific Opsonophagocytic Activity at 30 Days Following PNEUMOVAX™23
4,outcome_overview_dose_description,1m post dose 2 adult,4w post dose 2 adult,,,4 (Shared),OG000,1671.9,Geometric Mean Titer of Serotype-specific Opsonophagocytic Activity at 30 Days Following PNEUMOVAX™23
4,outcome_overview_schedule,1 dose adult,2 dose adult,,,4 (Shared),OG000,1671.9,Geometric Mean Titer of Serotype-specific Opsonophagocytic Activity at 30 Days Following PNEUMOVAX™23
4,outcome_overview_time_frame_weeks,4,56,,,4 (Shared),OG000,1671.9,Geometric Mean Titer of Serotype-specific Opsonophagocytic Activity at 30 Days Following PNEUMOVAX™23
5,outcome_overview_dose_description,1m post dose 2 adult,4w post dose 2 adult,,,4 (Shared),OG001,1580.4,Geometric Mean Titer of Serotype-specific Opsonophagocytic Activity at 30 Days Following PNEUMOVAX™23
5,outcome_overview_schedule,1 dose adult,2 dose adult,,,4 (Shared),OG001,1580.4,Geometric Mean Titer of Serotype-specific Opsonophagocytic Activity at 30 Days Following PNEUMOVAX™23
5,outcome_overview_time_frame_weeks,4,56,,,4 (Shared),OG001,1580.4,Geometric Mean Titer of Serotype-specific Opsonophagocytic Activity at 30 Days Following PNEUMOVAX™23
6,outcome_overview_dose_description,1m post dose 2 adult,4w post dose 2 adult,,,5 (Shared),OG000,705.5,Geometric Mean Titer of Serotype-specific Opsonophagocytic Activity at 30 Days Following PNEUMOVAX™23
6,outcome_overview_schedule,1 dose adult,2 dose adult,,,5 (Shared),OG000,705.5,Geometric Mean Titer of Serotype-specific Opsonophagocytic Activity at 30 Days Following PNEUMOVAX™23
6,outcome_overview_time_frame_weeks,4,56,,,5 (Shared),OG000,705.5,Geometric Mean Titer of Serotype-specific Opsonophagocytic Activity at 30 Days Following PNEUMOVAX™23
7,outcome_overview_dose_description,1m post dose 2 adult,4w post dose 2 adult,,,5 (Shared),OG001,583.9,Geometric Mean Titer of Serotype-specific Opsonophagocytic Activity at 30 Days Following PNEUMOVAX™23
7,outcome_overview_schedule,1 dose adult,2 dose adult,,,5 (Shared),OG001,583.9,Geometric Mean Titer of Serotype-specific Opsonophagocytic Activity at 30 Days Following PNEUMOVAX™23
7,outcome_overview_time_frame_weeks,4,56,,,5 (Shared),OG001,583.9,Geometric Mean Titer of Serotype-specific Opsonophagocytic Activity at 30 Days Following PNEUMOVAX™23
8,outcome_overview_dose_description,1m post dose 2 adult,4w post dose 2 adult,,,6A (Shared),OG000,3261.5,Geometric Mean Titer of Serotype-specific Opsonophagocytic Activity at 30 Days Following PNEUMOVAX™23
8,outcome_overview_schedule,1 dose adult,2 dose adult,,,6A (Shared),OG000,3261.5,Geometric Mean Titer of Serotype-specific Opsonophagocytic Activity at 30 Days Following PNEUMOVAX™23
8,outcome_overview_time_frame_weeks,4,56,,,6A (Shared),OG000,3261.5,Geometric Mean Titer of Serotype-specific Opsonophagocytic Activity at 30 Days Following PNEUMOVAX™23
9,outcome_overview_dose_description,1m post dose 2 adult,4w post dose 2 adult,,,6A (Shared),OG001,2806.8,Geometric Mean Titer of Serotype-specific Opsonophagocytic Activity at 30 Days Following PNEUMOVAX™23
9,outcome_overview_schedule,1 dose adult,2 dose adult,,,6A (Shared),OG001,2806.8,Geometric Mean Titer of Serotype-specific Opsonophagocytic Activity at 30 Days Following PNEUMOVAX™23
9,outcome_overview_time_frame_weeks,4,56,,,6A (Shared),OG001,2806.8,Geometric Mean Titer of Serotype-specific Opsonophagocytic Activity at 30 Days Following PNEUMOVAX™23
10,outcome_overview_dose_description,1m post dose 2 adult,4w post dose 2 adult,,,6B (Shared),OG000,3223.9,Geometric Mean Titer of Serotype-specific Opsonophagocytic Activity at 30 Days Following PNEUMOVAX™23
10,outcome_overview_schedule,1 dose adult,2 dose adult,,,6B (Shared),OG000,3223.9,Geometric Mean Titer of Serotype-specific Opsonophagocytic Activity at 30 Days Following PNEUMOVAX™23
10,outcome_overview_time_frame_weeks,4,56,,,6B (Shared),OG000,3223.9,Geometric Mean Titer of Serotype-specific Opsonophagocytic Activity at 30 Days Following PNEUMOVAX™23
11,outcome_overview_dose_description,1m post dose 2 adult,4w post dose 2 adult,,,6B (Shared),OG001,2872.0,Geometric Mean Titer of Serotype-specific Opsonophagocytic Activity at 30 Days Following PNEUMOVAX™23
11,outcome_overview_schedule,1 dose adult,2 dose adult,,,6B (Shared),OG001,2872.0,Geometric Mean Titer of Serotype-specific Opsonophagocytic Activity at 30 Days Following PNEUMOVAX™23
11,outcome_overview_time_frame_weeks,4,56,,,6B (Shared),OG001,2872.0,Geometric Mean Titer of Serotype-specific Opsonophagocytic Activity at 30 Days Following PNEUMOVAX™23
12,outcome_overview_dose_description,1m post dose 2 adult,4w post dose 2 adult,,,7F (Shared),OG000,5125.6,Geometric Mean Titer of Serotype-specific Opsonophagocytic Activity at 30 Days Following PNEUMOVAX™23
12,outcome_overview_schedule,1 dose adult,2 dose adult,,,7F (Shared),OG000,5125.6,Geometric Mean Titer of Serotype-specific Opsonophagocytic Activity at 30 Days Following PNEUMOVAX™23
12,outcome_overview_time_frame_weeks,4,56,,,7F (Shared),OG000,5125.6,Geometric Mean Titer of Serotype-specific Opsonophagocytic Activity at 30 Days Following PNEUMOVAX™23
13,outcome_overview_dose_description,1m post dose 2 adult,4w post dose 2 adult,,,7F (Shared),OG001,4848.0,Geometric Mean Titer of Serotype-specific Opsonophagocytic Activity at 30 Days Following PNEUMOVAX™23
13,outcome_overview_schedule,1 dose adult,2 dose adult,,,7F (Shared),OG001,4848.0,Geometric Mean Titer of Serotype-specific Opsonophagocytic Activity at 30 Days Following PNEUMOVAX™23
13,outcome_overview_time_frame_weeks,4,56,,,7F (Shared),OG001,4848.0,Geometric Mean Titer of Serotype-specific Opsonophagocytic Activity at 30 Days Following PNEUMOVAX™23
14,outcome_overview_dose_description,1m post dose 2 adult,4w post dose 2 adult,,,9V (Shared),OG000,2059.5,Geometric Mean Titer of Serotype-specific Opsonophagocytic Activity at 30 Days Following PNEUMOVAX™23
14,outcome_overview_schedule,1 dose adult,2 dose adult,,,9V (Shared),OG000,2059.5,Geometric Mean Titer of Serotype-specific Opsonophagocytic Activity at 30 Days Following PNEUMOVAX™23
14,outcome_overview_time_frame_weeks,4,56,,,9V (Shared),OG000,2059.5,Geometric Mean Titer of Serotype-specific Opsonophagocytic Activity at 30 Days Following PNEUMOVAX™23
15,outcome_overview_dose_description,1m post dose 2 adult,4w post dose 2 adult,,,9V (Shared),OG001,1872.0,Geometric Mean Titer of Serotype-specific Opsonophagocytic Activity at 30 Days Following PNEUMOVAX™23
15,outcome_overview_schedule,1 dose adult,2 dose adult,,,9V (Shared),OG001,1872.0,Geometric Mean Titer of Serotype-specific Opsonophagocytic Activity at 30 Days Following PNEUMOVAX™23
15,outcome_overview_time_frame_weeks,4,56,,,9V (Shared),OG001,1872.0,Geometric Mean Titer of Serotype-specific Opsonophagocytic Activity at 30 Days Following PNEUMOVAX™23
16,outcome_overview_dose_description,1m post dose 2 adult,4w post dose 2 adult,,,14 (Shared),OG000,3370.9,Geometric Mean Titer of Serotype-specific Opsonophagocytic Activity at 30 Days Following PNEUMOVAX™23
16,outcome_overview_schedule,1 dose adult,2 dose adult,,,14 (Shared),OG000,3370.9,Geometric Mean Titer of Serotype-specific Opsonophagocytic Activity at 30 Days Following PNEUMOVAX™23
16,outcome_overview_time_frame_weeks,4,56,,,14 (Shared),OG000,3370.9,Geometric Mean Titer of Serotype-specific Opsonophagocytic Activity at 30 Days Following PNEUMOVAX™23
17,outcome_overview_dose_description,1m post dose 2 adult,4w post dose 2 adult,,,14 (Shared),OG001,2660.5,Geometric Mean Titer of Serotype-specific Opsonophagocytic Activity at 30 Days Following PNEUMOVAX™23
17,outcome_overview_schedule,1 dose adult,2 dose adult,,,14 (Shared),OG001,2660.5,Geometric Mean Titer of Serotype-specific Opsonophagocytic Activity at 30 Days Following PNEUMOVAX™23
17,outcome_overview_time_frame_weeks,4,56,,,14 (Shared),OG001,2660.5,Geometric Mean Titer of Serotype-specific Opsonophagocytic Activity at 30 Days Following PNEUMOVAX™23
18,outcome_overview_dose_description,1m post dose 2 adult,4w post dose 2 adult,,,18C (Shared),OG000,2379.6,Geometric Mean Titer of Serotype-specific Opsonophagocytic Activity at 30 Days Following PNEUMOVAX™23
18,outcome_overview_schedule,1 dose adult,2 dose adult,,,18C (Shared),OG000,2379.6,Geometric Mean Titer of Serotype-specific Opsonophagocytic Activity at 30 Days Following PNEUMOVAX™23
18,outcome_overview_time_frame_weeks,4,56,,,18C (Shared),OG000,2379.6,Geometric Mean Titer of Serotype-specific Opsonophagocytic Activity at 30 Days Following PNEUMOVAX™23
19,outcome_overview_dose_description,1m post dose 2 adult,4w post dose 2 adult,,,18C (Shared),OG001,2103.9,Geometric Mean Titer of Serotype-specific Opsonophagocytic Activity at 30 Days Following PNEUMOVAX™23
19,outcome_overview_schedule,1 dose adult,2 dose adult,,,18C (Shared),OG001,2103.9,Geometric Mean Titer of Serotype-specific Opsonophagocytic Activity at 30 Days Following PNEUMOVAX™23
19,outcome_overview_time_frame_weeks,4,56,,,18C (Shared),OG001,2103.9,Geometric Mean Titer of Serotype-specific Opsonophagocytic Activity at 30 Days Following PNEUMOVAX™23
20,outcome_overview_dose_description,1m post dose 2 adult,4w post dose 2 adult,,,19A (Shared),OG000,3657.1,Geometric Mean Titer of Serotype-specific Opsonophagocytic Activity at 30 Days Following PNEUMOVAX™23
20,outcome_overview_schedule,1 dose adult,2 dose adult,,,19A (Shared),OG000,3657.1,Geometric Mean Titer of Serotype-specific Opsonophagocytic Activity at 30 Days Following PNEUMOVAX™23
20,outcome_overview_time_frame_weeks,4,56,,,19A (Shared),OG000,3657.1,Geometric Mean Titer of Serotype-specific Opsonophagocytic Activity at 30 Days Following PNEUMOVAX™23
21,outcome_overview_dose_description,1m post dose 2 adult,4w post dose 2 adult,,,19A (Shared),OG001,3170.8,Geometric Mean Titer of Serotype-specific Opsonophagocytic Activity at 30 Days Following PNEUMOVAX™23
21,outcome_overview_schedule,1 dose adult,2 dose adult,,,19A (Shared),OG001,3170.8,Geometric Mean Titer of Serotype-specific Opsonophagocytic Activity at 30 Days Following PNEUMOVAX™23
21,outcome_overview_time_frame_weeks,4,56,,,19A (Shared),OG001,3170.8,Geometric Mean Titer of Serotype-specific Opsonophagocytic Activity at 30 Days Following PNEUMOVAX™23
22,outcome_overview_dose_description,1m post dose 2 adult,4w post dose 2 adult,,,19F (Shared),OG000,2229.7,Geometric Mean Titer of Serotype-specific Opsonophagocytic Activity at 30 Days Following PNEUMOVAX™23
22,outcome_overview_schedule,1 dose adult,2 dose adult,,,19F (Shared),OG000,2229.7,Geometric Mean Titer of Serotype-specific Opsonophagocytic Activity at 30 Days Following PNEUMOVAX™23
22,outcome_overview_time_frame_weeks,4,56,,,19F (Shared),OG000,2229.7,Geometric Mean Titer of Serotype-specific Opsonophagocytic Activity at 30 Days Following PNEUMOVAX™23
23,outcome_overview_dose_description,1m post dose 2 adult,4w post dose 2 adult,,,19F (Shared),OG001,2156.2,Geometric Mean Titer of Serotype-specific Opsonophagocytic Activity at 30 Days Following PNEUMOVAX™23
23,outcome_overview_schedule,1 dose adult,2 dose adult,,,19F (Shared),OG001,2156.2,Geometric Mean Titer of Serotype-specific Opsonophagocytic Activity at 30 Days Following PNEUMOVAX™23
23,outcome_overview_time_frame_weeks,4,56,,,19F (Shared),OG001,2156.2,Geometric Mean Titer of Serotype-specific Opsonophagocytic Activity at 30 Days Following PNEUMOVAX™23
24,outcome_overview_dose_description,1m post dose 2 adult,4w post dose 2 adult,,,23F (Shared),OG000,1894.2,Geometric Mean Titer of Serotype-specific Opsonophagocytic Activity at 30 Days Following PNEUMOVAX™23
24,outcome_overview_schedule,1 dose adult,2 dose adult,,,23F (Shared),OG000,1894.2,Geometric Mean Titer of Serotype-specific Opsonophagocytic Activity at 30 Days Following PNEUMOVAX™23
24,outcome_overview_time_frame_weeks,4,56,,,23F (Shared),OG000,1894.2,Geometric Mean Titer of Serotype-specific Opsonophagocytic Activity at 30 Days Following PNEUMOVAX™23
25,outcome_overview_dose_description,1m post dose 2 adult,4w post dose 2 adult,,,23F (Shared),OG001,1485.1,Geometric Mean Titer of Serotype-specific Opsonophagocytic Activity at 30 Days Following PNEUMOVAX™23
25,outcome_overview_schedule,1 dose adult,2 dose adult,,,23F (Shared),OG001,1485.1,Geometric Mean Titer of Serotype-specific Opsonophagocytic Activity at 30 Days Following PNEUMOVAX™23
25,outcome_overview_time_frame_weeks,4,56,,,23F (Shared),OG001,1485.1,Geometric Mean Titer of Serotype-specific Opsonophagocytic Activity at 30 Days Following PNEUMOVAX™23
26,outcome_overview_dose_description,1m post dose 2 adult,4w post dose 2 adult,,,22F (Unique to V114),OG000,3124.4,Geometric Mean Titer of Serotype-specific Opsonophagocytic Activity at 30 Days Following PNEUMOVAX™23
26,outcome_overview_schedule,1 dose adult,2 dose adult,,,22F (Unique to V114),OG000,3124.4,Geometric Mean Titer of Serotype-specific Opsonophagocytic Activity at 30 Days Following PNEUMOVAX™23
26,outcome_overview_time_frame_weeks,4,56,,,22F (Unique to V114),OG000,3124.4,Geometric Mean Titer of Serotype-specific Opsonophagocytic Activity at 30 Days Following PNEUMOVAX™23
27,outcome_overview_dose_description,1m post dose 2 adult,4w post dose 2 adult,,,22F (Unique to V114),OG001,1921.6,Geometric Mean Titer of Serotype-specific Opsonophagocytic Activity at 30 Days Following PNEUMOVAX™23
27,outcome_overview_schedule,1 dose adult,2 dose adult,,,22F (Unique to V114),OG001,1921.6,Geometric Mean Titer of Serotype-specific Opsonophagocytic Activity at 30 Days Following PNEUMOVAX™23
27,outcome_overview_time_frame_weeks,4,56,,,22F (Unique to V114),OG001,1921.6,Geometric Mean Titer of Serotype-specific Opsonophagocytic Activity at 30 Days Following PNEUMOVAX™23
28,outcome_overview_dose_description,1m post dose 2 adult,4w post dose 2 adult,,,33F (Unique to V114),OG000,7881.6,Geometric Mean Titer of Serotype-specific Opsonophagocytic Activity at 30 Days Following PNEUMOVAX™23
28,outcome_overview_schedule,1 dose adult,2 dose adult,,,33F (Unique to V114),OG000,7881.6,Geometric Mean Titer of Serotype-specific Opsonophagocytic Activity at 30 Days Following PNEUMOVAX™23
28,outcome_overview_time_frame_weeks,4,56,,,33F (Unique to V114),OG000,7881.6,Geometric Mean Titer of Serotype-specific Opsonophagocytic Activity at 30 Days Following PNEUMOVAX™23
29,outcome_overview_dose_description,1m post dose 2 adult,4w post dose 2 adult,,,33F (Unique to V114),OG001,8269.9,Geometric Mean Titer of Serotype-specific Opsonophagocytic Activity at 30 Days Following PNEUMOVAX™23
29,outcome_overview_schedule,1 dose adult,2 dose adult,,,33F (Unique to V114),OG001,8269.9,Geometric Mean Titer of Serotype-specific Opsonophagocytic Activity at 30 Days Following PNEUMOVAX™23
29,outcome_overview_time_frame_weeks,4,56,,,33F (Unique to V114),OG001,8269.9,Geometric Mean Titer of Serotype-specific Opsonophagocytic Activity at 30 Days Following PNEUMOVAX™23
30,outcome_overview_dose_description,1m post dose 2 adult,4w post dose 2 adult,,,1 (Shared),OG000,5.21,Geometric Mean Concentration of Serotype-specific Immunoglobulin G at 30 Days Following PNEUMOVAX™23
30,outcome_overview_schedule,1 dose adult,2 dose adult,,,1 (Shared),OG000,5.21,Geometric Mean Concentration of Serotype-specific Immunoglobulin G at 30 Days Following PNEUMOVAX™23
30,outcome_overview_time_frame_weeks,4,56,,,1 (Shared),OG000,5.21,Geometric Mean Concentration of Serotype-specific Immunoglobulin G at 30 Days Following PNEUMOVAX™23
31,outcome_overview_dose_description,1m post dose 2 adult,4w post dose 2 adult,,,1 (Shared),OG001,5.68,Geometric Mean Concentration of Serotype-specific Immunoglobulin G at 30 Days Following PNEUMOVAX™23
31,outcome_overview_schedule,1 dose adult,2 dose adult,,,1 (Shared),OG001,5.68,Geometric Mean Concentration of Serotype-specific Immunoglobulin G at 30 Days Following PNEUMOVAX™23
31,outcome_overview_time_frame_weeks,4,56,,,1 (Shared),OG001,5.68,Geometric Mean Concentration of Serotype-specific Immunoglobulin G at 30 Days Following PNEUMOVAX™23
32,outcome_overview_dose_description,1m post dose 2 adult,4w post dose 2 adult,,,3 (Shared),OG000,1.05,Geometric Mean Concentration of Serotype-specific Immunoglobulin G at 30 Days Following PNEUMOVAX™23
32,outcome_overview_schedule,1 dose adult,2 dose adult,,,3 (Shared),OG000,1.05,Geometric Mean Concentration of Serotype-specific Immunoglobulin G at 30 Days Following PNEUMOVAX™23
32,outcome_overview_time_frame_weeks,4,56,,,3 (Shared),OG000,1.05,Geometric Mean Concentration of Serotype-specific Immunoglobulin G at 30 Days Following PNEUMOVAX™23
33,outcome_overview_dose_description,1m post dose 2 adult,4w post dose 2 adult,,,3 (Shared),OG001,1.05,Geometric Mean Concentration of Serotype-specific Immunoglobulin G at 30 Days Following PNEUMOVAX™23
33,outcome_overview_schedule,1 dose adult,2 dose adult,,,3 (Shared),OG001,1.05,Geometric Mean Concentration of Serotype-specific Immunoglobulin G at 30 Days Following PNEUMOVAX™23
33,outcome_overview_time_frame_weeks,4,56,,,3 (Shared),OG001,1.05,Geometric Mean Concentration of Serotype-specific Immunoglobulin G at 30 Days Following PNEUMOVAX™23
34,outcome_overview_dose_description,1m post dose 2 adult,4w post dose 2 adult,,,4 (Shared),OG000,1.99,Geometric Mean Concentration of Serotype-specific Immunoglobulin G at 30 Days Following PNEUMOVAX™23
34,outcome_overview_schedule,1 dose adult,2 dose adult,,,4 (Shared),OG000,1.99,Geometric Mean Concentration of Serotype-specific Immunoglobulin G at 30 Days Following PNEUMOVAX™23
34,outcome_overview_time_frame_weeks,4,56,,,4 (Shared),OG000,1.99,Geometric Mean Concentration of Serotype-specific Immunoglobulin G at 30 Days Following PNEUMOVAX™23
35,outcome_overview_dose_description,1m post dose 2 adult,4w post dose 2 adult,,,4 (Shared),OG001,2.29,Geometric Mean Concentration of Serotype-specific Immunoglobulin G at 30 Days Following PNEUMOVAX™23
35,outcome_overview_schedule,1 dose adult,2 dose adult,,,4 (Shared),OG001,2.29,Geometric Mean Concentration of Serotype-specific Immunoglobulin G at 30 Days Following PNEUMOVAX™23
35,outcome_overview_time_frame_weeks,4,56,,,4 (Shared),OG001,2.29,Geometric Mean Concentration of Serotype-specific Immunoglobulin G at 30 Days Following PNEUMOVAX™23
36,outcome_overview_dose_description,1m post dose 2 adult,4w post dose 2 adult,,,5 (Shared),OG000,5.77,Geometric Mean Concentration of Serotype-specific Immunoglobulin G at 30 Days Following PNEUMOVAX™23
36,outcome_overview_schedule,1 dose adult,2 dose adult,,,5 (Shared),OG000,5.77,Geometric Mean Concentration of Serotype-specific Immunoglobulin G at 30 Days Following PNEUMOVAX™23
36,outcome_overview_time_frame_weeks,4,56,,,5 (Shared),OG000,5.77,Geometric Mean Concentration of Serotype-specific Immunoglobulin G at 30 Days Following PNEUMOVAX™23
37,outcome_overview_dose_description,1m post dose 2 adult,4w post dose 2 adult,,,5 (Shared),OG001,5.82,Geometric Mean Concentration of Serotype-specific Immunoglobulin G at 30 Days Following PNEUMOVAX™23
37,outcome_overview_schedule,1 dose adult,2 dose adult,,,5 (Shared),OG001,5.82,Geometric Mean Concentration of Serotype-specific Immunoglobulin G at 30 Days Following PNEUMOVAX™23
37,outcome_overview_time_frame_weeks,4,56,,,5 (Shared),OG001,5.82,Geometric Mean Concentration of Serotype-specific Immunoglobulin G at 30 Days Following PNEUMOVAX™23
38,outcome_overview_dose_description,1m post dose 2 adult,4w post dose 2 adult,,,6A (Shared),OG000,4.97,Geometric Mean Concentration of Serotype-specific Immunoglobulin G at 30 Days Following PNEUMOVAX™23
38,outcome_overview_schedule,1 dose adult,2 dose adult,,,6A (Shared),OG000,4.97,Geometric Mean Concentration of Serotype-specific Immunoglobulin G at 30 Days Following PNEUMOVAX™23
38,outcome_overview_time_frame_weeks,4,56,,,6A (Shared),OG000,4.97,Geometric Mean Concentration of Serotype-specific Immunoglobulin G at 30 Days Following PNEUMOVAX™23
39,outcome_overview_dose_description,1m post dose 2 adult,4w post dose 2 adult,,,6A (Shared),OG001,4.28,Geometric Mean Concentration of Serotype-specific Immunoglobulin G at 30 Days Following PNEUMOVAX™23
39,outcome_overview_schedule,1 dose adult,2 dose adult,,,6A (Shared),OG001,4.28,Geometric Mean Concentration of Serotype-specific Immunoglobulin G at 30 Days Following PNEUMOVAX™23
39,outcome_overview_time_frame_weeks,4,56,,,6A (Shared),OG001,4.28,Geometric Mean Concentration of Serotype-specific Immunoglobulin G at 30 Days Following PNEUMOVAX™23
40,outcome_overview_dose_description,1m post dose 2 adult,4w post dose 2 adult,,,6B (Shared),OG000,6.71,Geometric Mean Concentration of Serotype-specific Immunoglobulin G at 30 Days Following PNEUMOVAX™23
40,outcome_overview_schedule,1 dose adult,2 dose adult,,,6B (Shared),OG000,6.71,Geometric Mean Concentration of Serotype-specific Immunoglobulin G at 30 Days Following PNEUMOVAX™23
40,outcome_overview_time_frame_weeks,4,56,,,6B (Shared),OG000,6.71,Geometric Mean Concentration of Serotype-specific Immunoglobulin G at 30 Days Following PNEUMOVAX™23
41,outcome_overview_dose_description,1m post dose 2 adult,4w post dose 2 adult,,,6B (Shared),OG001,5.77,Geometric Mean Concentration of Serotype-specific Immunoglobulin G at 30 Days Following PNEUMOVAX™23
41,outcome_overview_schedule,1 dose adult,2 dose adult,,,6B (Shared),OG001,5.77,Geometric Mean Concentration of Serotype-specific Immunoglobulin G at 30 Days Following PNEUMOVAX™23
41,outcome_overview_time_frame_weeks,4,56,,,6B (Shared),OG001,5.77,Geometric Mean Concentration of Serotype-specific Immunoglobulin G at 30 Days Following PNEUMOVAX™23
42,outcome_overview_dose_description,1m post dose 2 adult,4w post dose 2 adult,,,7F (Shared),OG000,5.99,Geometric Mean Concentration of Serotype-specific Immunoglobulin G at 30 Days Following PNEUMOVAX™23
42,outcome_overview_schedule,1 dose adult,2 dose adult,,,7F (Shared),OG000,5.99,Geometric Mean Concentration of Serotype-specific Immunoglobulin G at 30 Days Following PNEUMOVAX™23
42,outcome_overview_time_frame_weeks,4,56,,,7F (Shared),OG000,5.99,Geometric Mean Concentration of Serotype-specific Immunoglobulin G at 30 Days Following PNEUMOVAX™23
43,outcome_overview_dose_description,1m post dose 2 adult,4w post dose 2 adult,,,7F (Shared),OG001,6.06,Geometric Mean Concentration of Serotype-specific Immunoglobulin G at 30 Days Following PNEUMOVAX™23
43,outcome_overview_schedule,1 dose adult,2 dose adult,,,7F (Shared),OG001,6.06,Geometric Mean Concentration of Serotype-specific Immunoglobulin G at 30 Days Following PNEUMOVAX™23
43,outcome_overview_time_frame_weeks,4,56,,,7F (Shared),OG001,6.06,Geometric Mean Concentration of Serotype-specific Immunoglobulin G at 30 Days Following PNEUMOVAX™23
44,outcome_overview_dose_description,1m post dose 2 adult,4w post dose 2 adult,,,9V (Shared),OG000,4.96,Geometric Mean Concentration of Serotype-specific Immunoglobulin G at 30 Days Following PNEUMOVAX™23
44,outcome_overview_schedule,1 dose adult,2 dose adult,,,9V (Shared),OG000,4.96,Geometric Mean Concentration of Serotype-specific Immunoglobulin G at 30 Days Following PNEUMOVAX™23
44,outcome_overview_time_frame_weeks,4,56,,,9V (Shared),OG000,4.96,Geometric Mean Concentration of Serotype-specific Immunoglobulin G at 30 Days Following PNEUMOVAX™23
45,outcome_overview_dose_description,1m post dose 2 adult,4w post dose 2 adult,,,9V (Shared),OG001,4.75,Geometric Mean Concentration of Serotype-specific Immunoglobulin G at 30 Days Following PNEUMOVAX™23
45,outcome_overview_schedule,1 dose adult,2 dose adult,,,9V (Shared),OG001,4.75,Geometric Mean Concentration of Serotype-specific Immunoglobulin G at 30 Days Following PNEUMOVAX™23
45,outcome_overview_time_frame_weeks,4,56,,,9V (Shared),OG001,4.75,Geometric Mean Concentration of Serotype-specific Immunoglobulin G at 30 Days Following PNEUMOVAX™23
46,outcome_overview_dose_description,1m post dose 2 adult,4w post dose 2 adult,,,14 (Shared),OG000,14.82,Geometric Mean Concentration of Serotype-specific Immunoglobulin G at 30 Days Following PNEUMOVAX™23
46,outcome_overview_schedule,1 dose adult,2 dose adult,,,14 (Shared),OG000,14.82,Geometric Mean Concentration of Serotype-specific Immunoglobulin G at 30 Days Following PNEUMOVAX™23
46,outcome_overview_time_frame_weeks,4,56,,,14 (Shared),OG000,14.82,Geometric Mean Concentration of Serotype-specific Immunoglobulin G at 30 Days Following PNEUMOVAX™23
47,outcome_overview_dose_description,1m post dose 2 adult,4w post dose 2 adult,,,14 (Shared),OG001,12.72,Geometric Mean Concentration of Serotype-specific Immunoglobulin G at 30 Days Following PNEUMOVAX™23
47,outcome_overview_schedule,1 dose adult,2 dose adult,,,14 (Shared),OG001,12.72,Geometric Mean Concentration of Serotype-specific Immunoglobulin G at 30 Days Following PNEUMOVAX™23
47,outcome_overview_time_frame_weeks,4,56,,,14 (Shared),OG001,12.72,Geometric Mean Concentration of Serotype-specific Immunoglobulin G at 30 Days Following PNEUMOVAX™23
48,outcome_overview_dose_description,1m post dose 2 adult,4w post dose 2 adult,,,18C (Shared),OG000,7.31,Geometric Mean Concentration of Serotype-specific Immunoglobulin G at 30 Days Following PNEUMOVAX™23
48,outcome_overview_schedule,1 dose adult,2 dose adult,,,18C (Shared),OG000,7.31,Geometric Mean Concentration of Serotype-specific Immunoglobulin G at 30 Days Following PNEUMOVAX™23
48,outcome_overview_time_frame_weeks,4,56,,,18C (Shared),OG000,7.31,Geometric Mean Concentration of Serotype-specific Immunoglobulin G at 30 Days Following PNEUMOVAX™23
49,outcome_overview_dose_description,1m post dose 2 adult,4w post dose 2 adult,,,18C (Shared),OG001,6.29,Geometric Mean Concentration of Serotype-specific Immunoglobulin G at 30 Days Following PNEUMOVAX™23
49,outcome_overview_schedule,1 dose adult,2 dose adult,,,18C (Shared),OG001,6.29,Geometric Mean Concentration of Serotype-specific Immunoglobulin G at 30 Days Following PNEUMOVAX™23
49,outcome_overview_time_frame_weeks,4,56,,,18C (Shared),OG001,6.29,Geometric Mean Concentration of Serotype-specific Immunoglobulin G at 30 Days Following PNEUMOVAX™23
50,outcome_overview_dose_description,1m post dose 2 adult,4w post dose 2 adult,,,19A (Shared),OG000,13.10,Geometric Mean Concentration of Serotype-specific Immunoglobulin G at 30 Days Following PNEUMOVAX™23
50,outcome_overview_schedule,1 dose adult,2 dose adult,,,19A (Shared),OG000,13.10,Geometric Mean Concentration of Serotype-specific Immunoglobulin G at 30 Days Following PNEUMOVAX™23
50,outcome_overview_time_frame_weeks,4,56,,,19A (Shared),OG000,13.10,Geometric Mean Concentration of Serotype-specific Immunoglobulin G at 30 Days Following PNEUMOVAX™23
51,outcome_overview_dose_description,1m post dose 2 adult,4w post dose 2 adult,,,19A (Shared),OG001,11.88,Geometric Mean Concentration of Serotype-specific Immunoglobulin G at 30 Days Following PNEUMOVAX™23
51,outcome_overview_schedule,1 dose adult,2 dose adult,,,19A (Shared),OG001,11.88,Geometric Mean Concentration of Serotype-specific Immunoglobulin G at 30 Days Following PNEUMOVAX™23
51,outcome_overview_time_frame_weeks,4,56,,,19A (Shared),OG001,11.88,Geometric Mean Concentration of Serotype-specific Immunoglobulin G at 30 Days Following PNEUMOVAX™23
52,outcome_overview_dose_description,1m post dose 2 adult,4w post dose 2 adult,,,19F (Shared),OG000,9.38,Geometric Mean Concentration of Serotype-specific Immunoglobulin G at 30 Days Following PNEUMOVAX™23
52,outcome_overview_schedule,1 dose adult,2 dose adult,,,19F (Shared),OG000,9.38,Geometric Mean Concentration of Serotype-specific Immunoglobulin G at 30 Days Following PNEUMOVAX™23
52,outcome_overview_time_frame_weeks,4,56,,,19F (Shared),OG000,9.38,Geometric Mean Concentration of Serotype-specific Immunoglobulin G at 30 Days Following PNEUMOVAX™23
53,outcome_overview_dose_description,1m post dose 2 adult,4w post dose 2 adult,,,19F (Shared),OG001,8.62,Geometric Mean Concentration of Serotype-specific Immunoglobulin G at 30 Days Following PNEUMOVAX™23
53,outcome_overview_schedule,1 dose adult,2 dose adult,,,19F (Shared),OG001,8.62,Geometric Mean Concentration of Serotype-specific Immunoglobulin G at 30 Days Following PNEUMOVAX™23
53,outcome_overview_time_frame_weeks,4,56,,,19F (Shared),OG001,8.62,Geometric Mean Concentration of Serotype-specific Immunoglobulin G at 30 Days Following PNEUMOVAX™23
54,outcome_overview_dose_description,1m post dose 2 adult,4w post dose 2 adult,,,23F (Shared),OG000,4.83,Geometric Mean Concentration of Serotype-specific Immunoglobulin G at 30 Days Following PNEUMOVAX™23
54,outcome_overview_schedule,1 dose adult,2 dose adult,,,23F (Shared),OG000,4.83,Geometric Mean Concentration of Serotype-specific Immunoglobulin G at 30 Days Following PNEUMOVAX™23
54,outcome_overview_time_frame_weeks,4,56,,,23F (Shared),OG000,4.83,Geometric Mean Concentration of Serotype-specific Immunoglobulin G at 30 Days Following PNEUMOVAX™23
55,outcome_overview_dose_description,1m post dose 2 adult,4w post dose 2 adult,,,23F (Shared),OG001,4.24,Geometric Mean Concentration of Serotype-specific Immunoglobulin G at 30 Days Following PNEUMOVAX™23
55,outcome_overview_schedule,1 dose adult,2 dose adult,,,23F (Shared),OG001,4.24,Geometric Mean Concentration of Serotype-specific Immunoglobulin G at 30 Days Following PNEUMOVAX™23
55,outcome_overview_time_frame_weeks,4,56,,,23F (Shared),OG001,4.24,Geometric Mean Concentration of Serotype-specific Immunoglobulin G at 30 Days Following PNEUMOVAX™23
56,outcome_overview_dose_description,1m post dose 2 adult,4w post dose 2 adult,,,22F (Unique to V114),OG000,4.85,Geometric Mean Concentration of Serotype-specific Immunoglobulin G at 30 Days Following PNEUMOVAX™23
56,outcome_overview_schedule,1 dose adult,2 dose adult,,,22F (Unique to V114),OG000,4.85,Geometric Mean Concentration of Serotype-specific Immunoglobulin G at 30 Days Following PNEUMOVAX™23
56,outcome_overview_time_frame_weeks,4,56,,,22F (Unique to V114),OG000,4.85,Geometric Mean Concentration of Serotype-specific Immunoglobulin G at 30 Days Following PNEUMOVAX™23
57,outcome_overview_dose_description,1m post dose 2 adult,4w post dose 2 adult,,,22F (Unique to V114),OG001,3.39,Geometric Mean Concentration of Serotype-specific Immunoglobulin G at 30 Days Following PNEUMOVAX™23
57,outcome_overview_schedule,1 dose adult,2 dose adult,,,22F (Unique to V114),OG001,3.39,Geometric Mean Concentration of Serotype-specific Immunoglobulin G at 30 Days Following PNEUMOVAX™23
57,outcome_overview_time_frame_weeks,4,56,,,22F (Unique to V114),OG001,3.39,Geometric Mean Concentration of Serotype-specific Immunoglobulin G at 30 Days Following PNEUMOVAX™23
58,outcome_overview_dose_description,1m post dose 2 adult,4w post dose 2 adult,,,33F (Unique to V114),OG000,10.60,Geometric Mean Concentration of Serotype-specific Immunoglobulin G at 30 Days Following PNEUMOVAX™23
58,outcome_overview_schedule,1 dose adult,2 dose adult,,,33F (Unique to V114),OG000,10.60,Geometric Mean Concentration of Serotype-specific Immunoglobulin G at 30 Days Following PNEUMOVAX™23
58,outcome_overview_time_frame_weeks,4,56,,,33F (Unique to V114),OG000,10.60,Geometric Mean Concentration of Serotype-specific Immunoglobulin G at 30 Days Following PNEUMOVAX™23
59,outcome_overview_dose_description,1m post dose 2 adult,4w post dose 2 adult,,,33F (Unique to V114),OG001,13.30,Geometric Mean Concentration of Serotype-specific Immunoglobulin G at 30 Days Following PNEUMOVAX™23
59,outcome_overview_schedule,1 dose adult,2 dose adult,,,33F (Unique to V114),OG001,13.30,Geometric Mean Concentration of Serotype-specific Immunoglobulin G at 30 Days Following PNEUMOVAX™23
59,outcome_overview_time_frame_weeks,4,56,,,33F (Unique to V114),OG001,13.30,Geometric Mean Concentration of Serotype-specific Immunoglobulin G at 30 Days Following PNEUMOVAX™23
60,outcome_overview_schedule,1 dose adult,2 dose adult,,,1 (Shared),OG000,361.6,GMT of Serotype-specific OPA at Day 30
61,outcome_overview_schedule,1 dose adult,2 dose adult,,,1 (Shared),OG001,296.2,GMT of Serotype-specific OPA at Day 30
62,outcome_overview_schedule,1 dose adult,2 dose adult,,,3 (Shared),OG000,245.4,GMT of Serotype-specific OPA at Day 30
63,outcome_overview_schedule,1 dose adult,2 dose adult,,,3 (Shared),OG001,129.4,GMT of Serotype-specific OPA at Day 30
64,outcome_overview_schedule,1 dose adult,2 dose adult,,,4 (Shared),OG000,1280.4,GMT of Serotype-specific OPA at Day 30
65,outcome_overview_schedule,1 dose adult,2 dose adult,,,4 (Shared),OG001,1685.9,GMT of Serotype-specific OPA at Day 30
66,outcome_overview_schedule,1 dose adult,2 dose adult,,,5 (Shared),OG000,699.0,GMT of Serotype-specific OPA at Day 30
67,outcome_overview_schedule,1 dose adult,2 dose adult,,,5 (Shared),OG001,655.9,GMT of Serotype-specific OPA at Day 30
68,outcome_overview_schedule,1 dose adult,2 dose adult,,,6A (Shared),OG000,7352.8,GMT of Serotype-specific OPA at Day 30
69,outcome_overview_schedule,1 dose adult,2 dose adult,,,6A (Shared),OG001,6184.2,GMT of Serotype-specific OPA at Day 30
70,outcome_overview_schedule,1 dose adult,2 dose adult,,,6B (Shared),OG000,5958.1,GMT of Serotype-specific OPA at Day 30
71,outcome_overview_schedule,1 dose adult,2 dose adult,,,6B (Shared),OG001,3631.2,GMT of Serotype-specific OPA at Day 30
72,outcome_overview_schedule,1 dose adult,2 dose adult,,,7F (Shared),OG000,4966.9,GMT of Serotype-specific OPA at Day 30
73,outcome_overview_schedule,1 dose adult,2 dose adult,,,7F (Shared),OG001,5207.6,GMT of Serotype-specific OPA at Day 30
74,outcome_overview_schedule,1 dose adult,2 dose adult,,,9V (Shared),OG000,2329.9,GMT of Serotype-specific OPA at Day 30
75,outcome_overview_schedule,1 dose adult,2 dose adult,,,9V (Shared),OG001,2293.0,GMT of Serotype-specific OPA at Day 30
76,outcome_overview_schedule,1 dose adult,2 dose adult,,,14 (Shared),OG000,2677.3,GMT of Serotype-specific OPA at Day 30
77,outcome_overview_schedule,1 dose adult,2 dose adult,,,14 (Shared),OG001,2458.1,GMT of Serotype-specific OPA at Day 30
78,outcome_overview_schedule,1 dose adult,2 dose adult,,,18C (Shared),OG000,4298.2,GMT of Serotype-specific OPA at Day 30
79,outcome_overview_schedule,1 dose adult,2 dose adult,,,18C (Shared),OG001,2896.3,GMT of Serotype-specific OPA at Day 30
80,outcome_overview_schedule,1 dose adult,2 dose adult,,,19A (Shared),OG000,4856.1,GMT of Serotype-specific OPA at Day 30
81,outcome_overview_schedule,1 dose adult,2 dose adult,,,19A (Shared),OG001,3783.0,GMT of Serotype-specific OPA at Day 30
82,outcome_overview_schedule,1 dose adult,2 dose adult,,,19F (Shared),OG000,2418.8,GMT of Serotype-specific OPA at Day 30
83,outcome_overview_schedule,1 dose adult,2 dose adult,,,19F (Shared),OG001,2203.5,GMT of Serotype-specific OPA at Day 30
84,outcome_overview_schedule,1 dose adult,2 dose adult,,,23F (Shared),OG000,2648.7,GMT of Serotype-specific OPA at Day 30
85,outcome_overview_schedule,1 dose adult,2 dose adult,,,23F (Shared),OG001,1726.9,GMT of Serotype-specific OPA at Day 30
86,outcome_overview_schedule,1 dose adult,2 dose adult,,,22F (Unique to V114),OG000,3471.1,GMT of Serotype-specific OPA at Day 30
87,outcome_overview_schedule,1 dose adult,2 dose adult,,,22F (Unique to V114),OG001,99.6,GMT of Serotype-specific OPA at Day 30
88,outcome_overview_schedule,1 dose adult,2 dose adult,,,33F (Unique to V114),OG000,11392.4,GMT of Serotype-specific OPA at Day 30
89,outcome_overview_schedule,1 dose adult,2 dose adult,,,33F (Unique to V114),OG001,1244.7,GMT of Serotype-specific OPA at Day 30
90,outcome_overview_schedule,1 dose adult,2 dose adult,,,1 (Shared),OG000,6.97,GMC of Serotype-specific IgG at Day 30
91,outcome_overview_schedule,1 dose adult,2 dose adult,,,1 (Shared),OG001,7.86,GMC of Serotype-specific IgG at Day 30
92,outcome_overview_schedule,1 dose adult,2 dose adult,,,3 (Shared),OG000,1.02,GMC of Serotype-specific IgG at Day 30
93,outcome_overview_schedule,1 dose adult,2 dose adult,,,3 (Shared),OG001,0.59,GMC of Serotype-specific IgG at Day 30
94,outcome_overview_schedule,1 dose adult,2 dose adult,,,4 (Shared),OG000,2.36,GMC of Serotype-specific IgG at Day 30
95,outcome_overview_schedule,1 dose adult,2 dose adult,,,4 (Shared),OG001,2.98,GMC of Serotype-specific IgG at Day 30
96,outcome_overview_schedule,1 dose adult,2 dose adult,,,5 (Shared),OG000,5.43,GMC of Serotype-specific IgG at Day 30
97,outcome_overview_schedule,1 dose adult,2 dose adult,,,5 (Shared),OG001,5.21,GMC of Serotype-specific IgG at Day 30
98,outcome_overview_schedule,1 dose adult,2 dose adult,,,6A (Shared),OG000,11.48,GMC of Serotype-specific IgG at Day 30
99,outcome_overview_schedule,1 dose adult,2 dose adult,,,6A (Shared),OG001,8.22,GMC of Serotype-specific IgG at Day 30
100,outcome_overview_schedule,1 dose adult,2 dose adult,,,6B (Shared),OG000,13.69,GMC of Serotype-specific IgG at Day 30
101,outcome_overview_schedule,1 dose adult,2 dose adult,,,6B (Shared),OG001,8.35,GMC of Serotype-specific IgG at Day 30
102,outcome_overview_schedule,1 dose adult,2 dose adult,,,7F (Shared),OG000,7.14,GMC of Serotype-specific IgG at Day 30
103,outcome_overview_schedule,1 dose adult,2 dose adult,,,7F (Shared),OG001,7.82,GMC of Serotype-specific IgG at Day 30
104,outcome_overview_schedule,1 dose adult,2 dose adult,,,9V (Shared),OG000,6.10,GMC of Serotype-specific IgG at Day 30
105,outcome_overview_schedule,1 dose adult,2 dose adult,,,9V (Shared),OG001,5.39,GMC of Serotype-specific IgG at Day 30
106,outcome_overview_schedule,1 dose adult,2 dose adult,,,14 (Shared),OG000,12.68,GMC of Serotype-specific IgG at Day 30
107,outcome_overview_schedule,1 dose adult,2 dose adult,,,14 (Shared),OG001,11.59,GMC of Serotype-specific IgG at Day 30
108,outcome_overview_schedule,1 dose adult,2 dose adult,,,18C (Shared),OG000,16.67,GMC of Serotype-specific IgG at Day 30
109,outcome_overview_schedule,1 dose adult,2 dose adult,,,18C (Shared),OG001,10.66,GMC of Serotype-specific IgG at Day 30
110,outcome_overview_schedule,1 dose adult,2 dose adult,,,19A (Shared),OG000,18.59,GMC of Serotype-specific IgG at Day 30
111,outcome_overview_schedule,1 dose adult,2 dose adult,,,19A (Shared),OG001,16.48,GMC of Serotype-specific IgG at Day 30
112,outcome_overview_schedule,1 dose adult,2 dose adult,,,19F (Shared),OG000,12.00,GMC of Serotype-specific IgG at Day 30
113,outcome_overview_schedule,1 dose adult,2 dose adult,,,19F (Shared),OG001,10.53,GMC of Serotype-specific IgG at Day 30
114,outcome_overview_schedule,1 dose adult,2 dose adult,,,23F (Shared),OG000,9.76,GMC of Serotype-specific IgG at Day 30
115,outcome_overview_schedule,1 dose adult,2 dose adult,,,23F (Shared),OG001,6.07,GMC of Serotype-specific IgG at Day 30
116,outcome_overview_schedule,1 dose adult,2 dose adult,,,22F (Unique to V114),OG000,5.07,GMC of Serotype-specific IgG at Day 30
117,outcome_overview_schedule,1 dose adult,2 dose adult,,,22F (Unique to V114),OG001,0.31,GMC of Serotype-specific IgG at Day 30
118,outcome_overview_schedule,1 dose adult,2 dose adult,,,33F (Unique to V114),OG000,14.31,GMC of Serotype-specific IgG at Day 30
119,outcome_overview_schedule,1 dose adult,2 dose adult,,,33F (Unique to V114),OG001,1.12,GMC of Serotype-specific IgG at Day 30
120,outcome_overview_schedule,1 dose adult,2 dose adult,,,1 (Shared),OG000,22.3,Geometric Mean Fold Rise in Serotype-specific OPA Day 1 to Day 30
121,outcome_overview_schedule,1 dose adult,2 dose adult,,,1 (Shared),OG001,16.7,Geometric Mean Fold Rise in Serotype-specific OPA Day 1 to Day 30
122,outcome_overview_schedule,1 dose adult,2 dose adult,,,3 (Shared),OG000,8.0,Geometric Mean Fold Rise in Serotype-specific OPA Day 1 to Day 30
123,outcome_overview_schedule,1 dose adult,2 dose adult,,,3 (Shared),OG001,4.4,Geometric Mean Fold Rise in Serotype-specific OPA Day 1 to Day 30
124,outcome_overview_schedule,1 dose adult,2 dose adult,,,4 (Shared),OG000,18.3,Geometric Mean Fold Rise in Serotype-specific OPA Day 1 to Day 30
125,outcome_overview_schedule,1 dose adult,2 dose adult,,,4 (Shared),OG001,23.3,Geometric Mean Fold Rise in Serotype-specific OPA Day 1 to Day 30
126,outcome_overview_schedule,1 dose adult,2 dose adult,,,5 (Shared),OG000,17.2,Geometric Mean Fold Rise in Serotype-specific OPA Day 1 to Day 30
127,outcome_overview_schedule,1 dose adult,2 dose adult,,,5 (Shared),OG001,16.2,Geometric Mean Fold Rise in Serotype-specific OPA Day 1 to Day 30
128,outcome_overview_schedule,1 dose adult,2 dose adult,,,6A (Shared),OG000,17.4,Geometric Mean Fold Rise in Serotype-specific OPA Day 1 to Day 30
129,outcome_overview_schedule,1 dose adult,2 dose adult,,,6A (Shared),OG001,13.9,Geometric Mean Fold Rise in Serotype-specific OPA Day 1 to Day 30
130,outcome_overview_schedule,1 dose adult,2 dose adult,,,6B (Shared),OG000,28.5,Geometric Mean Fold Rise in Serotype-specific OPA Day 1 to Day 30
131,outcome_overview_schedule,1 dose adult,2 dose adult,,,6B (Shared),OG001,18.4,Geometric Mean Fold Rise in Serotype-specific OPA Day 1 to Day 30
132,outcome_overview_schedule,1 dose adult,2 dose adult,,,7F (Shared),OG000,10.7,Geometric Mean Fold Rise in Serotype-specific OPA Day 1 to Day 30
133,outcome_overview_schedule,1 dose adult,2 dose adult,,,7F (Shared),OG001,10.5,Geometric Mean Fold Rise in Serotype-specific OPA Day 1 to Day 30
134,outcome_overview_schedule,1 dose adult,2 dose adult,,,9V (Shared),OG000,6.1,Geometric Mean Fold Rise in Serotype-specific OPA Day 1 to Day 30
135,outcome_overview_schedule,1 dose adult,2 dose adult,,,9V (Shared),OG001,5.6,Geometric Mean Fold Rise in Serotype-specific OPA Day 1 to Day 30
136,outcome_overview_schedule,1 dose adult,2 dose adult,,,14 (Shared),OG000,6.6,Geometric Mean Fold Rise in Serotype-specific OPA Day 1 to Day 30
137,outcome_overview_schedule,1 dose adult,2 dose adult,,,14 (Shared),OG001,6.0,Geometric Mean Fold Rise in Serotype-specific OPA Day 1 to Day 30
138,outcome_overview_schedule,1 dose adult,2 dose adult,,,18C (Shared),OG000,18.1,Geometric Mean Fold Rise in Serotype-specific OPA Day 1 to Day 30
139,outcome_overview_schedule,1 dose adult,2 dose adult,,,18C (Shared),OG001,12.2,Geometric Mean Fold Rise in Serotype-specific OPA Day 1 to Day 30
140,outcome_overview_schedule,1 dose adult,2 dose adult,,,19A (Shared),OG000,13.4,Geometric Mean Fold Rise in Serotype-specific OPA Day 1 to Day 30
141,outcome_overview_schedule,1 dose adult,2 dose adult,,,19A (Shared),OG001,10.0,Geometric Mean Fold Rise in Serotype-specific OPA Day 1 to Day 30
142,outcome_overview_schedule,1 dose adult,2 dose adult,,,19F (Shared),OG000,7.8,Geometric Mean Fold Rise in Serotype-specific OPA Day 1 to Day 30
143,outcome_overview_schedule,1 dose adult,2 dose adult,,,19F (Shared),OG001,6.4,Geometric Mean Fold Rise in Serotype-specific OPA Day 1 to Day 30
144,outcome_overview_schedule,1 dose adult,2 dose adult,,,23F (Shared),OG000,18.8,Geometric Mean Fold Rise in Serotype-specific OPA Day 1 to Day 30
145,outcome_overview_schedule,1 dose adult,2 dose adult,,,23F (Shared),OG001,12.2,Geometric Mean Fold Rise in Serotype-specific OPA Day 1 to Day 30
146,outcome_overview_schedule,1 dose adult,2 dose adult,,,22F (Unique to V114),OG000,32.5,Geometric Mean Fold Rise in Serotype-specific OPA Day 1 to Day 30
147,outcome_overview_schedule,1 dose adult,2 dose adult,,,22F (Unique to V114),OG001,1.1,Geometric Mean Fold Rise in Serotype-specific OPA Day 1 to Day 30
148,outcome_overview_schedule,1 dose adult,2 dose adult,,,33F (Unique to V114),OG000,8.3,Geometric Mean Fold Rise in Serotype-specific OPA Day 1 to Day 30
149,outcome_overview_schedule,1 dose adult,2 dose adult,,,33F (Unique to V114),OG001,0.9,Geometric Mean Fold Rise in Serotype-specific OPA Day 1 to Day 30
150,outcome_overview_schedule,1 dose adult,2 dose adult,,,1 (Shared),OG000,13.0,GMFR in Serotype-specific IgG Day 1 to Day 30
151,outcome_overview_schedule,1 dose adult,2 dose adult,,,1 (Shared),OG001,14.4,GMFR in Serotype-specific IgG Day 1 to Day 30
152,outcome_overview_schedule,1 dose adult,2 dose adult,,,3 (Shared),OG000,6.7,GMFR in Serotype-specific IgG Day 1 to Day 30
153,outcome_overview_schedule,1 dose adult,2 dose adult,,,3 (Shared),OG001,3.9,GMFR in Serotype-specific IgG Day 1 to Day 30
154,outcome_overview_schedule,1 dose adult,2 dose adult,,,4 (Shared),OG000,10.1,GMFR in Serotype-specific IgG Day 1 to Day 30
155,outcome_overview_schedule,1 dose adult,2 dose adult,,,4 (Shared),OG001,12.4,GMFR in Serotype-specific IgG Day 1 to Day 30
156,outcome_overview_schedule,1 dose adult,2 dose adult,,,5 (Shared),OG000,5.6,GMFR in Serotype-specific IgG Day 1 to Day 30
157,outcome_overview_schedule,1 dose adult,2 dose adult,,,5 (Shared),OG001,5.2,GMFR in Serotype-specific IgG Day 1 to Day 30
158,outcome_overview_schedule,1 dose adult,2 dose adult,,,6A (Shared),OG000,30.2,GMFR in Serotype-specific IgG Day 1 to Day 30
159,outcome_overview_schedule,1 dose adult,2 dose adult,,,6A (Shared),OG001,20.8,GMFR in Serotype-specific IgG Day 1 to Day 30
160,outcome_overview_schedule,1 dose adult,2 dose adult,,,6B (Shared),OG000,28.2,GMFR in Serotype-specific IgG Day 1 to Day 30
161,outcome_overview_schedule,1 dose adult,2 dose adult,,,6B (Shared),OG001,17.1,GMFR in Serotype-specific IgG Day 1 to Day 30
162,outcome_overview_schedule,1 dose adult,2 dose adult,,,7F (Shared),OG000,13.6,GMFR in Serotype-specific IgG Day 1 to Day 30
163,outcome_overview_schedule,1 dose adult,2 dose adult,,,7F (Shared),OG001,14.3,GMFR in Serotype-specific IgG Day 1 to Day 30
164,outcome_overview_schedule,1 dose adult,2 dose adult,,,9V (Shared),OG000,11.7,GMFR in Serotype-specific IgG Day 1 to Day 30
165,outcome_overview_schedule,1 dose adult,2 dose adult,,,9V (Shared),OG001,10.3,GMFR in Serotype-specific IgG Day 1 to Day 30
166,outcome_overview_schedule,1 dose adult,2 dose adult,,,14 (Shared),OG000,6.6,GMFR in Serotype-specific IgG Day 1 to Day 30
167,outcome_overview_schedule,1 dose adult,2 dose adult,,,14 (Shared),OG001,6.3,GMFR in Serotype-specific IgG Day 1 to Day 30
168,outcome_overview_schedule,1 dose adult,2 dose adult,,,18C (Shared),OG000,22.4,GMFR in Serotype-specific IgG Day 1 to Day 30
169,outcome_overview_schedule,1 dose adult,2 dose adult,,,18C (Shared),OG001,13.7,GMFR in Serotype-specific IgG Day 1 to Day 30
170,outcome_overview_schedule,1 dose adult,2 dose adult,,,19A (Shared),OG000,11.3,GMFR in Serotype-specific IgG Day 1 to Day 30
171,outcome_overview_schedule,1 dose adult,2 dose adult,,,19A (Shared),OG001,9.5,GMFR in Serotype-specific IgG Day 1 to Day 30
172,outcome_overview_schedule,1 dose adult,2 dose adult,,,19F (Shared),OG000,14.2,GMFR in Serotype-specific IgG Day 1 to Day 30
173,outcome_overview_schedule,1 dose adult,2 dose adult,,,19F (Shared),OG001,11.9,GMFR in Serotype-specific IgG Day 1 to Day 30
174,outcome_overview_schedule,1 dose adult,2 dose adult,,,23F (Shared),OG000,17.7,GMFR in Serotype-specific IgG Day 1 to Day 30
175,outcome_overview_schedule,1 dose adult,2 dose adult,,,23F (Shared),OG001,11.0,GMFR in Serotype-specific IgG Day 1 to Day 30
176,outcome_overview_schedule,1 dose adult,2 dose adult,,,22F (Unique to V114),OG000,14.9,GMFR in Serotype-specific IgG Day 1 to Day 30
177,outcome_overview_schedule,1 dose adult,2 dose adult,,,22F (Unique to V114),OG001,0.9,GMFR in Serotype-specific IgG Day 1 to Day 30
178,outcome_overview_schedule,1 dose adult,2 dose adult,,,33F (Unique to V114),OG000,11.1,GMFR in Serotype-specific IgG Day 1 to Day 30
179,outcome_overview_schedule,1 dose adult,2 dose adult,,,33F (Unique to V114),OG001,0.8,GMFR in Serotype-specific IgG Day 1 to Day 30
180,outcome_overview_schedule,1 dose adult,2 dose adult,,,1 (Shared),OG000,83.4,Percentage of Participants With ≥4-Fold Rise in Serotype-specific OPA Titer Day 1 to Day 30
181,outcome_overview_schedule,1 dose adult,2 dose adult,,,1 (Shared),OG001,76.1,Percentage of Participants With ≥4-Fold Rise in Serotype-specific OPA Titer Day 1 to Day 30
182,outcome_overview_schedule,1 dose adult,2 dose adult,,,3 (Shared),OG000,72.1,Percentage of Participants With ≥4-Fold Rise in Serotype-specific OPA Titer Day 1 to Day 30
183,outcome_overview_schedule,1 dose adult,2 dose adult,,,3 (Shared),OG001,51.1,Percentage of Participants With ≥4-Fold Rise in Serotype-specific OPA Titer Day 1 to Day 30
184,outcome_overview_schedule,1 dose adult,2 dose adult,,,4 (Shared),OG000,79.3,Percentage of Participants With ≥4-Fold Rise in Serotype-specific OPA Titer Day 1 to Day 30
185,outcome_overview_schedule,1 dose adult,2 dose adult,,,4 (Shared),OG001,84.6,Percentage of Participants With ≥4-Fold Rise in Serotype-specific OPA Titer Day 1 to Day 30
186,outcome_overview_schedule,1 dose adult,2 dose adult,,,5 (Shared),OG000,76.8,Percentage of Participants With ≥4-Fold Rise in Serotype-specific OPA Titer Day 1 to Day 30
187,outcome_overview_schedule,1 dose adult,2 dose adult,,,5 (Shared),OG001,79.0,Percentage of Participants With ≥4-Fold Rise in Serotype-specific OPA Titer Day 1 to Day 30
188,outcome_overview_schedule,1 dose adult,2 dose adult,,,6A (Shared),OG000,79.2,Percentage of Participants With ≥4-Fold Rise in Serotype-specific OPA Titer Day 1 to Day 30
189,outcome_overview_schedule,1 dose adult,2 dose adult,,,6A (Shared),OG001,78.1,Percentage of Participants With ≥4-Fold Rise in Serotype-specific OPA Titer Day 1 to Day 30
190,outcome_overview_schedule,1 dose adult,2 dose adult,,,6B (Shared),OG000,83.4,Percentage of Participants With ≥4-Fold Rise in Serotype-specific OPA Titer Day 1 to Day 30
191,outcome_overview_schedule,1 dose adult,2 dose adult,,,6B (Shared),OG001,76.1,Percentage of Participants With ≥4-Fold Rise in Serotype-specific OPA Titer Day 1 to Day 30
192,outcome_overview_schedule,1 dose adult,2 dose adult,,,7F (Shared),OG000,67.2,Percentage of Participants With ≥4-Fold Rise in Serotype-specific OPA Titer Day 1 to Day 30
193,outcome_overview_schedule,1 dose adult,2 dose adult,,,7F (Shared),OG001,65.9,Percentage of Participants With ≥4-Fold Rise in Serotype-specific OPA Titer Day 1 to Day 30
194,outcome_overview_schedule,1 dose adult,2 dose adult,,,9V (Shared),OG000,61.2,Percentage of Participants With ≥4-Fold Rise in Serotype-specific OPA Titer Day 1 to Day 30
195,outcome_overview_schedule,1 dose adult,2 dose adult,,,9V (Shared),OG001,56.8,Percentage of Participants With ≥4-Fold Rise in Serotype-specific OPA Titer Day 1 to Day 30
196,outcome_overview_schedule,1 dose adult,2 dose adult,,,14 (Shared),OG000,53.0,Percentage of Participants With ≥4-Fold Rise in Serotype-specific OPA Titer Day 1 to Day 30
197,outcome_overview_schedule,1 dose adult,2 dose adult,,,14 (Shared),OG001,53.2,Percentage of Participants With ≥4-Fold Rise in Serotype-specific OPA Titer Day 1 to Day 30
198,outcome_overview_schedule,1 dose adult,2 dose adult,,,18C (Shared),OG000,83.4,Percentage of Participants With ≥4-Fold Rise in Serotype-specific OPA Titer Day 1 to Day 30
199,outcome_overview_schedule,1 dose adult,2 dose adult,,,18C (Shared),OG001,74.2,Percentage of Participants With ≥4-Fold Rise in Serotype-specific OPA Titer Day 1 to Day 30
200,outcome_overview_schedule,1 dose adult,2 dose adult,,,19A (Shared),OG000,70.4,Percentage of Participants With ≥4-Fold Rise in Serotype-specific OPA Titer Day 1 to Day 30
201,outcome_overview_schedule,1 dose adult,2 dose adult,,,19A (Shared),OG001,69.6,Percentage of Participants With ≥4-Fold Rise in Serotype-specific OPA Titer Day 1 to Day 30
202,outcome_overview_schedule,1 dose adult,2 dose adult,,,19F (Shared),OG000,63.4,Percentage of Participants With ≥4-Fold Rise in Serotype-specific OPA Titer Day 1 to Day 30
203,outcome_overview_schedule,1 dose adult,2 dose adult,,,19F (Shared),OG001,56.2,Percentage of Participants With ≥4-Fold Rise in Serotype-specific OPA Titer Day 1 to Day 30
204,outcome_overview_schedule,1 dose adult,2 dose adult,,,23F (Shared),OG000,79.2,Percentage of Participants With ≥4-Fold Rise in Serotype-specific OPA Titer Day 1 to Day 30
205,outcome_overview_schedule,1 dose adult,2 dose adult,,,23F (Shared),OG001,70.8,Percentage of Participants With ≥4-Fold Rise in Serotype-specific OPA Titer Day 1 to Day 30
206,outcome_overview_schedule,1 dose adult,2 dose adult,,,22F (Unique to V114),OG000,72.8,Percentage of Participants With ≥4-Fold Rise in Serotype-specific OPA Titer Day 1 to Day 30
207,outcome_overview_schedule,1 dose adult,2 dose adult,,,22F (Unique to V114),OG001,16.5,Percentage of Participants With ≥4-Fold Rise in Serotype-specific OPA Titer Day 1 to Day 30
208,outcome_overview_schedule,1 dose adult,2 dose adult,,,33F (Unique to V114),OG000,61.3,Percentage of Participants With ≥4-Fold Rise in Serotype-specific OPA Titer Day 1 to Day 30
209,outcome_overview_schedule,1 dose adult,2 dose adult,,,33F (Unique to V114),OG001,3.0,Percentage of Participants With ≥4-Fold Rise in Serotype-specific OPA Titer Day 1 to Day 30
210,outcome_overview_schedule,1 dose adult,2 dose adult,,,1 (Shared),OG000,74.9,Percentage of Participants With ≥4-Fold Rise in Serotype-specific IgG Concentration Day 1 to Day 30
211,outcome_overview_schedule,1 dose adult,2 dose adult,,,1 (Shared),OG001,80.8,Percentage of Participants With ≥4-Fold Rise in Serotype-specific IgG Concentration Day 1 to Day 30
212,outcome_overview_schedule,1 dose adult,2 dose adult,,,3 (Shared),OG000,62.4,Percentage of Participants With ≥4-Fold Rise in Serotype-specific IgG Concentration Day 1 to Day 30
213,outcome_overview_schedule,1 dose adult,2 dose adult,,,3 (Shared),OG001,42.8,Percentage of Participants With ≥4-Fold Rise in Serotype-specific IgG Concentration Day 1 to Day 30
214,outcome_overview_schedule,1 dose adult,2 dose adult,,,4 (Shared),OG000,71.4,Percentage of Participants With ≥4-Fold Rise in Serotype-specific IgG Concentration Day 1 to Day 30
215,outcome_overview_schedule,1 dose adult,2 dose adult,,,4 (Shared),OG001,74.2,Percentage of Participants With ≥4-Fold Rise in Serotype-specific IgG Concentration Day 1 to Day 30
216,outcome_overview_schedule,1 dose adult,2 dose adult,,,5 (Shared),OG000,52.4,Percentage of Participants With ≥4-Fold Rise in Serotype-specific IgG Concentration Day 1 to Day 30
217,outcome_overview_schedule,1 dose adult,2 dose adult,,,5 (Shared),OG001,49.4,Percentage of Participants With ≥4-Fold Rise in Serotype-specific IgG Concentration Day 1 to Day 30
218,outcome_overview_schedule,1 dose adult,2 dose adult,,,6A (Shared),OG000,88.4,Percentage of Participants With ≥4-Fold Rise in Serotype-specific IgG Concentration Day 1 to Day 30
219,outcome_overview_schedule,1 dose adult,2 dose adult,,,6A (Shared),OG001,84.3,Percentage of Participants With ≥4-Fold Rise in Serotype-specific IgG Concentration Day 1 to Day 30
220,outcome_overview_schedule,1 dose adult,2 dose adult,,,6B (Shared),OG000,85.5,Percentage of Participants With ≥4-Fold Rise in Serotype-specific IgG Concentration Day 1 to Day 30
221,outcome_overview_schedule,1 dose adult,2 dose adult,,,6B (Shared),OG001,77.4,Percentage of Participants With ≥4-Fold Rise in Serotype-specific IgG Concentration Day 1 to Day 30
222,outcome_overview_schedule,1 dose adult,2 dose adult,,,7F (Shared),OG000,76.8,Percentage of Participants With ≥4-Fold Rise in Serotype-specific IgG Concentration Day 1 to Day 30
223,outcome_overview_schedule,1 dose adult,2 dose adult,,,7F (Shared),OG001,75.5,Percentage of Participants With ≥4-Fold Rise in Serotype-specific IgG Concentration Day 1 to Day 30
224,outcome_overview_schedule,1 dose adult,2 dose adult,,,9V (Shared),OG000,73.0,Percentage of Participants With ≥4-Fold Rise in Serotype-specific IgG Concentration Day 1 to Day 30
225,outcome_overview_schedule,1 dose adult,2 dose adult,,,9V (Shared),OG001,70.4,Percentage of Participants With ≥4-Fold Rise in Serotype-specific IgG Concentration Day 1 to Day 30
226,outcome_overview_schedule,1 dose adult,2 dose adult,,,14 (Shared),OG000,54.0,Percentage of Participants With ≥4-Fold Rise in Serotype-specific IgG Concentration Day 1 to Day 30
227,outcome_overview_schedule,1 dose adult,2 dose adult,,,14 (Shared),OG001,56.0,Percentage of Participants With ≥4-Fold Rise in Serotype-specific IgG Concentration Day 1 to Day 30
228,outcome_overview_schedule,1 dose adult,2 dose adult,,,18C (Shared),OG000,83.9,Percentage of Participants With ≥4-Fold Rise in Serotype-specific IgG Concentration Day 1 to Day 30
229,outcome_overview_schedule,1 dose adult,2 dose adult,,,18C (Shared),OG001,75.5,Percentage of Participants With ≥4-Fold Rise in Serotype-specific IgG Concentration Day 1 to Day 30
230,outcome_overview_schedule,1 dose adult,2 dose adult,,,19A (Shared),OG000,71.4,Percentage of Participants With ≥4-Fold Rise in Serotype-specific IgG Concentration Day 1 to Day 30
231,outcome_overview_schedule,1 dose adult,2 dose adult,,,19A (Shared),OG001,69.2,Percentage of Participants With ≥4-Fold Rise in Serotype-specific IgG Concentration Day 1 to Day 30
232,outcome_overview_schedule,1 dose adult,2 dose adult,,,19F (Shared),OG000,77.5,Percentage of Participants With ≥4-Fold Rise in Serotype-specific IgG Concentration Day 1 to Day 30
233,outcome_overview_schedule,1 dose adult,2 dose adult,,,19F (Shared),OG001,76.3,Percentage of Participants With ≥4-Fold Rise in Serotype-specific IgG Concentration Day 1 to Day 30
234,outcome_overview_schedule,1 dose adult,2 dose adult,,,23F (Shared),OG000,79.7,Percentage of Participants With ≥4-Fold Rise in Serotype-specific IgG Concentration Day 1 to Day 30
235,outcome_overview_schedule,1 dose adult,2 dose adult,,,23F (Shared),OG001,70.1,Percentage of Participants With ≥4-Fold Rise in Serotype-specific IgG Concentration Day 1 to Day 30
236,outcome_overview_schedule,1 dose adult,2 dose adult,,,22F (Unique to V114),OG000,76.8,Percentage of Participants With ≥4-Fold Rise in Serotype-specific IgG Concentration Day 1 to Day 30
237,outcome_overview_schedule,1 dose adult,2 dose adult,,,22F (Unique to V114),OG001,0.9,Percentage of Participants With ≥4-Fold Rise in Serotype-specific IgG Concentration Day 1 to Day 30
238,outcome_overview_schedule,1 dose adult,2 dose adult,,,33F (Unique to V114),OG000,71.1,Percentage of Participants With ≥4-Fold Rise in Serotype-specific IgG Concentration Day 1 to Day 30
239,outcome_overview_schedule,1 dose adult,2 dose adult,,,33F (Unique to V114),OG001,0.6,Percentage of Participants With ≥4-Fold Rise in Serotype-specific IgG Concentration Day 1 to Day 30
240,outcome_overview_schedule,1 dose adult,2 dose adult,,,1 (Shared),OG000,138.2,GMT of Serotype-specific OPA at Month 12
241,outcome_overview_schedule,1 dose adult,2 dose adult,,,1 (Shared),OG001,116.2,GMT of Serotype-specific OPA at Month 12
242,outcome_overview_schedule,1 dose adult,2 dose adult,,,3 (Shared),OG000,88.3,GMT of Serotype-specific OPA at Month 12
243,outcome_overview_schedule,1 dose adult,2 dose adult,,,3 (Shared),OG001,56.3,GMT of Serotype-specific OPA at Month 12
244,outcome_overview_schedule,1 dose adult,2 dose adult,,,4 (Shared),OG000,477.2,GMT of Serotype-specific OPA at Month 12
245,outcome_overview_schedule,1 dose adult,2 dose adult,,,4 (Shared),OG001,666.5,GMT of Serotype-specific OPA at Month 12
246,outcome_overview_schedule,1 dose adult,2 dose adult,,,5 (Shared),OG000,213.4,GMT of Serotype-specific OPA at Month 12
247,outcome_overview_schedule,1 dose adult,2 dose adult,,,5 (Shared),OG001,209.6,GMT of Serotype-specific OPA at Month 12
248,outcome_overview_schedule,1 dose adult,2 dose adult,,,6A (Shared),OG000,2421.7,GMT of Serotype-specific OPA at Month 12
249,outcome_overview_schedule,1 dose adult,2 dose adult,,,6A (Shared),OG001,2111.3,GMT of Serotype-specific OPA at Month 12
250,outcome_overview_schedule,1 dose adult,2 dose adult,,,6B (Shared),OG000,2079.7,GMT of Serotype-specific OPA at Month 12
251,outcome_overview_schedule,1 dose adult,2 dose adult,,,6B (Shared),OG001,1453.7,GMT of Serotype-specific OPA at Month 12
252,outcome_overview_schedule,1 dose adult,2 dose adult,,,7F (Shared),OG000,2161.8,GMT of Serotype-specific OPA at Month 12
253,outcome_overview_schedule,1 dose adult,2 dose adult,,,7F (Shared),OG001,2291.1,GMT of Serotype-specific OPA at Month 12
254,outcome_overview_schedule,1 dose adult,2 dose adult,,,9V (Shared),OG000,1006.8,GMT of Serotype-specific OPA at Month 12
255,outcome_overview_schedule,1 dose adult,2 dose adult,,,9V (Shared),OG001,1030.5,GMT of Serotype-specific OPA at Month 12
256,outcome_overview_schedule,1 dose adult,2 dose adult,,,14 (Shared),OG000,1543.8,GMT of Serotype-specific OPA at Month 12
257,outcome_overview_schedule,1 dose adult,2 dose adult,,,14 (Shared),OG001,1395.1,GMT of Serotype-specific OPA at Month 12
258,outcome_overview_schedule,1 dose adult,2 dose adult,,,18C (Shared),OG000,1520.4,GMT of Serotype-specific OPA at Month 12
259,outcome_overview_schedule,1 dose adult,2 dose adult,,,18C (Shared),OG001,1191.8,GMT of Serotype-specific OPA at Month 12
260,outcome_overview_schedule,1 dose adult,2 dose adult,,,19A (Shared),OG000,1724.3,GMT of Serotype-specific OPA at Month 12
261,outcome_overview_schedule,1 dose adult,2 dose adult,,,19A (Shared),OG001,1575.3,GMT of Serotype-specific OPA at Month 12
262,outcome_overview_schedule,1 dose adult,2 dose adult,,,19F (Shared),OG000,948.4,GMT of Serotype-specific OPA at Month 12
263,outcome_overview_schedule,1 dose adult,2 dose adult,,,19F (Shared),OG001,876.0,GMT of Serotype-specific OPA at Month 12
264,outcome_overview_schedule,1 dose adult,2 dose adult,,,23F (Shared),OG000,984.7,GMT of Serotype-specific OPA at Month 12
265,outcome_overview_schedule,1 dose adult,2 dose adult,,,23F (Shared),OG001,720.3,GMT of Serotype-specific OPA at Month 12
266,outcome_overview_schedule,1 dose adult,2 dose adult,,,22F (Unique to V114),OG000,1267.4,GMT of Serotype-specific OPA at Month 12
267,outcome_overview_schedule,1 dose adult,2 dose adult,,,22F (Unique to V114),OG001,99.1,GMT of Serotype-specific OPA at Month 12
268,outcome_overview_schedule,1 dose adult,2 dose adult,,,33F (Unique to V114),OG000,4099.0,GMT of Serotype-specific OPA at Month 12
269,outcome_overview_schedule,1 dose adult,2 dose adult,,,33F (Unique to V114),OG001,1266.6,GMT of Serotype-specific OPA at Month 12
270,outcome_overview_schedule,1 dose adult,2 dose adult,,,1 (Shared),OG000,2.73,GMC of Serotype-specific IgG at Month 12
271,outcome_overview_schedule,1 dose adult,2 dose adult,,,1 (Shared),OG001,3.52,GMC of Serotype-specific IgG at Month 12
272,outcome_overview_schedule,1 dose adult,2 dose adult,,,3 (Shared),OG000,0.39,GMC of Serotype-specific IgG at Month 12
273,outcome_overview_schedule,1 dose adult,2 dose adult,,,3 (Shared),OG001,0.28,GMC of Serotype-specific IgG at Month 12
274,outcome_overview_schedule,1 dose adult,2 dose adult,,,4 (Shared),OG000,1.00,GMC of Serotype-specific IgG at Month 12
275,outcome_overview_schedule,1 dose adult,2 dose adult,,,4 (Shared),OG001,1.31,GMC of Serotype-specific IgG at Month 12
276,outcome_overview_schedule,1 dose adult,2 dose adult,,,5 (Shared),OG000,2.59,GMC of Serotype-specific IgG at Month 12
277,outcome_overview_schedule,1 dose adult,2 dose adult,,,5 (Shared),OG001,2.91,GMC of Serotype-specific IgG at Month 12
278,outcome_overview_schedule,1 dose adult,2 dose adult,,,6A (Shared),OG000,4.27,GMC of Serotype-specific IgG at Month 12
279,outcome_overview_schedule,1 dose adult,2 dose adult,,,6A (Shared),OG001,3.13,GMC of Serotype-specific IgG at Month 12
280,outcome_overview_schedule,1 dose adult,2 dose adult,,,6B (Shared),OG000,5.13,GMC of Serotype-specific IgG at Month 12
281,outcome_overview_schedule,1 dose adult,2 dose adult,,,6B (Shared),OG001,3.46,GMC of Serotype-specific IgG at Month 12
282,outcome_overview_schedule,1 dose adult,2 dose adult,,,7F (Shared),OG000,2.95,GMC of Serotype-specific IgG at Month 12
283,outcome_overview_schedule,1 dose adult,2 dose adult,,,7F (Shared),OG001,3.45,GMC of Serotype-specific IgG at Month 12
284,outcome_overview_schedule,1 dose adult,2 dose adult,,,9V (Shared),OG000,2.85,GMC of Serotype-specific IgG at Month 12
285,outcome_overview_schedule,1 dose adult,2 dose adult,,,9V (Shared),OG001,2.75,GMC of Serotype-specific IgG at Month 12
286,outcome_overview_schedule,1 dose adult,2 dose adult,,,14 (Shared),OG000,7.91,GMC of Serotype-specific IgG at Month 12
287,outcome_overview_schedule,1 dose adult,2 dose adult,,,14 (Shared),OG001,7.50,GMC of Serotype-specific IgG at Month 12
288,outcome_overview_schedule,1 dose adult,2 dose adult,,,18C (Shared),OG000,5.99,GMC of Serotype-specific IgG at Month 12
289,outcome_overview_schedule,1 dose adult,2 dose adult,,,18C (Shared),OG001,4.32,GMC of Serotype-specific IgG at Month 12
290,outcome_overview_schedule,1 dose adult,2 dose adult,,,19A (Shared),OG000,8.19,GMC of Serotype-specific IgG at Month 12
291,outcome_overview_schedule,1 dose adult,2 dose adult,,,19A (Shared),OG001,7.22,GMC of Serotype-specific IgG at Month 12
292,outcome_overview_schedule,1 dose adult,2 dose adult,,,19F (Shared),OG000,4.67,GMC of Serotype-specific IgG at Month 12
293,outcome_overview_schedule,1 dose adult,2 dose adult,,,19F (Shared),OG001,4.14,GMC of Serotype-specific IgG at Month 12
294,outcome_overview_schedule,1 dose adult,2 dose adult,,,23F (Shared),OG000,3.57,GMC of Serotype-specific IgG at Month 12
295,outcome_overview_schedule,1 dose adult,2 dose adult,,,23F (Shared),OG001,2.66,GMC of Serotype-specific IgG at Month 12
296,outcome_overview_schedule,1 dose adult,2 dose adult,,,22F (Unique to V114),OG000,2.07,GMC of Serotype-specific IgG at Month 12
297,outcome_overview_schedule,1 dose adult,2 dose adult,,,22F (Unique to V114),OG001,0.33,GMC of Serotype-specific IgG at Month 12
298,outcome_overview_schedule,1 dose adult,2 dose adult,,,33F (Unique to V114),OG000,6.24,GMC of Serotype-specific IgG at Month 12
299,outcome_overview_schedule,1 dose adult,2 dose adult,,,33F (Unique to V114),OG001,1.24,GMC of Serotype-specific IgG at Month 12
300,outcome_overview_schedule,1 dose adult,2 dose adult,,,1 (Shared),OG000,9.2,GMFR in Serotype-specific OPA Day 1 to Month 12
301,outcome_overview_schedule,1 dose adult,2 dose adult,,,1 (Shared),OG001,7.3,GMFR in Serotype-specific OPA Day 1 to Month 12
302,outcome_overview_schedule,1 dose adult,2 dose adult,,,3 (Shared),OG000,3.0,GMFR in Serotype-specific OPA Day 1 to Month 12
303,outcome_overview_schedule,1 dose adult,2 dose adult,,,3 (Shared),OG001,2.1,GMFR in Serotype-specific OPA Day 1 to Month 12
304,outcome_overview_schedule,1 dose adult,2 dose adult,,,4 (Shared),OG000,7.0,GMFR in Serotype-specific OPA Day 1 to Month 12
305,outcome_overview_schedule,1 dose adult,2 dose adult,,,4 (Shared),OG001,9.4,GMFR in Serotype-specific OPA Day 1 to Month 12
306,outcome_overview_schedule,1 dose adult,2 dose adult,,,5 (Shared),OG000,5.5,GMFR in Serotype-specific OPA Day 1 to Month 12
307,outcome_overview_schedule,1 dose adult,2 dose adult,,,5 (Shared),OG001,5.7,GMFR in Serotype-specific OPA Day 1 to Month 12
308,outcome_overview_schedule,1 dose adult,2 dose adult,,,6A (Shared),OG000,5.7,GMFR in Serotype-specific OPA Day 1 to Month 12
309,outcome_overview_schedule,1 dose adult,2 dose adult,,,6A (Shared),OG001,4.9,GMFR in Serotype-specific OPA Day 1 to Month 12
310,outcome_overview_schedule,1 dose adult,2 dose adult,,,6B (Shared),OG000,10.4,GMFR in Serotype-specific OPA Day 1 to Month 12
311,outcome_overview_schedule,1 dose adult,2 dose adult,,,6B (Shared),OG001,7.3,GMFR in Serotype-specific OPA Day 1 to Month 12
312,outcome_overview_schedule,1 dose adult,2 dose adult,,,7F (Shared),OG000,4.6,GMFR in Serotype-specific OPA Day 1 to Month 12
313,outcome_overview_schedule,1 dose adult,2 dose adult,,,7F (Shared),OG001,4.9,GMFR in Serotype-specific OPA Day 1 to Month 12
314,outcome_overview_schedule,1 dose adult,2 dose adult,,,9V (Shared),OG000,2.7,GMFR in Serotype-specific OPA Day 1 to Month 12
315,outcome_overview_schedule,1 dose adult,2 dose adult,,,9V (Shared),OG001,2.7,GMFR in Serotype-specific OPA Day 1 to Month 12
316,outcome_overview_schedule,1 dose adult,2 dose adult,,,14 (Shared),OG000,3.9,GMFR in Serotype-specific OPA Day 1 to Month 12
317,outcome_overview_schedule,1 dose adult,2 dose adult,,,14 (Shared),OG001,3.5,GMFR in Serotype-specific OPA Day 1 to Month 12
318,outcome_overview_schedule,1 dose adult,2 dose adult,,,18C (Shared),OG000,6.5,GMFR in Serotype-specific OPA Day 1 to Month 12
319,outcome_overview_schedule,1 dose adult,2 dose adult,,,18C (Shared),OG001,5.2,GMFR in Serotype-specific OPA Day 1 to Month 12
320,outcome_overview_schedule,1 dose adult,2 dose adult,,,19A (Shared),OG000,4.9,GMFR in Serotype-specific OPA Day 1 to Month 12
321,outcome_overview_schedule,1 dose adult,2 dose adult,,,19A (Shared),OG001,4.3,GMFR in Serotype-specific OPA Day 1 to Month 12
322,outcome_overview_schedule,1 dose adult,2 dose adult,,,19F (Shared),OG000,3.0,GMFR in Serotype-specific OPA Day 1 to Month 12
323,outcome_overview_schedule,1 dose adult,2 dose adult,,,19F (Shared),OG001,2.8,GMFR in Serotype-specific OPA Day 1 to Month 12
324,outcome_overview_schedule,1 dose adult,2 dose adult,,,23F (Shared),OG000,7.1,GMFR in Serotype-specific OPA Day 1 to Month 12
325,outcome_overview_schedule,1 dose adult,2 dose adult,,,23F (Shared),OG001,5.1,GMFR in Serotype-specific OPA Day 1 to Month 12
326,outcome_overview_schedule,1 dose adult,2 dose adult,,,22F (Unique to V114),OG000,12.3,GMFR in Serotype-specific OPA Day 1 to Month 12
327,outcome_overview_schedule,1 dose adult,2 dose adult,,,22F (Unique to V114),OG001,1.3,GMFR in Serotype-specific OPA Day 1 to Month 12
328,outcome_overview_schedule,1 dose adult,2 dose adult,,,33F (Unique to V114),OG000,3.0,GMFR in Serotype-specific OPA Day 1 to Month 12
329,outcome_overview_schedule,1 dose adult,2 dose adult,,,33F (Unique to V114),OG001,0.9,GMFR in Serotype-specific OPA Day 1 to Month 12
330,outcome_overview_schedule,1 dose adult,2 dose adult,,,1 (Shared),OG000,5.2,GMFR in Serotype-specific IgG Day 1 to Month 12
331,outcome_overview_schedule,1 dose adult,2 dose adult,,,1 (Shared),OG001,6.6,GMFR in Serotype-specific IgG Day 1 to Month 12
332,outcome_overview_schedule,1 dose adult,2 dose adult,,,3 (Shared),OG000,2.6,GMFR in Serotype-specific IgG Day 1 to Month 12
333,outcome_overview_schedule,1 dose adult,2 dose adult,,,3 (Shared),OG001,1.8,GMFR in Serotype-specific IgG Day 1 to Month 12
334,outcome_overview_schedule,1 dose adult,2 dose adult,,,4 (Shared),OG000,4.3,GMFR in Serotype-specific IgG Day 1 to Month 12
335,outcome_overview_schedule,1 dose adult,2 dose adult,,,4 (Shared),OG001,5.5,GMFR in Serotype-specific IgG Day 1 to Month 12
336,outcome_overview_schedule,1 dose adult,2 dose adult,,,5 (Shared),OG000,2.7,GMFR in Serotype-specific IgG Day 1 to Month 12
337,outcome_overview_schedule,1 dose adult,2 dose adult,,,5 (Shared),OG001,3.0,GMFR in Serotype-specific IgG Day 1 to Month 12
338,outcome_overview_schedule,1 dose adult,2 dose adult,,,6A (Shared),OG000,11.1,GMFR in Serotype-specific IgG Day 1 to Month 12
339,outcome_overview_schedule,1 dose adult,2 dose adult,,,6A (Shared),OG001,8.1,GMFR in Serotype-specific IgG Day 1 to Month 12
340,outcome_overview_schedule,1 dose adult,2 dose adult,,,6B (Shared),OG000,10.3,GMFR in Serotype-specific IgG Day 1 to Month 12
341,outcome_overview_schedule,1 dose adult,2 dose adult,,,6B (Shared),OG001,7.2,GMFR in Serotype-specific IgG Day 1 to Month 12
342,outcome_overview_schedule,1 dose adult,2 dose adult,,,7F (Shared),OG000,5.5,GMFR in Serotype-specific IgG Day 1 to Month 12
343,outcome_overview_schedule,1 dose adult,2 dose adult,,,7F (Shared),OG001,6.4,GMFR in Serotype-specific IgG Day 1 to Month 12
344,outcome_overview_schedule,1 dose adult,2 dose adult,,,9V (Shared),OG000,5.6,GMFR in Serotype-specific IgG Day 1 to Month 12
345,outcome_overview_schedule,1 dose adult,2 dose adult,,,9V (Shared),OG001,5.4,GMFR in Serotype-specific IgG Day 1 to Month 12
346,outcome_overview_schedule,1 dose adult,2 dose adult,,,14 (Shared),OG000,3.9,GMFR in Serotype-specific IgG Day 1 to Month 12
347,outcome_overview_schedule,1 dose adult,2 dose adult,,,14 (Shared),OG001,4.1,GMFR in Serotype-specific IgG Day 1 to Month 12
348,outcome_overview_schedule,1 dose adult,2 dose adult,,,18C (Shared),OG000,8.0,GMFR in Serotype-specific IgG Day 1 to Month 12
349,outcome_overview_schedule,1 dose adult,2 dose adult,,,18C (Shared),OG001,5.6,GMFR in Serotype-specific IgG Day 1 to Month 12
350,outcome_overview_schedule,1 dose adult,2 dose adult,,,19A (Shared),OG000,4.9,GMFR in Serotype-specific IgG Day 1 to Month 12
351,outcome_overview_schedule,1 dose adult,2 dose adult,,,19A (Shared),OG001,4.3,GMFR in Serotype-specific IgG Day 1 to Month 12
352,outcome_overview_schedule,1 dose adult,2 dose adult,,,19F (Shared),OG000,5.2,GMFR in Serotype-specific IgG Day 1 to Month 12
353,outcome_overview_schedule,1 dose adult,2 dose adult,,,19F (Shared),OG001,4.9,GMFR in Serotype-specific IgG Day 1 to Month 12
354,outcome_overview_schedule,1 dose adult,2 dose adult,,,23F (Shared),OG000,6.6,GMFR in Serotype-specific IgG Day 1 to Month 12
355,outcome_overview_schedule,1 dose adult,2 dose adult,,,23F (Shared),OG001,4.9,GMFR in Serotype-specific IgG Day 1 to Month 12
356,outcome_overview_schedule,1 dose adult,2 dose adult,,,22F (Unique to V114),OG000,6.0,GMFR in Serotype-specific IgG Day 1 to Month 12
357,outcome_overview_schedule,1 dose adult,2 dose adult,,,22F (Unique to V114),OG001,1.0,GMFR in Serotype-specific IgG Day 1 to Month 12
358,outcome_overview_schedule,1 dose adult,2 dose adult,,,33F (Unique to V114),OG000,4.7,GMFR in Serotype-specific IgG Day 1 to Month 12
359,outcome_overview_schedule,1 dose adult,2 dose adult,,,33F (Unique to V114),OG001,0.9,GMFR in Serotype-specific IgG Day 1 to Month 12
360,outcome_overview_schedule,1 dose adult,2 dose adult,,,1 (Shared),OG000,69.4,Percentage of Participants With ≥4-Fold Rise in Serotype-specific OPA Titer Day 1 to Month 12
361,outcome_overview_schedule,1 dose adult,2 dose adult,,,1 (Shared),OG001,61.4,Percentage of Participants With ≥4-Fold Rise in Serotype-specific OPA Titer Day 1 to Month 12
362,outcome_overview_schedule,1 dose adult,2 dose adult,,,3 (Shared),OG000,39.4,Percentage of Participants With ≥4-Fold Rise in Serotype-specific OPA Titer Day 1 to Month 12
363,outcome_overview_schedule,1 dose adult,2 dose adult,,,3 (Shared),OG001,25.7,Percentage of Participants With ≥4-Fold Rise in Serotype-specific OPA Titer Day 1 to Month 12
364,outcome_overview_schedule,1 dose adult,2 dose adult,,,4 (Shared),OG000,63.0,Percentage of Participants With ≥4-Fold Rise in Serotype-specific OPA Titer Day 1 to Month 12
365,outcome_overview_schedule,1 dose adult,2 dose adult,,,4 (Shared),OG001,67.1,Percentage of Participants With ≥4-Fold Rise in Serotype-specific OPA Titer Day 1 to Month 12
366,outcome_overview_schedule,1 dose adult,2 dose adult,,,5 (Shared),OG000,58.4,Percentage of Participants With ≥4-Fold Rise in Serotype-specific OPA Titer Day 1 to Month 12
367,outcome_overview_schedule,1 dose adult,2 dose adult,,,5 (Shared),OG001,57.5,Percentage of Participants With ≥4-Fold Rise in Serotype-specific OPA Titer Day 1 to Month 12
368,outcome_overview_schedule,1 dose adult,2 dose adult,,,6A (Shared),OG000,61.2,Percentage of Participants With ≥4-Fold Rise in Serotype-specific OPA Titer Day 1 to Month 12
369,outcome_overview_schedule,1 dose adult,2 dose adult,,,6A (Shared),OG001,54.3,Percentage of Participants With ≥4-Fold Rise in Serotype-specific OPA Titer Day 1 to Month 12
370,outcome_overview_schedule,1 dose adult,2 dose adult,,,6B (Shared),OG000,68.8,Percentage of Participants With ≥4-Fold Rise in Serotype-specific OPA Titer Day 1 to Month 12
371,outcome_overview_schedule,1 dose adult,2 dose adult,,,6B (Shared),OG001,60.4,Percentage of Participants With ≥4-Fold Rise in Serotype-specific OPA Titer Day 1 to Month 12
372,outcome_overview_schedule,1 dose adult,2 dose adult,,,7F (Shared),OG000,50.4,Percentage of Participants With ≥4-Fold Rise in Serotype-specific OPA Titer Day 1 to Month 12
373,outcome_overview_schedule,1 dose adult,2 dose adult,,,7F (Shared),OG001,48.9,Percentage of Participants With ≥4-Fold Rise in Serotype-specific OPA Titer Day 1 to Month 12
374,outcome_overview_schedule,1 dose adult,2 dose adult,,,9V (Shared),OG000,34.6,Percentage of Participants With ≥4-Fold Rise in Serotype-specific OPA Titer Day 1 to Month 12
375,outcome_overview_schedule,1 dose adult,2 dose adult,,,9V (Shared),OG001,32.0,Percentage of Participants With ≥4-Fold Rise in Serotype-specific OPA Titer Day 1 to Month 12
376,outcome_overview_schedule,1 dose adult,2 dose adult,,,14 (Shared),OG000,41.6,Percentage of Participants With ≥4-Fold Rise in Serotype-specific OPA Titer Day 1 to Month 12
377,outcome_overview_schedule,1 dose adult,2 dose adult,,,14 (Shared),OG001,42.2,Percentage of Participants With ≥4-Fold Rise in Serotype-specific OPA Titer Day 1 to Month 12
378,outcome_overview_schedule,1 dose adult,2 dose adult,,,18C (Shared),OG000,63.3,Percentage of Participants With ≥4-Fold Rise in Serotype-specific OPA Titer Day 1 to Month 12
379,outcome_overview_schedule,1 dose adult,2 dose adult,,,18C (Shared),OG001,54.4,Percentage of Participants With ≥4-Fold Rise in Serotype-specific OPA Titer Day 1 to Month 12
380,outcome_overview_schedule,1 dose adult,2 dose adult,,,19A (Shared),OG000,53.2,Percentage of Participants With ≥4-Fold Rise in Serotype-specific OPA Titer Day 1 to Month 12
381,outcome_overview_schedule,1 dose adult,2 dose adult,,,19A (Shared),OG001,47.5,Percentage of Participants With ≥4-Fold Rise in Serotype-specific OPA Titer Day 1 to Month 12
382,outcome_overview_schedule,1 dose adult,2 dose adult,,,19F (Shared),OG000,41.2,Percentage of Participants With ≥4-Fold Rise in Serotype-specific OPA Titer Day 1 to Month 12
383,outcome_overview_schedule,1 dose adult,2 dose adult,,,19F (Shared),OG001,35.3,Percentage of Participants With ≥4-Fold Rise in Serotype-specific OPA Titer Day 1 to Month 12
384,outcome_overview_schedule,1 dose adult,2 dose adult,,,23F (Shared),OG000,62.4,Percentage of Participants With ≥4-Fold Rise in Serotype-specific OPA Titer Day 1 to Month 12
385,outcome_overview_schedule,1 dose adult,2 dose adult,,,23F (Shared),OG001,53.5,Percentage of Participants With ≥4-Fold Rise in Serotype-specific OPA Titer Day 1 to Month 12
386,outcome_overview_schedule,1 dose adult,2 dose adult,,,22F (Unique to V114),OG000,64.0,Percentage of Participants With ≥4-Fold Rise in Serotype-specific OPA Titer Day 1 to Month 12
387,outcome_overview_schedule,1 dose adult,2 dose adult,,,22F (Unique to V114),OG001,14.1,Percentage of Participants With ≥4-Fold Rise in Serotype-specific OPA Titer Day 1 to Month 12
388,outcome_overview_schedule,1 dose adult,2 dose adult,,,33F (Unique to V114),OG000,34.5,Percentage of Participants With ≥4-Fold Rise in Serotype-specific OPA Titer Day 1 to Month 12
389,outcome_overview_schedule,1 dose adult,2 dose adult,,,33F (Unique to V114),OG001,4.8,Percentage of Participants With ≥4-Fold Rise in Serotype-specific OPA Titer Day 1 to Month 12
390,outcome_overview_schedule,1 dose adult,2 dose adult,,,1 (Shared),OG000,56.0,Percentage of Participants With ≥4-Fold Rise in Serotype-specific IgG Concentration Day 1 to Month 12
391,outcome_overview_schedule,1 dose adult,2 dose adult,,,1 (Shared),OG001,65.6,Percentage of Participants With ≥4-Fold Rise in Serotype-specific IgG Concentration Day 1 to Month 12
392,outcome_overview_schedule,1 dose adult,2 dose adult,,,3 (Shared),OG000,27.0,Percentage of Participants With ≥4-Fold Rise in Serotype-specific IgG Concentration Day 1 to Month 12
393,outcome_overview_schedule,1 dose adult,2 dose adult,,,3 (Shared),OG001,12.4,Percentage of Participants With ≥4-Fold Rise in Serotype-specific IgG Concentration Day 1 to Month 12
394,outcome_overview_schedule,1 dose adult,2 dose adult,,,4 (Shared),OG000,47.2,Percentage of Participants With ≥4-Fold Rise in Serotype-specific IgG Concentration Day 1 to Month 12
395,outcome_overview_schedule,1 dose adult,2 dose adult,,,4 (Shared),OG001,57.7,Percentage of Participants With ≥4-Fold Rise in Serotype-specific IgG Concentration Day 1 to Month 12
396,outcome_overview_schedule,1 dose adult,2 dose adult,,,5 (Shared),OG000,30.9,Percentage of Participants With ≥4-Fold Rise in Serotype-specific IgG Concentration Day 1 to Month 12
397,outcome_overview_schedule,1 dose adult,2 dose adult,,,5 (Shared),OG001,34.4,Percentage of Participants With ≥4-Fold Rise in Serotype-specific IgG Concentration Day 1 to Month 12
398,outcome_overview_schedule,1 dose adult,2 dose adult,,,6A (Shared),OG000,75.5,Percentage of Participants With ≥4-Fold Rise in Serotype-specific IgG Concentration Day 1 to Month 12
399,outcome_overview_schedule,1 dose adult,2 dose adult,,,6A (Shared),OG001,66.7,Percentage of Participants With ≥4-Fold Rise in Serotype-specific IgG Concentration Day 1 to Month 12
400,outcome_overview_schedule,1 dose adult,2 dose adult,,,6B (Shared),OG000,73.0,Percentage of Participants With ≥4-Fold Rise in Serotype-specific IgG Concentration Day 1 to Month 12
401,outcome_overview_schedule,1 dose adult,2 dose adult,,,6B (Shared),OG001,62.1,Percentage of Participants With ≥4-Fold Rise in Serotype-specific IgG Concentration Day 1 to Month 12
402,outcome_overview_schedule,1 dose adult,2 dose adult,,,7F (Shared),OG000,59.9,Percentage of Participants With ≥4-Fold Rise in Serotype-specific IgG Concentration Day 1 to Month 12
403,outcome_overview_schedule,1 dose adult,2 dose adult,,,7F (Shared),OG001,64.9,Percentage of Participants With ≥4-Fold Rise in Serotype-specific IgG Concentration Day 1 to Month 12
404,outcome_overview_schedule,1 dose adult,2 dose adult,,,9V (Shared),OG000,60.6,Percentage of Participants With ≥4-Fold Rise in Serotype-specific IgG Concentration Day 1 to Month 12
405,outcome_overview_schedule,1 dose adult,2 dose adult,,,9V (Shared),OG001,55.3,Percentage of Participants With ≥4-Fold Rise in Serotype-specific IgG Concentration Day 1 to Month 12
406,outcome_overview_schedule,1 dose adult,2 dose adult,,,14 (Shared),OG000,42.6,Percentage of Participants With ≥4-Fold Rise in Serotype-specific IgG Concentration Day 1 to Month 12
407,outcome_overview_schedule,1 dose adult,2 dose adult,,,14 (Shared),OG001,46.8,Percentage of Participants With ≥4-Fold Rise in Serotype-specific IgG Concentration Day 1 to Month 12
408,outcome_overview_schedule,1 dose adult,2 dose adult,,,18C (Shared),OG000,70.2,Percentage of Participants With ≥4-Fold Rise in Serotype-specific IgG Concentration Day 1 to Month 12
409,outcome_overview_schedule,1 dose adult,2 dose adult,,,18C (Shared),OG001,58.5,Percentage of Participants With ≥4-Fold Rise in Serotype-specific IgG Concentration Day 1 to Month 12
410,outcome_overview_schedule,1 dose adult,2 dose adult,,,19A (Shared),OG000,53.9,Percentage of Participants With ≥4-Fold Rise in Serotype-specific IgG Concentration Day 1 to Month 12
411,outcome_overview_schedule,1 dose adult,2 dose adult,,,19A (Shared),OG001,50.0,Percentage of Participants With ≥4-Fold Rise in Serotype-specific IgG Concentration Day 1 to Month 12
412,outcome_overview_schedule,1 dose adult,2 dose adult,,,19F (Shared),OG000,56.9,Percentage of Participants With ≥4-Fold Rise in Serotype-specific IgG Concentration Day 1 to Month 12
413,outcome_overview_schedule,1 dose adult,2 dose adult,,,19F (Shared),OG001,52.3,Percentage of Participants With ≥4-Fold Rise in Serotype-specific IgG Concentration Day 1 to Month 12
414,outcome_overview_schedule,1 dose adult,2 dose adult,,,23F (Shared),OG000,59.6,Percentage of Participants With ≥4-Fold Rise in Serotype-specific IgG Concentration Day 1 to Month 12
415,outcome_overview_schedule,1 dose adult,2 dose adult,,,23F (Shared),OG001,51.4,Percentage of Participants With ≥4-Fold Rise in Serotype-specific IgG Concentration Day 1 to Month 12
416,outcome_overview_schedule,1 dose adult,2 dose adult,,,22F (Unique to V114),OG000,58.9,Percentage of Participants With ≥4-Fold Rise in Serotype-specific IgG Concentration Day 1 to Month 12
417,outcome_overview_schedule,1 dose adult,2 dose adult,,,22F (Unique to V114),OG001,1.8,Percentage of Participants With ≥4-Fold Rise in Serotype-specific IgG Concentration Day 1 to Month 12
418,outcome_overview_schedule,1 dose adult,2 dose adult,,,33F (Unique to V114),OG000,52.5,Percentage of Participants With ≥4-Fold Rise in Serotype-specific IgG Concentration Day 1 to Month 12
419,outcome_overview_schedule,1 dose adult,2 dose adult,,,33F (Unique to V114),OG001,1.1,Percentage of Participants With ≥4-Fold Rise in Serotype-specific IgG Concentration Day 1 to Month 12
420,outcome_overview_dose_description,56w post dose 1 adult,4w post dose 2 adult,,,1 (Shared),OG000,24.7,GMFR in Serotype-specific OPA Day 1 to Month 13
420,outcome_overview_schedule,1 dose adult,2 dose adult,,,1 (Shared),OG000,24.7,GMFR in Serotype-specific OPA Day 1 to Month 13
421,outcome_overview_dose_description,56w post dose 1 adult,4w post dose 2 adult,,,1 (Shared),OG001,15.5,GMFR in Serotype-specific OPA Day 1 to Month 13
421,outcome_overview_schedule,1 dose adult,2 dose adult,,,1 (Shared),OG001,15.5,GMFR in Serotype-specific OPA Day 1 to Month 13
422,outcome_overview_dose_description,56w post dose 1 adult,4w post dose 2 adult,,,3 (Shared),OG000,9.1,GMFR in Serotype-specific OPA Day 1 to Month 13
422,outcome_overview_schedule,1 dose adult,2 dose adult,,,3 (Shared),OG000,9.1,GMFR in Serotype-specific OPA Day 1 to Month 13
423,outcome_overview_dose_description,56w post dose 1 adult,4w post dose 2 adult,,,3 (Shared),OG001,8.7,GMFR in Serotype-specific OPA Day 1 to Month 13
423,outcome_overview_schedule,1 dose adult,2 dose adult,,,3 (Shared),OG001,8.7,GMFR in Serotype-specific OPA Day 1 to Month 13
424,outcome_overview_dose_description,56w post dose 1 adult,4w post dose 2 adult,,,4 (Shared),OG000,23.8,GMFR in Serotype-specific OPA Day 1 to Month 13
424,outcome_overview_schedule,1 dose adult,2 dose adult,,,4 (Shared),OG000,23.8,GMFR in Serotype-specific OPA Day 1 to Month 13
425,outcome_overview_dose_description,56w post dose 1 adult,4w post dose 2 adult,,,4 (Shared),OG001,21.5,GMFR in Serotype-specific OPA Day 1 to Month 13
425,outcome_overview_schedule,1 dose adult,2 dose adult,,,4 (Shared),OG001,21.5,GMFR in Serotype-specific OPA Day 1 to Month 13
426,outcome_overview_dose_description,56w post dose 1 adult,4w post dose 2 adult,,,5 (Shared),OG000,17.2,GMFR in Serotype-specific OPA Day 1 to Month 13
426,outcome_overview_schedule,1 dose adult,2 dose adult,,,5 (Shared),OG000,17.2,GMFR in Serotype-specific OPA Day 1 to Month 13
427,outcome_overview_dose_description,56w post dose 1 adult,4w post dose 2 adult,,,5 (Shared),OG001,14.5,GMFR in Serotype-specific OPA Day 1 to Month 13
427,outcome_overview_schedule,1 dose adult,2 dose adult,,,5 (Shared),OG001,14.5,GMFR in Serotype-specific OPA Day 1 to Month 13
428,outcome_overview_dose_description,56w post dose 1 adult,4w post dose 2 adult,,,6A (Shared),OG000,7.7,GMFR in Serotype-specific OPA Day 1 to Month 13
428,outcome_overview_schedule,1 dose adult,2 dose adult,,,6A (Shared),OG000,7.7,GMFR in Serotype-specific OPA Day 1 to Month 13
429,outcome_overview_dose_description,56w post dose 1 adult,4w post dose 2 adult,,,6A (Shared),OG001,6.3,GMFR in Serotype-specific OPA Day 1 to Month 13
429,outcome_overview_schedule,1 dose adult,2 dose adult,,,6A (Shared),OG001,6.3,GMFR in Serotype-specific OPA Day 1 to Month 13
430,outcome_overview_dose_description,56w post dose 1 adult,4w post dose 2 adult,,,6B (Shared),OG000,16.2,GMFR in Serotype-specific OPA Day 1 to Month 13
430,outcome_overview_schedule,1 dose adult,2 dose adult,,,6B (Shared),OG000,16.2,GMFR in Serotype-specific OPA Day 1 to Month 13
431,outcome_overview_dose_description,56w post dose 1 adult,4w post dose 2 adult,,,6B (Shared),OG001,14.3,GMFR in Serotype-specific OPA Day 1 to Month 13
431,outcome_overview_schedule,1 dose adult,2 dose adult,,,6B (Shared),OG001,14.3,GMFR in Serotype-specific OPA Day 1 to Month 13
432,outcome_overview_dose_description,56w post dose 1 adult,4w post dose 2 adult,,,7F (Shared),OG000,11.0,GMFR in Serotype-specific OPA Day 1 to Month 13
432,outcome_overview_schedule,1 dose adult,2 dose adult,,,7F (Shared),OG000,11.0,GMFR in Serotype-specific OPA Day 1 to Month 13
433,outcome_overview_dose_description,56w post dose 1 adult,4w post dose 2 adult,,,7F (Shared),OG001,10.2,GMFR in Serotype-specific OPA Day 1 to Month 13
433,outcome_overview_schedule,1 dose adult,2 dose adult,,,7F (Shared),OG001,10.2,GMFR in Serotype-specific OPA Day 1 to Month 13
434,outcome_overview_dose_description,56w post dose 1 adult,4w post dose 2 adult,,,9V (Shared),OG000,5.2,GMFR in Serotype-specific OPA Day 1 to Month 13
434,outcome_overview_schedule,1 dose adult,2 dose adult,,,9V (Shared),OG000,5.2,GMFR in Serotype-specific OPA Day 1 to Month 13
435,outcome_overview_dose_description,56w post dose 1 adult,4w post dose 2 adult,,,9V (Shared),OG001,4.6,GMFR in Serotype-specific OPA Day 1 to Month 13
435,outcome_overview_schedule,1 dose adult,2 dose adult,,,9V (Shared),OG001,4.6,GMFR in Serotype-specific OPA Day 1 to Month 13
436,outcome_overview_dose_description,56w post dose 1 adult,4w post dose 2 adult,,,14 (Shared),OG000,8.2,GMFR in Serotype-specific OPA Day 1 to Month 13
436,outcome_overview_schedule,1 dose adult,2 dose adult,,,14 (Shared),OG000,8.2,GMFR in Serotype-specific OPA Day 1 to Month 13
437,outcome_overview_dose_description,56w post dose 1 adult,4w post dose 2 adult,,,14 (Shared),OG001,6.7,GMFR in Serotype-specific OPA Day 1 to Month 13
437,outcome_overview_schedule,1 dose adult,2 dose adult,,,14 (Shared),OG001,6.7,GMFR in Serotype-specific OPA Day 1 to Month 13
438,outcome_overview_dose_description,56w post dose 1 adult,4w post dose 2 adult,,,18C (Shared),OG000,10.1,GMFR in Serotype-specific OPA Day 1 to Month 13
438,outcome_overview_schedule,1 dose adult,2 dose adult,,,18C (Shared),OG000,10.1,GMFR in Serotype-specific OPA Day 1 to Month 13
439,outcome_overview_dose_description,56w post dose 1 adult,4w post dose 2 adult,,,18C (Shared),OG001,9.0,GMFR in Serotype-specific OPA Day 1 to Month 13
439,outcome_overview_schedule,1 dose adult,2 dose adult,,,18C (Shared),OG001,9.0,GMFR in Serotype-specific OPA Day 1 to Month 13
440,outcome_overview_dose_description,56w post dose 1 adult,4w post dose 2 adult,,,19A (Shared),OG000,10.4,GMFR in Serotype-specific OPA Day 1 to Month 13
440,outcome_overview_schedule,1 dose adult,2 dose adult,,,19A (Shared),OG000,10.4,GMFR in Serotype-specific OPA Day 1 to Month 13
441,outcome_overview_dose_description,56w post dose 1 adult,4w post dose 2 adult,,,19A (Shared),OG001,8.5,GMFR in Serotype-specific OPA Day 1 to Month 13
441,outcome_overview_schedule,1 dose adult,2 dose adult,,,19A (Shared),OG001,8.5,GMFR in Serotype-specific OPA Day 1 to Month 13
442,outcome_overview_dose_description,56w post dose 1 adult,4w post dose 2 adult,,,19F (Shared),OG000,7.0,GMFR in Serotype-specific OPA Day 1 to Month 13
442,outcome_overview_schedule,1 dose adult,2 dose adult,,,19F (Shared),OG000,7.0,GMFR in Serotype-specific OPA Day 1 to Month 13
443,outcome_overview_dose_description,56w post dose 1 adult,4w post dose 2 adult,,,19F (Shared),OG001,6.3,GMFR in Serotype-specific OPA Day 1 to Month 13
443,outcome_overview_schedule,1 dose adult,2 dose adult,,,19F (Shared),OG001,6.3,GMFR in Serotype-specific OPA Day 1 to Month 13
444,outcome_overview_dose_description,56w post dose 1 adult,4w post dose 2 adult,,,23F (Shared),OG000,12.6,GMFR in Serotype-specific OPA Day 1 to Month 13
444,outcome_overview_schedule,1 dose adult,2 dose adult,,,23F (Shared),OG000,12.6,GMFR in Serotype-specific OPA Day 1 to Month 13
445,outcome_overview_dose_description,56w post dose 1 adult,4w post dose 2 adult,,,23F (Shared),OG001,9.7,GMFR in Serotype-specific OPA Day 1 to Month 13
445,outcome_overview_schedule,1 dose adult,2 dose adult,,,23F (Shared),OG001,9.7,GMFR in Serotype-specific OPA Day 1 to Month 13
446,outcome_overview_dose_description,56w post dose 1 adult,4w post dose 2 adult,,,22F (Unique to V114),OG000,30.2,GMFR in Serotype-specific OPA Day 1 to Month 13
446,outcome_overview_schedule,1 dose adult,2 dose adult,,,22F (Unique to V114),OG000,30.2,GMFR in Serotype-specific OPA Day 1 to Month 13
447,outcome_overview_dose_description,56w post dose 1 adult,4w post dose 2 adult,,,22F (Unique to V114),OG001,16.2,GMFR in Serotype-specific OPA Day 1 to Month 13
447,outcome_overview_schedule,1 dose adult,2 dose adult,,,22F (Unique to V114),OG001,16.2,GMFR in Serotype-specific OPA Day 1 to Month 13
448,outcome_overview_dose_description,56w post dose 1 adult,4w post dose 2 adult,,,33F (Unique to V114),OG000,5.8,GMFR in Serotype-specific OPA Day 1 to Month 13
448,outcome_overview_schedule,1 dose adult,2 dose adult,,,33F (Unique to V114),OG000,5.8,GMFR in Serotype-specific OPA Day 1 to Month 13
449,outcome_overview_dose_description,56w post dose 1 adult,4w post dose 2 adult,,,33F (Unique to V114),OG001,5.5,GMFR in Serotype-specific OPA Day 1 to Month 13
449,outcome_overview_schedule,1 dose adult,2 dose adult,,,33F (Unique to V114),OG001,5.5,GMFR in Serotype-specific OPA Day 1 to Month 13
450,outcome_overview_dose_description,56w post dose 1 adult,4w post dose 2 adult,,,1 (Shared),OG000,9.9,GMFR in Serotype-specific IgG Day 1 to Month 13
450,outcome_overview_schedule,1 dose adult,2 dose adult,,,1 (Shared),OG000,9.9,GMFR in Serotype-specific IgG Day 1 to Month 13
451,outcome_overview_dose_description,56w post dose 1 adult,4w post dose 2 adult,,,1 (Shared),OG001,10.5,GMFR in Serotype-specific IgG Day 1 to Month 13
451,outcome_overview_schedule,1 dose adult,2 dose adult,,,1 (Shared),OG001,10.5,GMFR in Serotype-specific IgG Day 1 to Month 13
452,outcome_overview_dose_description,56w post dose 1 adult,4w post dose 2 adult,,,3 (Shared),OG000,6.9,GMFR in Serotype-specific IgG Day 1 to Month 13
452,outcome_overview_schedule,1 dose adult,2 dose adult,,,3 (Shared),OG000,6.9,GMFR in Serotype-specific IgG Day 1 to Month 13
453,outcome_overview_dose_description,56w post dose 1 adult,4w post dose 2 adult,,,3 (Shared),OG001,6.7,GMFR in Serotype-specific IgG Day 1 to Month 13
453,outcome_overview_schedule,1 dose adult,2 dose adult,,,3 (Shared),OG001,6.7,GMFR in Serotype-specific IgG Day 1 to Month 13
454,outcome_overview_dose_description,56w post dose 1 adult,4w post dose 2 adult,,,4 (Shared),OG000,8.6,GMFR in Serotype-specific IgG Day 1 to Month 13
454,outcome_overview_schedule,1 dose adult,2 dose adult,,,4 (Shared),OG000,8.6,GMFR in Serotype-specific IgG Day 1 to Month 13
455,outcome_overview_dose_description,56w post dose 1 adult,4w post dose 2 adult,,,4 (Shared),OG001,9.5,GMFR in Serotype-specific IgG Day 1 to Month 13
455,outcome_overview_schedule,1 dose adult,2 dose adult,,,4 (Shared),OG001,9.5,GMFR in Serotype-specific IgG Day 1 to Month 13
456,outcome_overview_dose_description,56w post dose 1 adult,4w post dose 2 adult,,,5 (Shared),OG000,5.9,GMFR in Serotype-specific IgG Day 1 to Month 13
456,outcome_overview_schedule,1 dose adult,2 dose adult,,,5 (Shared),OG000,5.9,GMFR in Serotype-specific IgG Day 1 to Month 13
457,outcome_overview_dose_description,56w post dose 1 adult,4w post dose 2 adult,,,5 (Shared),OG001,5.9,GMFR in Serotype-specific IgG Day 1 to Month 13
457,outcome_overview_schedule,1 dose adult,2 dose adult,,,5 (Shared),OG001,5.9,GMFR in Serotype-specific IgG Day 1 to Month 13
458,outcome_overview_dose_description,56w post dose 1 adult,4w post dose 2 adult,,,6A (Shared),OG000,13.1,GMFR in Serotype-specific IgG Day 1 to Month 13
458,outcome_overview_schedule,1 dose adult,2 dose adult,,,6A (Shared),OG000,13.1,GMFR in Serotype-specific IgG Day 1 to Month 13
459,outcome_overview_dose_description,56w post dose 1 adult,4w post dose 2 adult,,,6A (Shared),OG001,10.8,GMFR in Serotype-specific IgG Day 1 to Month 13
459,outcome_overview_schedule,1 dose adult,2 dose adult,,,6A (Shared),OG001,10.8,GMFR in Serotype-specific IgG Day 1 to Month 13
460,outcome_overview_dose_description,56w post dose 1 adult,4w post dose 2 adult,,,6B (Shared),OG000,13.7,GMFR in Serotype-specific IgG Day 1 to Month 13
460,outcome_overview_schedule,1 dose adult,2 dose adult,,,6B (Shared),OG000,13.7,GMFR in Serotype-specific IgG Day 1 to Month 13
461,outcome_overview_dose_description,56w post dose 1 adult,4w post dose 2 adult,,,6B (Shared),OG001,11.9,GMFR in Serotype-specific IgG Day 1 to Month 13
461,outcome_overview_schedule,1 dose adult,2 dose adult,,,6B (Shared),OG001,11.9,GMFR in Serotype-specific IgG Day 1 to Month 13
462,outcome_overview_dose_description,56w post dose 1 adult,4w post dose 2 adult,,,7F (Shared),OG000,11.1,GMFR in Serotype-specific IgG Day 1 to Month 13
462,outcome_overview_schedule,1 dose adult,2 dose adult,,,7F (Shared),OG000,11.1,GMFR in Serotype-specific IgG Day 1 to Month 13
463,outcome_overview_dose_description,56w post dose 1 adult,4w post dose 2 adult,,,7F (Shared),OG001,11.2,GMFR in Serotype-specific IgG Day 1 to Month 13
463,outcome_overview_schedule,1 dose adult,2 dose adult,,,7F (Shared),OG001,11.2,GMFR in Serotype-specific IgG Day 1 to Month 13
464,outcome_overview_dose_description,56w post dose 1 adult,4w post dose 2 adult,,,9V (Shared),OG000,9.8,GMFR in Serotype-specific IgG Day 1 to Month 13
464,outcome_overview_schedule,1 dose adult,2 dose adult,,,9V (Shared),OG000,9.8,GMFR in Serotype-specific IgG Day 1 to Month 13
465,outcome_overview_dose_description,56w post dose 1 adult,4w post dose 2 adult,,,9V (Shared),OG001,9.2,GMFR in Serotype-specific IgG Day 1 to Month 13
465,outcome_overview_schedule,1 dose adult,2 dose adult,,,9V (Shared),OG001,9.2,GMFR in Serotype-specific IgG Day 1 to Month 13
466,outcome_overview_dose_description,56w post dose 1 adult,4w post dose 2 adult,,,14 (Shared),OG000,7.4,GMFR in Serotype-specific IgG Day 1 to Month 13
466,outcome_overview_schedule,1 dose adult,2 dose adult,,,14 (Shared),OG000,7.4,GMFR in Serotype-specific IgG Day 1 to Month 13
467,outcome_overview_dose_description,56w post dose 1 adult,4w post dose 2 adult,,,14 (Shared),OG001,6.9,GMFR in Serotype-specific IgG Day 1 to Month 13
467,outcome_overview_schedule,1 dose adult,2 dose adult,,,14 (Shared),OG001,6.9,GMFR in Serotype-specific IgG Day 1 to Month 13
468,outcome_overview_dose_description,56w post dose 1 adult,4w post dose 2 adult,,,18C (Shared),OG000,9.8,GMFR in Serotype-specific IgG Day 1 to Month 13
468,outcome_overview_schedule,1 dose adult,2 dose adult,,,18C (Shared),OG000,9.8,GMFR in Serotype-specific IgG Day 1 to Month 13
469,outcome_overview_dose_description,56w post dose 1 adult,4w post dose 2 adult,,,18C (Shared),OG001,8.2,GMFR in Serotype-specific IgG Day 1 to Month 13
469,outcome_overview_schedule,1 dose adult,2 dose adult,,,18C (Shared),OG001,8.2,GMFR in Serotype-specific IgG Day 1 to Month 13
470,outcome_overview_dose_description,56w post dose 1 adult,4w post dose 2 adult,,,19A (Shared),OG000,7.9,GMFR in Serotype-specific IgG Day 1 to Month 13
470,outcome_overview_schedule,1 dose adult,2 dose adult,,,19A (Shared),OG000,7.9,GMFR in Serotype-specific IgG Day 1 to Month 13
471,outcome_overview_dose_description,56w post dose 1 adult,4w post dose 2 adult,,,19A (Shared),OG001,7.0,GMFR in Serotype-specific IgG Day 1 to Month 13
471,outcome_overview_schedule,1 dose adult,2 dose adult,,,19A (Shared),OG001,7.0,GMFR in Serotype-specific IgG Day 1 to Month 13
472,outcome_overview_dose_description,56w post dose 1 adult,4w post dose 2 adult,,,19F (Shared),OG000,10.7,GMFR in Serotype-specific IgG Day 1 to Month 13
472,outcome_overview_schedule,1 dose adult,2 dose adult,,,19F (Shared),OG000,10.7,GMFR in Serotype-specific IgG Day 1 to Month 13
473,outcome_overview_dose_description,56w post dose 1 adult,4w post dose 2 adult,,,19F (Shared),OG001,10.0,GMFR in Serotype-specific IgG Day 1 to Month 13
473,outcome_overview_schedule,1 dose adult,2 dose adult,,,19F (Shared),OG001,10.0,GMFR in Serotype-specific IgG Day 1 to Month 13
474,outcome_overview_dose_description,56w post dose 1 adult,4w post dose 2 adult,,,23F (Shared),OG000,9.1,GMFR in Serotype-specific IgG Day 1 to Month 13
474,outcome_overview_schedule,1 dose adult,2 dose adult,,,23F (Shared),OG000,9.1,GMFR in Serotype-specific IgG Day 1 to Month 13
475,outcome_overview_dose_description,56w post dose 1 adult,4w post dose 2 adult,,,23F (Shared),OG001,7.6,GMFR in Serotype-specific IgG Day 1 to Month 13
475,outcome_overview_schedule,1 dose adult,2 dose adult,,,23F (Shared),OG001,7.6,GMFR in Serotype-specific IgG Day 1 to Month 13
476,outcome_overview_dose_description,56w post dose 1 adult,4w post dose 2 adult,,,22F (Unique to V114),OG000,14.2,GMFR in Serotype-specific IgG Day 1 to Month 13
476,outcome_overview_schedule,1 dose adult,2 dose adult,,,22F (Unique to V114),OG000,14.2,GMFR in Serotype-specific IgG Day 1 to Month 13
477,outcome_overview_dose_description,56w post dose 1 adult,4w post dose 2 adult,,,22F (Unique to V114),OG001,10.0,GMFR in Serotype-specific IgG Day 1 to Month 13
477,outcome_overview_schedule,1 dose adult,2 dose adult,,,22F (Unique to V114),OG001,10.0,GMFR in Serotype-specific IgG Day 1 to Month 13
478,outcome_overview_dose_description,56w post dose 1 adult,4w post dose 2 adult,,,33F (Unique to V114),OG000,8.1,GMFR in Serotype-specific IgG Day 1 to Month 13
478,outcome_overview_schedule,1 dose adult,2 dose adult,,,33F (Unique to V114),OG000,8.1,GMFR in Serotype-specific IgG Day 1 to Month 13
479,outcome_overview_dose_description,56w post dose 1 adult,4w post dose 2 adult,,,33F (Unique to V114),OG001,10.1,GMFR in Serotype-specific IgG Day 1 to Month 13
479,outcome_overview_schedule,1 dose adult,2 dose adult,,,33F (Unique to V114),OG001,10.1,GMFR in Serotype-specific IgG Day 1 to Month 13
480,outcome_overview_dose_description,56w post dose 1 adult,4w post dose 2 adult,,,1 (Shared),OG000,87.9,Percentage of Participants With ≥4-Fold Rise in Serotype-specific OPA Titer Day 1 to Month 13
480,outcome_overview_schedule,1 dose adult,2 dose adult,,,1 (Shared),OG000,87.9,Percentage of Participants With ≥4-Fold Rise in Serotype-specific OPA Titer Day 1 to Month 13
481,outcome_overview_dose_description,56w post dose 1 adult,4w post dose 2 adult,,,1 (Shared),OG001,78.8,Percentage of Participants With ≥4-Fold Rise in Serotype-specific OPA Titer Day 1 to Month 13
481,outcome_overview_schedule,1 dose adult,2 dose adult,,,1 (Shared),OG001,78.8,Percentage of Participants With ≥4-Fold Rise in Serotype-specific OPA Titer Day 1 to Month 13
482,outcome_overview_dose_description,56w post dose 1 adult,4w post dose 2 adult,,,3 (Shared),OG000,78.7,Percentage of Participants With ≥4-Fold Rise in Serotype-specific OPA Titer Day 1 to Month 13
482,outcome_overview_schedule,1 dose adult,2 dose adult,,,3 (Shared),OG000,78.7,Percentage of Participants With ≥4-Fold Rise in Serotype-specific OPA Titer Day 1 to Month 13
483,outcome_overview_dose_description,56w post dose 1 adult,4w post dose 2 adult,,,3 (Shared),OG001,76.0,Percentage of Participants With ≥4-Fold Rise in Serotype-specific OPA Titer Day 1 to Month 13
483,outcome_overview_schedule,1 dose adult,2 dose adult,,,3 (Shared),OG001,76.0,Percentage of Participants With ≥4-Fold Rise in Serotype-specific OPA Titer Day 1 to Month 13
484,outcome_overview_dose_description,56w post dose 1 adult,4w post dose 2 adult,,,4 (Shared),OG000,83.7,Percentage of Participants With ≥4-Fold Rise in Serotype-specific OPA Titer Day 1 to Month 13
484,outcome_overview_schedule,1 dose adult,2 dose adult,,,4 (Shared),OG000,83.7,Percentage of Participants With ≥4-Fold Rise in Serotype-specific OPA Titer Day 1 to Month 13
485,outcome_overview_dose_description,56w post dose 1 adult,4w post dose 2 adult,,,4 (Shared),OG001,84.3,Percentage of Participants With ≥4-Fold Rise in Serotype-specific OPA Titer Day 1 to Month 13
485,outcome_overview_schedule,1 dose adult,2 dose adult,,,4 (Shared),OG001,84.3,Percentage of Participants With ≥4-Fold Rise in Serotype-specific OPA Titer Day 1 to Month 13
486,outcome_overview_dose_description,56w post dose 1 adult,4w post dose 2 adult,,,5 (Shared),OG000,79.9,Percentage of Participants With ≥4-Fold Rise in Serotype-specific OPA Titer Day 1 to Month 13
486,outcome_overview_schedule,1 dose adult,2 dose adult,,,5 (Shared),OG000,79.9,Percentage of Participants With ≥4-Fold Rise in Serotype-specific OPA Titer Day 1 to Month 13
487,outcome_overview_dose_description,56w post dose 1 adult,4w post dose 2 adult,,,5 (Shared),OG001,80.9,Percentage of Participants With ≥4-Fold Rise in Serotype-specific OPA Titer Day 1 to Month 13
487,outcome_overview_schedule,1 dose adult,2 dose adult,,,5 (Shared),OG001,80.9,Percentage of Participants With ≥4-Fold Rise in Serotype-specific OPA Titer Day 1 to Month 13
488,outcome_overview_dose_description,56w post dose 1 adult,4w post dose 2 adult,,,6A (Shared),OG000,68.3,Percentage of Participants With ≥4-Fold Rise in Serotype-specific OPA Titer Day 1 to Month 13
488,outcome_overview_schedule,1 dose adult,2 dose adult,,,6A (Shared),OG000,68.3,Percentage of Participants With ≥4-Fold Rise in Serotype-specific OPA Titer Day 1 to Month 13
489,outcome_overview_dose_description,56w post dose 1 adult,4w post dose 2 adult,,,6A (Shared),OG001,64.5,Percentage of Participants With ≥4-Fold Rise in Serotype-specific OPA Titer Day 1 to Month 13
489,outcome_overview_schedule,1 dose adult,2 dose adult,,,6A (Shared),OG001,64.5,Percentage of Participants With ≥4-Fold Rise in Serotype-specific OPA Titer Day 1 to Month 13
490,outcome_overview_dose_description,56w post dose 1 adult,4w post dose 2 adult,,,6B (Shared),OG000,78.0,Percentage of Participants With ≥4-Fold Rise in Serotype-specific OPA Titer Day 1 to Month 13
490,outcome_overview_schedule,1 dose adult,2 dose adult,,,6B (Shared),OG000,78.0,Percentage of Participants With ≥4-Fold Rise in Serotype-specific OPA Titer Day 1 to Month 13
491,outcome_overview_dose_description,56w post dose 1 adult,4w post dose 2 adult,,,6B (Shared),OG001,77.1,Percentage of Participants With ≥4-Fold Rise in Serotype-specific OPA Titer Day 1 to Month 13
491,outcome_overview_schedule,1 dose adult,2 dose adult,,,6B (Shared),OG001,77.1,Percentage of Participants With ≥4-Fold Rise in Serotype-specific OPA Titer Day 1 to Month 13
492,outcome_overview_dose_description,56w post dose 1 adult,4w post dose 2 adult,,,7F (Shared),OG000,72.1,Percentage of Participants With ≥4-Fold Rise in Serotype-specific OPA Titer Day 1 to Month 13
492,outcome_overview_schedule,1 dose adult,2 dose adult,,,7F (Shared),OG000,72.1,Percentage of Participants With ≥4-Fold Rise in Serotype-specific OPA Titer Day 1 to Month 13
493,outcome_overview_dose_description,56w post dose 1 adult,4w post dose 2 adult,,,7F (Shared),OG001,64.6,Percentage of Participants With ≥4-Fold Rise in Serotype-specific OPA Titer Day 1 to Month 13
493,outcome_overview_schedule,1 dose adult,2 dose adult,,,7F (Shared),OG001,64.6,Percentage of Participants With ≥4-Fold Rise in Serotype-specific OPA Titer Day 1 to Month 13
494,outcome_overview_dose_description,56w post dose 1 adult,4w post dose 2 adult,,,9V (Shared),OG000,55.8,Percentage of Participants With ≥4-Fold Rise in Serotype-specific OPA Titer Day 1 to Month 13
494,outcome_overview_schedule,1 dose adult,2 dose adult,,,9V (Shared),OG000,55.8,Percentage of Participants With ≥4-Fold Rise in Serotype-specific OPA Titer Day 1 to Month 13
495,outcome_overview_dose_description,56w post dose 1 adult,4w post dose 2 adult,,,9V (Shared),OG001,50.8,Percentage of Participants With ≥4-Fold Rise in Serotype-specific OPA Titer Day 1 to Month 13
495,outcome_overview_schedule,1 dose adult,2 dose adult,,,9V (Shared),OG001,50.8,Percentage of Participants With ≥4-Fold Rise in Serotype-specific OPA Titer Day 1 to Month 13
496,outcome_overview_dose_description,56w post dose 1 adult,4w post dose 2 adult,,,14 (Shared),OG000,63.8,Percentage of Participants With ≥4-Fold Rise in Serotype-specific OPA Titer Day 1 to Month 13
496,outcome_overview_schedule,1 dose adult,2 dose adult,,,14 (Shared),OG000,63.8,Percentage of Participants With ≥4-Fold Rise in Serotype-specific OPA Titer Day 1 to Month 13
497,outcome_overview_dose_description,56w post dose 1 adult,4w post dose 2 adult,,,14 (Shared),OG001,58.7,Percentage of Participants With ≥4-Fold Rise in Serotype-specific OPA Titer Day 1 to Month 13
497,outcome_overview_schedule,1 dose adult,2 dose adult,,,14 (Shared),OG001,58.7,Percentage of Participants With ≥4-Fold Rise in Serotype-specific OPA Titer Day 1 to Month 13
498,outcome_overview_dose_description,56w post dose 1 adult,4w post dose 2 adult,,,18C (Shared),OG000,75.7,Percentage of Participants With ≥4-Fold Rise in Serotype-specific OPA Titer Day 1 to Month 13
498,outcome_overview_schedule,1 dose adult,2 dose adult,,,18C (Shared),OG000,75.7,Percentage of Participants With ≥4-Fold Rise in Serotype-specific OPA Titer Day 1 to Month 13
499,outcome_overview_dose_description,56w post dose 1 adult,4w post dose 2 adult,,,18C (Shared),OG001,73.7,Percentage of Participants With ≥4-Fold Rise in Serotype-specific OPA Titer Day 1 to Month 13
499,outcome_overview_schedule,1 dose adult,2 dose adult,,,18C (Shared),OG001,73.7,Percentage of Participants With ≥4-Fold Rise in Serotype-specific OPA Titer Day 1 to Month 13
500,outcome_overview_dose_description,56w post dose 1 adult,4w post dose 2 adult,,,19A (Shared),OG000,70.2,Percentage of Participants With ≥4-Fold Rise in Serotype-specific OPA Titer Day 1 to Month 13
500,outcome_overview_schedule,1 dose adult,2 dose adult,,,19A (Shared),OG000,70.2,Percentage of Participants With ≥4-Fold Rise in Serotype-specific OPA Titer Day 1 to Month 13
501,outcome_overview_dose_description,56w post dose 1 adult,4w post dose 2 adult,,,19A (Shared),OG001,66.3,Percentage of Participants With ≥4-Fold Rise in Serotype-specific OPA Titer Day 1 to Month 13
501,outcome_overview_schedule,1 dose adult,2 dose adult,,,19A (Shared),OG001,66.3,Percentage of Participants With ≥4-Fold Rise in Serotype-specific OPA Titer Day 1 to Month 13
502,outcome_overview_dose_description,56w post dose 1 adult,4w post dose 2 adult,,,19F (Shared),OG000,68.4,Percentage of Participants With ≥4-Fold Rise in Serotype-specific OPA Titer Day 1 to Month 13
502,outcome_overview_schedule,1 dose adult,2 dose adult,,,19F (Shared),OG000,68.4,Percentage of Participants With ≥4-Fold Rise in Serotype-specific OPA Titer Day 1 to Month 13
503,outcome_overview_dose_description,56w post dose 1 adult,4w post dose 2 adult,,,19F (Shared),OG001,62.1,Percentage of Participants With ≥4-Fold Rise in Serotype-specific OPA Titer Day 1 to Month 13
503,outcome_overview_schedule,1 dose adult,2 dose adult,,,19F (Shared),OG001,62.1,Percentage of Participants With ≥4-Fold Rise in Serotype-specific OPA Titer Day 1 to Month 13
504,outcome_overview_dose_description,56w post dose 1 adult,4w post dose 2 adult,,,23F (Shared),OG000,74.4,Percentage of Participants With ≥4-Fold Rise in Serotype-specific OPA Titer Day 1 to Month 13
504,outcome_overview_schedule,1 dose adult,2 dose adult,,,23F (Shared),OG000,74.4,Percentage of Participants With ≥4-Fold Rise in Serotype-specific OPA Titer Day 1 to Month 13
505,outcome_overview_dose_description,56w post dose 1 adult,4w post dose 2 adult,,,23F (Shared),OG001,66.3,Percentage of Participants With ≥4-Fold Rise in Serotype-specific OPA Titer Day 1 to Month 13
505,outcome_overview_schedule,1 dose adult,2 dose adult,,,23F (Shared),OG001,66.3,Percentage of Participants With ≥4-Fold Rise in Serotype-specific OPA Titer Day 1 to Month 13
506,outcome_overview_dose_description,56w post dose 1 adult,4w post dose 2 adult,,,22F (Unique to V114),OG000,79.5,Percentage of Participants With ≥4-Fold Rise in Serotype-specific OPA Titer Day 1 to Month 13
506,outcome_overview_schedule,1 dose adult,2 dose adult,,,22F (Unique to V114),OG000,79.5,Percentage of Participants With ≥4-Fold Rise in Serotype-specific OPA Titer Day 1 to Month 13
507,outcome_overview_dose_description,56w post dose 1 adult,4w post dose 2 adult,,,22F (Unique to V114),OG001,62.6,Percentage of Participants With ≥4-Fold Rise in Serotype-specific OPA Titer Day 1 to Month 13
507,outcome_overview_schedule,1 dose adult,2 dose adult,,,22F (Unique to V114),OG001,62.6,Percentage of Participants With ≥4-Fold Rise in Serotype-specific OPA Titer Day 1 to Month 13
508,outcome_overview_dose_description,56w post dose 1 adult,4w post dose 2 adult,,,33F (Unique to V114),OG000,55.8,Percentage of Participants With ≥4-Fold Rise in Serotype-specific OPA Titer Day 1 to Month 13
508,outcome_overview_schedule,1 dose adult,2 dose adult,,,33F (Unique to V114),OG000,55.8,Percentage of Participants With ≥4-Fold Rise in Serotype-specific OPA Titer Day 1 to Month 13
509,outcome_overview_dose_description,56w post dose 1 adult,4w post dose 2 adult,,,33F (Unique to V114),OG001,51.6,Percentage of Participants With ≥4-Fold Rise in Serotype-specific OPA Titer Day 1 to Month 13
509,outcome_overview_schedule,1 dose adult,2 dose adult,,,33F (Unique to V114),OG001,51.6,Percentage of Participants With ≥4-Fold Rise in Serotype-specific OPA Titer Day 1 to Month 13
510,outcome_overview_dose_description,56w post dose 1 adult,4w post dose 2 adult,,,1 (Shared),OG000,79.5,Percentage of Participants With ≥4-Fold Rise in Serotype-specific IgG Concentration Day 1 to Month 13
510,outcome_overview_schedule,1 dose adult,2 dose adult,,,1 (Shared),OG000,79.5,Percentage of Participants With ≥4-Fold Rise in Serotype-specific IgG Concentration Day 1 to Month 13
511,outcome_overview_dose_description,56w post dose 1 adult,4w post dose 2 adult,,,1 (Shared),OG001,78.5,Percentage of Participants With ≥4-Fold Rise in Serotype-specific IgG Concentration Day 1 to Month 13
511,outcome_overview_schedule,1 dose adult,2 dose adult,,,1 (Shared),OG001,78.5,Percentage of Participants With ≥4-Fold Rise in Serotype-specific IgG Concentration Day 1 to Month 13
512,outcome_overview_dose_description,56w post dose 1 adult,4w post dose 2 adult,,,3 (Shared),OG000,72.5,Percentage of Participants With ≥4-Fold Rise in Serotype-specific IgG Concentration Day 1 to Month 13
512,outcome_overview_schedule,1 dose adult,2 dose adult,,,3 (Shared),OG000,72.5,Percentage of Participants With ≥4-Fold Rise in Serotype-specific IgG Concentration Day 1 to Month 13
513,outcome_overview_dose_description,56w post dose 1 adult,4w post dose 2 adult,,,3 (Shared),OG001,68.6,Percentage of Participants With ≥4-Fold Rise in Serotype-specific IgG Concentration Day 1 to Month 13
513,outcome_overview_schedule,1 dose adult,2 dose adult,,,3 (Shared),OG001,68.6,Percentage of Participants With ≥4-Fold Rise in Serotype-specific IgG Concentration Day 1 to Month 13
514,outcome_overview_dose_description,56w post dose 1 adult,4w post dose 2 adult,,,4 (Shared),OG000,76.6,Percentage of Participants With ≥4-Fold Rise in Serotype-specific IgG Concentration Day 1 to Month 13
514,outcome_overview_schedule,1 dose adult,2 dose adult,,,4 (Shared),OG000,76.6,Percentage of Participants With ≥4-Fold Rise in Serotype-specific IgG Concentration Day 1 to Month 13
515,outcome_overview_dose_description,56w post dose 1 adult,4w post dose 2 adult,,,4 (Shared),OG001,75.5,Percentage of Participants With ≥4-Fold Rise in Serotype-specific IgG Concentration Day 1 to Month 13
515,outcome_overview_schedule,1 dose adult,2 dose adult,,,4 (Shared),OG001,75.5,Percentage of Participants With ≥4-Fold Rise in Serotype-specific IgG Concentration Day 1 to Month 13
516,outcome_overview_dose_description,56w post dose 1 adult,4w post dose 2 adult,,,5 (Shared),OG000,59.7,Percentage of Participants With ≥4-Fold Rise in Serotype-specific IgG Concentration Day 1 to Month 13
516,outcome_overview_schedule,1 dose adult,2 dose adult,,,5 (Shared),OG000,59.7,Percentage of Participants With ≥4-Fold Rise in Serotype-specific IgG Concentration Day 1 to Month 13
517,outcome_overview_dose_description,56w post dose 1 adult,4w post dose 2 adult,,,5 (Shared),OG001,59.9,Percentage of Participants With ≥4-Fold Rise in Serotype-specific IgG Concentration Day 1 to Month 13
517,outcome_overview_schedule,1 dose adult,2 dose adult,,,5 (Shared),OG001,59.9,Percentage of Participants With ≥4-Fold Rise in Serotype-specific IgG Concentration Day 1 to Month 13
518,outcome_overview_dose_description,56w post dose 1 adult,4w post dose 2 adult,,,6A (Shared),OG000,81.0,Percentage of Participants With ≥4-Fold Rise in Serotype-specific IgG Concentration Day 1 to Month 13
518,outcome_overview_schedule,1 dose adult,2 dose adult,,,6A (Shared),OG000,81.0,Percentage of Participants With ≥4-Fold Rise in Serotype-specific IgG Concentration Day 1 to Month 13
519,outcome_overview_dose_description,56w post dose 1 adult,4w post dose 2 adult,,,6A (Shared),OG001,77.0,Percentage of Participants With ≥4-Fold Rise in Serotype-specific IgG Concentration Day 1 to Month 13
519,outcome_overview_schedule,1 dose adult,2 dose adult,,,6A (Shared),OG001,77.0,Percentage of Participants With ≥4-Fold Rise in Serotype-specific IgG Concentration Day 1 to Month 13
520,outcome_overview_dose_description,56w post dose 1 adult,4w post dose 2 adult,,,6B (Shared),OG000,81.0,Percentage of Participants With ≥4-Fold Rise in Serotype-specific IgG Concentration Day 1 to Month 13
520,outcome_overview_schedule,1 dose adult,2 dose adult,,,6B (Shared),OG000,81.0,Percentage of Participants With ≥4-Fold Rise in Serotype-specific IgG Concentration Day 1 to Month 13
521,outcome_overview_dose_description,56w post dose 1 adult,4w post dose 2 adult,,,6B (Shared),OG001,77.0,Percentage of Participants With ≥4-Fold Rise in Serotype-specific IgG Concentration Day 1 to Month 13
521,outcome_overview_schedule,1 dose adult,2 dose adult,,,6B (Shared),OG001,77.0,Percentage of Participants With ≥4-Fold Rise in Serotype-specific IgG Concentration Day 1 to Month 13
522,outcome_overview_dose_description,56w post dose 1 adult,4w post dose 2 adult,,,7F (Shared),OG000,81.7,Percentage of Participants With ≥4-Fold Rise in Serotype-specific IgG Concentration Day 1 to Month 13
522,outcome_overview_schedule,1 dose adult,2 dose adult,,,7F (Shared),OG000,81.7,Percentage of Participants With ≥4-Fold Rise in Serotype-specific IgG Concentration Day 1 to Month 13
523,outcome_overview_dose_description,56w post dose 1 adult,4w post dose 2 adult,,,7F (Shared),OG001,81.4,Percentage of Participants With ≥4-Fold Rise in Serotype-specific IgG Concentration Day 1 to Month 13
523,outcome_overview_schedule,1 dose adult,2 dose adult,,,7F (Shared),OG001,81.4,Percentage of Participants With ≥4-Fold Rise in Serotype-specific IgG Concentration Day 1 to Month 13
524,outcome_overview_dose_description,56w post dose 1 adult,4w post dose 2 adult,,,9V (Shared),OG000,76.2,Percentage of Participants With ≥4-Fold Rise in Serotype-specific IgG Concentration Day 1 to Month 13
524,outcome_overview_schedule,1 dose adult,2 dose adult,,,9V (Shared),OG000,76.2,Percentage of Participants With ≥4-Fold Rise in Serotype-specific IgG Concentration Day 1 to Month 13
525,outcome_overview_dose_description,56w post dose 1 adult,4w post dose 2 adult,,,9V (Shared),OG001,73.4,Percentage of Participants With ≥4-Fold Rise in Serotype-specific IgG Concentration Day 1 to Month 13
525,outcome_overview_schedule,1 dose adult,2 dose adult,,,9V (Shared),OG001,73.4,Percentage of Participants With ≥4-Fold Rise in Serotype-specific IgG Concentration Day 1 to Month 13
526,outcome_overview_dose_description,56w post dose 1 adult,4w post dose 2 adult,,,14 (Shared),OG000,68.5,Percentage of Participants With ≥4-Fold Rise in Serotype-specific IgG Concentration Day 1 to Month 13
526,outcome_overview_schedule,1 dose adult,2 dose adult,,,14 (Shared),OG000,68.5,Percentage of Participants With ≥4-Fold Rise in Serotype-specific IgG Concentration Day 1 to Month 13
527,outcome_overview_dose_description,56w post dose 1 adult,4w post dose 2 adult,,,14 (Shared),OG001,63.9,Percentage of Participants With ≥4-Fold Rise in Serotype-specific IgG Concentration Day 1 to Month 13
527,outcome_overview_schedule,1 dose adult,2 dose adult,,,14 (Shared),OG001,63.9,Percentage of Participants With ≥4-Fold Rise in Serotype-specific IgG Concentration Day 1 to Month 13
528,outcome_overview_dose_description,56w post dose 1 adult,4w post dose 2 adult,,,18C (Shared),OG000,78.0,Percentage of Participants With ≥4-Fold Rise in Serotype-specific IgG Concentration Day 1 to Month 13
528,outcome_overview_schedule,1 dose adult,2 dose adult,,,18C (Shared),OG000,78.0,Percentage of Participants With ≥4-Fold Rise in Serotype-specific IgG Concentration Day 1 to Month 13
529,outcome_overview_dose_description,56w post dose 1 adult,4w post dose 2 adult,,,18C (Shared),OG001,70.8,Percentage of Participants With ≥4-Fold Rise in Serotype-specific IgG Concentration Day 1 to Month 13
529,outcome_overview_schedule,1 dose adult,2 dose adult,,,18C (Shared),OG001,70.8,Percentage of Participants With ≥4-Fold Rise in Serotype-specific IgG Concentration Day 1 to Month 13
530,outcome_overview_dose_description,56w post dose 1 adult,4w post dose 2 adult,,,19A (Shared),OG000,70.0,Percentage of Participants With ≥4-Fold Rise in Serotype-specific IgG Concentration Day 1 to Month 13
530,outcome_overview_schedule,1 dose adult,2 dose adult,,,19A (Shared),OG000,70.0,Percentage of Participants With ≥4-Fold Rise in Serotype-specific IgG Concentration Day 1 to Month 13
531,outcome_overview_dose_description,56w post dose 1 adult,4w post dose 2 adult,,,19A (Shared),OG001,66.4,Percentage of Participants With ≥4-Fold Rise in Serotype-specific IgG Concentration Day 1 to Month 13
531,outcome_overview_schedule,1 dose adult,2 dose adult,,,19A (Shared),OG001,66.4,Percentage of Participants With ≥4-Fold Rise in Serotype-specific IgG Concentration Day 1 to Month 13
532,outcome_overview_dose_description,56w post dose 1 adult,4w post dose 2 adult,,,19F (Shared),OG000,77.3,Percentage of Participants With ≥4-Fold Rise in Serotype-specific IgG Concentration Day 1 to Month 13
532,outcome_overview_schedule,1 dose adult,2 dose adult,,,19F (Shared),OG000,77.3,Percentage of Participants With ≥4-Fold Rise in Serotype-specific IgG Concentration Day 1 to Month 13
533,outcome_overview_dose_description,56w post dose 1 adult,4w post dose 2 adult,,,19F (Shared),OG001,74.0,Percentage of Participants With ≥4-Fold Rise in Serotype-specific IgG Concentration Day 1 to Month 13
533,outcome_overview_schedule,1 dose adult,2 dose adult,,,19F (Shared),OG001,74.0,Percentage of Participants With ≥4-Fold Rise in Serotype-specific IgG Concentration Day 1 to Month 13
534,outcome_overview_dose_description,56w post dose 1 adult,4w post dose 2 adult,,,23F (Shared),OG000,72.2,Percentage of Participants With ≥4-Fold Rise in Serotype-specific IgG Concentration Day 1 to Month 13
534,outcome_overview_schedule,1 dose adult,2 dose adult,,,23F (Shared),OG000,72.2,Percentage of Participants With ≥4-Fold Rise in Serotype-specific IgG Concentration Day 1 to Month 13
535,outcome_overview_dose_description,56w post dose 1 adult,4w post dose 2 adult,,,23F (Shared),OG001,69.7,Percentage of Participants With ≥4-Fold Rise in Serotype-specific IgG Concentration Day 1 to Month 13
535,outcome_overview_schedule,1 dose adult,2 dose adult,,,23F (Shared),OG001,69.7,Percentage of Participants With ≥4-Fold Rise in Serotype-specific IgG Concentration Day 1 to Month 13
536,outcome_overview_dose_description,56w post dose 1 adult,4w post dose 2 adult,,,22F (Unique to V114),OG000,80.6,Percentage of Participants With ≥4-Fold Rise in Serotype-specific IgG Concentration Day 1 to Month 13
536,outcome_overview_schedule,1 dose adult,2 dose adult,,,22F (Unique to V114),OG000,80.6,Percentage of Participants With ≥4-Fold Rise in Serotype-specific IgG Concentration Day 1 to Month 13
537,outcome_overview_dose_description,56w post dose 1 adult,4w post dose 2 adult,,,22F (Unique to V114),OG001,71.9,Percentage of Participants With ≥4-Fold Rise in Serotype-specific IgG Concentration Day 1 to Month 13
537,outcome_overview_schedule,1 dose adult,2 dose adult,,,22F (Unique to V114),OG001,71.9,Percentage of Participants With ≥4-Fold Rise in Serotype-specific IgG Concentration Day 1 to Month 13
538,outcome_overview_dose_description,56w post dose 1 adult,4w post dose 2 adult,,,33F (Unique to V114),OG000,75.5,Percentage of Participants With ≥4-Fold Rise in Serotype-specific IgG Concentration Day 1 to Month 13
538,outcome_overview_schedule,1 dose adult,2 dose adult,,,33F (Unique to V114),OG000,75.5,Percentage of Participants With ≥4-Fold Rise in Serotype-specific IgG Concentration Day 1 to Month 13
539,outcome_overview_dose_description,56w post dose 1 adult,4w post dose 2 adult,,,33F (Unique to V114),OG001,76.6,Percentage of Participants With ≥4-Fold Rise in Serotype-specific IgG Concentration Day 1 to Month 13
539,outcome_overview_schedule,1 dose adult,2 dose adult,,,33F (Unique to V114),OG001,76.6,Percentage of Participants With ≥4-Fold Rise in Serotype-specific IgG Concentration Day 1 to Month 13
540,outcome_overview_schedule,1 dose adult,2 dose adult,,,1 (Shared),OG000,2.7,GMFR in Serotype-specific OPA Month 12 to Month 13
541,outcome_overview_schedule,1 dose adult,2 dose adult,,,1 (Shared),OG001,2.3,GMFR in Serotype-specific OPA Month 12 to Month 13
542,outcome_overview_schedule,1 dose adult,2 dose adult,,,3 (Shared),OG000,3.0,GMFR in Serotype-specific OPA Month 12 to Month 13
543,outcome_overview_schedule,1 dose adult,2 dose adult,,,3 (Shared),OG001,4.1,GMFR in Serotype-specific OPA Month 12 to Month 13
544,outcome_overview_schedule,1 dose adult,2 dose adult,,,4 (Shared),OG000,3.3,GMFR in Serotype-specific OPA Month 12 to Month 13
545,outcome_overview_schedule,1 dose adult,2 dose adult,,,4 (Shared),OG001,2.3,GMFR in Serotype-specific OPA Month 12 to Month 13
546,outcome_overview_schedule,1 dose adult,2 dose adult,,,5 (Shared),OG000,3.1,GMFR in Serotype-specific OPA Month 12 to Month 13
547,outcome_overview_schedule,1 dose adult,2 dose adult,,,5 (Shared),OG001,2.6,GMFR in Serotype-specific OPA Month 12 to Month 13
548,outcome_overview_schedule,1 dose adult,2 dose adult,,,6A (Shared),OG000,1.3,GMFR in Serotype-specific OPA Month 12 to Month 13
549,outcome_overview_schedule,1 dose adult,2 dose adult,,,6A (Shared),OG001,1.3,GMFR in Serotype-specific OPA Month 12 to Month 13
550,outcome_overview_schedule,1 dose adult,2 dose adult,,,6B (Shared),OG000,1.5,GMFR in Serotype-specific OPA Month 12 to Month 13
551,outcome_overview_schedule,1 dose adult,2 dose adult,,,6B (Shared),OG001,1.9,GMFR in Serotype-specific OPA Month 12 to Month 13
552,outcome_overview_schedule,1 dose adult,2 dose adult,,,7F (Shared),OG000,2.3,GMFR in Serotype-specific OPA Month 12 to Month 13
553,outcome_overview_schedule,1 dose adult,2 dose adult,,,7F (Shared),OG001,2.1,GMFR in Serotype-specific OPA Month 12 to Month 13
554,outcome_overview_schedule,1 dose adult,2 dose adult,,,9V (Shared),OG000,2.0,GMFR in Serotype-specific OPA Month 12 to Month 13
555,outcome_overview_schedule,1 dose adult,2 dose adult,,,9V (Shared),OG001,1.7,GMFR in Serotype-specific OPA Month 12 to Month 13
556,outcome_overview_schedule,1 dose adult,2 dose adult,,,14 (Shared),OG000,2.1,GMFR in Serotype-specific OPA Month 12 to Month 13
557,outcome_overview_schedule,1 dose adult,2 dose adult,,,14 (Shared),OG001,1.9,GMFR in Serotype-specific OPA Month 12 to Month 13
558,outcome_overview_schedule,1 dose adult,2 dose adult,,,18C (Shared),OG000,1.5,GMFR in Serotype-specific OPA Month 12 to Month 13
559,outcome_overview_schedule,1 dose adult,2 dose adult,,,18C (Shared),OG001,1.7,GMFR in Serotype-specific OPA Month 12 to Month 13
560,outcome_overview_schedule,1 dose adult,2 dose adult,,,19A (Shared),OG000,2.1,GMFR in Serotype-specific OPA Month 12 to Month 13
561,outcome_overview_schedule,1 dose adult,2 dose adult,,,19A (Shared),OG001,2.0,GMFR in Serotype-specific OPA Month 12 to Month 13
562,outcome_overview_schedule,1 dose adult,2 dose adult,,,19F (Shared),OG000,2.3,GMFR in Serotype-specific OPA Month 12 to Month 13
563,outcome_overview_schedule,1 dose adult,2 dose adult,,,19F (Shared),OG001,2.3,GMFR in Serotype-specific OPA Month 12 to Month 13
564,outcome_overview_schedule,1 dose adult,2 dose adult,,,23F (Shared),OG000,1.9,GMFR in Serotype-specific OPA Month 12 to Month 13
565,outcome_overview_schedule,1 dose adult,2 dose adult,,,23F (Shared),OG001,1.9,GMFR in Serotype-specific OPA Month 12 to Month 13
566,outcome_overview_schedule,1 dose adult,2 dose adult,,,22F (Unique to V114),OG000,2.5,GMFR in Serotype-specific OPA Month 12 to Month 13
567,outcome_overview_schedule,1 dose adult,2 dose adult,,,22F (Unique to V114),OG001,14.2,GMFR in Serotype-specific OPA Month 12 to Month 13
568,outcome_overview_schedule,1 dose adult,2 dose adult,,,33F (Unique to V114),OG000,2.0,GMFR in Serotype-specific OPA Month 12 to Month 13
569,outcome_overview_schedule,1 dose adult,2 dose adult,,,33F (Unique to V114),OG001,6.2,GMFR in Serotype-specific OPA Month 12 to Month 13
570,outcome_overview_schedule,1 dose adult,2 dose adult,,,1 (Shared),OG000,1.9,GMFR in Serotype-specific IgG Month 12 to Month 13
571,outcome_overview_schedule,1 dose adult,2 dose adult,,,1 (Shared),OG001,1.6,GMFR in Serotype-specific IgG Month 12 to Month 13
572,outcome_overview_schedule,1 dose adult,2 dose adult,,,3 (Shared),OG000,2.6,GMFR in Serotype-specific IgG Month 12 to Month 13
573,outcome_overview_schedule,1 dose adult,2 dose adult,,,3 (Shared),OG001,3.7,GMFR in Serotype-specific IgG Month 12 to Month 13
574,outcome_overview_schedule,1 dose adult,2 dose adult,,,4 (Shared),OG000,2.0,GMFR in Serotype-specific IgG Month 12 to Month 13
575,outcome_overview_schedule,1 dose adult,2 dose adult,,,4 (Shared),OG001,1.7,GMFR in Serotype-specific IgG Month 12 to Month 13
576,outcome_overview_schedule,1 dose adult,2 dose adult,,,5 (Shared),OG000,2.3,GMFR in Serotype-specific IgG Month 12 to Month 13
577,outcome_overview_schedule,1 dose adult,2 dose adult,,,5 (Shared),OG001,2.0,GMFR in Serotype-specific IgG Month 12 to Month 13
578,outcome_overview_schedule,1 dose adult,2 dose adult,,,6A (Shared),OG000,1.2,GMFR in Serotype-specific IgG Month 12 to Month 13
579,outcome_overview_schedule,1 dose adult,2 dose adult,,,6A (Shared),OG001,1.3,GMFR in Serotype-specific IgG Month 12 to Month 13
580,outcome_overview_schedule,1 dose adult,2 dose adult,,,6B (Shared),OG000,1.3,GMFR in Serotype-specific IgG Month 12 to Month 13
581,outcome_overview_schedule,1 dose adult,2 dose adult,,,6B (Shared),OG001,1.6,GMFR in Serotype-specific IgG Month 12 to Month 13
582,outcome_overview_schedule,1 dose adult,2 dose adult,,,7F (Shared),OG000,2.1,GMFR in Serotype-specific IgG Month 12 to Month 13
583,outcome_overview_schedule,1 dose adult,2 dose adult,,,7F (Shared),OG001,1.8,GMFR in Serotype-specific IgG Month 12 to Month 13
584,outcome_overview_schedule,1 dose adult,2 dose adult,,,9V (Shared),OG000,1.8,GMFR in Serotype-specific IgG Month 12 to Month 13
585,outcome_overview_schedule,1 dose adult,2 dose adult,,,9V (Shared),OG001,1.7,GMFR in Serotype-specific IgG Month 12 to Month 13
586,outcome_overview_schedule,1 dose adult,2 dose adult,,,14 (Shared),OG000,1.9,GMFR in Serotype-specific IgG Month 12 to Month 13
587,outcome_overview_schedule,1 dose adult,2 dose adult,,,14 (Shared),OG001,1.7,GMFR in Serotype-specific IgG Month 12 to Month 13
588,outcome_overview_schedule,1 dose adult,2 dose adult,,,18C (Shared),OG000,1.2,GMFR in Serotype-specific IgG Month 12 to Month 13
589,outcome_overview_schedule,1 dose adult,2 dose adult,,,18C (Shared),OG001,1.5,GMFR in Serotype-specific IgG Month 12 to Month 13
590,outcome_overview_schedule,1 dose adult,2 dose adult,,,19A (Shared),OG000,1.6,GMFR in Serotype-specific IgG Month 12 to Month 13
591,outcome_overview_schedule,1 dose adult,2 dose adult,,,19A (Shared),OG001,1.6,GMFR in Serotype-specific IgG Month 12 to Month 13
592,outcome_overview_schedule,1 dose adult,2 dose adult,,,19F (Shared),OG000,2.0,GMFR in Serotype-specific IgG Month 12 to Month 13
593,outcome_overview_schedule,1 dose adult,2 dose adult,,,19F (Shared),OG001,2.1,GMFR in Serotype-specific IgG Month 12 to Month 13
594,outcome_overview_schedule,1 dose adult,2 dose adult,,,23F (Shared),OG000,1.4,GMFR in Serotype-specific IgG Month 12 to Month 13
595,outcome_overview_schedule,1 dose adult,2 dose adult,,,23F (Shared),OG001,1.6,GMFR in Serotype-specific IgG Month 12 to Month 13
596,outcome_overview_schedule,1 dose adult,2 dose adult,,,22F (Unique to V114),OG000,2.4,GMFR in Serotype-specific IgG Month 12 to Month 13
597,outcome_overview_schedule,1 dose adult,2 dose adult,,,22F (Unique to V114),OG001,10.0,GMFR in Serotype-specific IgG Month 12 to Month 13
598,outcome_overview_schedule,1 dose adult,2 dose adult,,,33F (Unique to V114),OG000,1.7,GMFR in Serotype-specific IgG Month 12 to Month 13
599,outcome_overview_schedule,1 dose adult,2 dose adult,,,33F (Unique to V114),OG001,10.7,GMFR in Serotype-specific IgG Month 12 to Month 13
600,outcome_overview_schedule,1 dose adult,2 dose adult,,,1 (Shared),OG000,29.7,Percentage of Participants With ≥4-Fold Rise in Serotype-specific OPA Titer Month 12 to Month 13
601,outcome_overview_schedule,1 dose adult,2 dose adult,,,1 (Shared),OG001,25.6,Percentage of Participants With ≥4-Fold Rise in Serotype-specific OPA Titer Month 12 to Month 13
602,outcome_overview_schedule,1 dose adult,2 dose adult,,,3 (Shared),OG000,39.0,Percentage of Participants With ≥4-Fold Rise in Serotype-specific OPA Titer Month 12 to Month 13
603,outcome_overview_schedule,1 dose adult,2 dose adult,,,3 (Shared),OG001,49.6,Percentage of Participants With ≥4-Fold Rise in Serotype-specific OPA Titer Month 12 to Month 13
604,outcome_overview_schedule,1 dose adult,2 dose adult,,,4 (Shared),OG000,36.3,Percentage of Participants With ≥4-Fold Rise in Serotype-specific OPA Titer Month 12 to Month 13
605,outcome_overview_schedule,1 dose adult,2 dose adult,,,4 (Shared),OG001,22.3,Percentage of Participants With ≥4-Fold Rise in Serotype-specific OPA Titer Month 12 to Month 13
606,outcome_overview_schedule,1 dose adult,2 dose adult,,,5 (Shared),OG000,34.9,Percentage of Participants With ≥4-Fold Rise in Serotype-specific OPA Titer Month 12 to Month 13
607,outcome_overview_schedule,1 dose adult,2 dose adult,,,5 (Shared),OG001,29.2,Percentage of Participants With ≥4-Fold Rise in Serotype-specific OPA Titer Month 12 to Month 13
608,outcome_overview_schedule,1 dose adult,2 dose adult,,,6A (Shared),OG000,9.1,Percentage of Participants With ≥4-Fold Rise in Serotype-specific OPA Titer Month 12 to Month 13
609,outcome_overview_schedule,1 dose adult,2 dose adult,,,6A (Shared),OG001,10.4,Percentage of Participants With ≥4-Fold Rise in Serotype-specific OPA Titer Month 12 to Month 13
610,outcome_overview_schedule,1 dose adult,2 dose adult,,,6B (Shared),OG000,8.8,Percentage of Participants With ≥4-Fold Rise in Serotype-specific OPA Titer Month 12 to Month 13
611,outcome_overview_schedule,1 dose adult,2 dose adult,,,6B (Shared),OG001,16.1,Percentage of Participants With ≥4-Fold Rise in Serotype-specific OPA Titer Month 12 to Month 13
612,outcome_overview_schedule,1 dose adult,2 dose adult,,,7F (Shared),OG000,24.7,Percentage of Participants With ≥4-Fold Rise in Serotype-specific OPA Titer Month 12 to Month 13
613,outcome_overview_schedule,1 dose adult,2 dose adult,,,7F (Shared),OG001,21.2,Percentage of Participants With ≥4-Fold Rise in Serotype-specific OPA Titer Month 12 to Month 13
614,outcome_overview_schedule,1 dose adult,2 dose adult,,,9V (Shared),OG000,20.1,Percentage of Participants With ≥4-Fold Rise in Serotype-specific OPA Titer Month 12 to Month 13
615,outcome_overview_schedule,1 dose adult,2 dose adult,,,9V (Shared),OG001,16.5,Percentage of Participants With ≥4-Fold Rise in Serotype-specific OPA Titer Month 12 to Month 13
616,outcome_overview_schedule,1 dose adult,2 dose adult,,,14 (Shared),OG000,21.3,Percentage of Participants With ≥4-Fold Rise in Serotype-specific OPA Titer Month 12 to Month 13
617,outcome_overview_schedule,1 dose adult,2 dose adult,,,14 (Shared),OG001,12.9,Percentage of Participants With ≥4-Fold Rise in Serotype-specific OPA Titer Month 12 to Month 13
618,outcome_overview_schedule,1 dose adult,2 dose adult,,,18C (Shared),OG000,10.7,Percentage of Participants With ≥4-Fold Rise in Serotype-specific OPA Titer Month 12 to Month 13
619,outcome_overview_schedule,1 dose adult,2 dose adult,,,18C (Shared),OG001,15.7,Percentage of Participants With ≥4-Fold Rise in Serotype-specific OPA Titer Month 12 to Month 13
620,outcome_overview_schedule,1 dose adult,2 dose adult,,,19A (Shared),OG000,20.4,Percentage of Participants With ≥4-Fold Rise in Serotype-specific OPA Titer Month 12 to Month 13
621,outcome_overview_schedule,1 dose adult,2 dose adult,,,19A (Shared),OG001,17.9,Percentage of Participants With ≥4-Fold Rise in Serotype-specific OPA Titer Month 12 to Month 13
622,outcome_overview_schedule,1 dose adult,2 dose adult,,,19F (Shared),OG000,25.3,Percentage of Participants With ≥4-Fold Rise in Serotype-specific OPA Titer Month 12 to Month 13
623,outcome_overview_schedule,1 dose adult,2 dose adult,,,19F (Shared),OG001,27.4,Percentage of Participants With ≥4-Fold Rise in Serotype-specific OPA Titer Month 12 to Month 13
624,outcome_overview_schedule,1 dose adult,2 dose adult,,,23F (Shared),OG000,19.0,Percentage of Participants With ≥4-Fold Rise in Serotype-specific OPA Titer Month 12 to Month 13
625,outcome_overview_schedule,1 dose adult,2 dose adult,,,23F (Shared),OG001,17.8,Percentage of Participants With ≥4-Fold Rise in Serotype-specific OPA Titer Month 12 to Month 13
626,outcome_overview_schedule,1 dose adult,2 dose adult,,,22F (Unique to V114),OG000,26.8,Percentage of Participants With ≥4-Fold Rise in Serotype-specific OPA Titer Month 12 to Month 13
627,outcome_overview_schedule,1 dose adult,2 dose adult,,,22F (Unique to V114),OG001,62.0,Percentage of Participants With ≥4-Fold Rise in Serotype-specific OPA Titer Month 12 to Month 13
628,outcome_overview_schedule,1 dose adult,2 dose adult,,,33F (Unique to V114),OG000,22.1,Percentage of Participants With ≥4-Fold Rise in Serotype-specific OPA Titer Month 12 to Month 13
629,outcome_overview_schedule,1 dose adult,2 dose adult,,,33F (Unique to V114),OG001,54.4,Percentage of Participants With ≥4-Fold Rise in Serotype-specific OPA Titer Month 12 to Month 13
630,outcome_overview_schedule,1 dose adult,2 dose adult,,,1 (Shared),OG000,15.0,Percentage of Participants With ≥4-Fold Rise in Serotype-specific IgG Concentration Month 12 to Month 13
631,outcome_overview_schedule,1 dose adult,2 dose adult,,,1 (Shared),OG001,8.8,Percentage of Participants With ≥4-Fold Rise in Serotype-specific IgG Concentration Month 12 to Month 13
632,outcome_overview_schedule,1 dose adult,2 dose adult,,,3 (Shared),OG000,31.4,Percentage of Participants With ≥4-Fold Rise in Serotype-specific IgG Concentration Month 12 to Month 13
633,outcome_overview_schedule,1 dose adult,2 dose adult,,,3 (Shared),OG001,43.8,Percentage of Participants With ≥4-Fold Rise in Serotype-specific IgG Concentration Month 12 to Month 13
634,outcome_overview_schedule,1 dose adult,2 dose adult,,,4 (Shared),OG000,14.2,Percentage of Participants With ≥4-Fold Rise in Serotype-specific IgG Concentration Month 12 to Month 13
635,outcome_overview_schedule,1 dose adult,2 dose adult,,,4 (Shared),OG001,8.8,Percentage of Participants With ≥4-Fold Rise in Serotype-specific IgG Concentration Month 12 to Month 13
636,outcome_overview_schedule,1 dose adult,2 dose adult,,,5 (Shared),OG000,20.1,Percentage of Participants With ≥4-Fold Rise in Serotype-specific IgG Concentration Month 12 to Month 13
637,outcome_overview_schedule,1 dose adult,2 dose adult,,,5 (Shared),OG001,15.0,Percentage of Participants With ≥4-Fold Rise in Serotype-specific IgG Concentration Month 12 to Month 13
638,outcome_overview_schedule,1 dose adult,2 dose adult,,,6A (Shared),OG000,1.1,Percentage of Participants With ≥4-Fold Rise in Serotype-specific IgG Concentration Month 12 to Month 13
639,outcome_overview_schedule,1 dose adult,2 dose adult,,,6A (Shared),OG001,4.4,Percentage of Participants With ≥4-Fold Rise in Serotype-specific IgG Concentration Month 12 to Month 13
640,outcome_overview_schedule,1 dose adult,2 dose adult,,,6B (Shared),OG000,4.7,Percentage of Participants With ≥4-Fold Rise in Serotype-specific IgG Concentration Month 12 to Month 13
641,outcome_overview_schedule,1 dose adult,2 dose adult,,,6B (Shared),OG001,11.3,Percentage of Participants With ≥4-Fold Rise in Serotype-specific IgG Concentration Month 12 to Month 13
642,outcome_overview_schedule,1 dose adult,2 dose adult,,,7F (Shared),OG000,17.2,Percentage of Participants With ≥4-Fold Rise in Serotype-specific IgG Concentration Month 12 to Month 13
643,outcome_overview_schedule,1 dose adult,2 dose adult,,,7F (Shared),OG001,10.2,Percentage of Participants With ≥4-Fold Rise in Serotype-specific IgG Concentration Month 12 to Month 13
644,outcome_overview_schedule,1 dose adult,2 dose adult,,,9V (Shared),OG000,10.6,Percentage of Participants With ≥4-Fold Rise in Serotype-specific IgG Concentration Month 12 to Month 13
645,outcome_overview_schedule,1 dose adult,2 dose adult,,,9V (Shared),OG001,9.1,Percentage of Participants With ≥4-Fold Rise in Serotype-specific IgG Concentration Month 12 to Month 13
646,outcome_overview_schedule,1 dose adult,2 dose adult,,,14 (Shared),OG000,14.2,Percentage of Participants With ≥4-Fold Rise in Serotype-specific IgG Concentration Month 12 to Month 13
647,outcome_overview_schedule,1 dose adult,2 dose adult,,,14 (Shared),OG001,9.5,Percentage of Participants With ≥4-Fold Rise in Serotype-specific IgG Concentration Month 12 to Month 13
648,outcome_overview_schedule,1 dose adult,2 dose adult,,,18C (Shared),OG000,0.4,Percentage of Participants With ≥4-Fold Rise in Serotype-specific IgG Concentration Month 12 to Month 13
649,outcome_overview_schedule,1 dose adult,2 dose adult,,,18C (Shared),OG001,6.9,Percentage of Participants With ≥4-Fold Rise in Serotype-specific IgG Concentration Month 12 to Month 13
650,outcome_overview_schedule,1 dose adult,2 dose adult,,,19A (Shared),OG000,8.0,Percentage of Participants With ≥4-Fold Rise in Serotype-specific IgG Concentration Month 12 to Month 13
651,outcome_overview_schedule,1 dose adult,2 dose adult,,,19A (Shared),OG001,7.7,Percentage of Participants With ≥4-Fold Rise in Serotype-specific IgG Concentration Month 12 to Month 13
652,outcome_overview_schedule,1 dose adult,2 dose adult,,,19F (Shared),OG000,13.9,Percentage of Participants With ≥4-Fold Rise in Serotype-specific IgG Concentration Month 12 to Month 13
653,outcome_overview_schedule,1 dose adult,2 dose adult,,,19F (Shared),OG001,17.9,Percentage of Participants With ≥4-Fold Rise in Serotype-specific IgG Concentration Month 12 to Month 13
654,outcome_overview_schedule,1 dose adult,2 dose adult,,,22F (Shared),OG000,3.6,Percentage of Participants With ≥4-Fold Rise in Serotype-specific IgG Concentration Month 12 to Month 13
655,outcome_overview_schedule,1 dose adult,2 dose adult,,,22F (Shared),OG001,10.2,Percentage of Participants With ≥4-Fold Rise in Serotype-specific IgG Concentration Month 12 to Month 13
656,outcome_overview_schedule,1 dose adult,2 dose adult,,,23F (Unique to V114),OG000,21.5,Percentage of Participants With ≥4-Fold Rise in Serotype-specific IgG Concentration Month 12 to Month 13
657,outcome_overview_schedule,1 dose adult,2 dose adult,,,23F (Unique to V114),OG001,71.2,Percentage of Participants With ≥4-Fold Rise in Serotype-specific IgG Concentration Month 12 to Month 13
658,outcome_overview_schedule,1 dose adult,2 dose adult,,,33F (Unique to V114),OG000,10.6,Percentage of Participants With ≥4-Fold Rise in Serotype-specific IgG Concentration Month 12 to Month 13
659,outcome_overview_schedule,1 dose adult,2 dose adult,,,33F (Unique to V114),OG001,77.0,Percentage of Participants With ≥4-Fold Rise in Serotype-specific IgG Concentration Month 12 to Month 13
