row_index,field,agent_a_value,agent_b_value,chosen_value,notes,serotype,group_id,context_value,outcome_title
225,outcome_overview_dose_description,26w post dose 1 child,69w post dose 1 child,,,PT1,OG000,96.8,Percentage of Infant Participants Achieving the Pneumococcal Immunoglobulin G (IgG) Serotype-specific Antibody Threshold Value of ≥0.35 μg/mL at 1 Month Postdose 4 (PD4): V114 1x:1x:1x vs Prenar 13®
225,outcome_overview_time_frame_weeks,26,69,,,PT1,OG000,96.8,Percentage of Infant Participants Achieving the Pneumococcal Immunoglobulin G (IgG) Serotype-specific Antibody Threshold Value of ≥0.35 μg/mL at 1 Month Postdose 4 (PD4): V114 1x:1x:1x vs Prenar 13®
226,outcome_overview_dose_description,26w post dose 1 child,69w post dose 1 child,,,PT1,OG001,100.0,Percentage of Infant Participants Achieving the Pneumococcal Immunoglobulin G (IgG) Serotype-specific Antibody Threshold Value of ≥0.35 μg/mL at 1 Month Postdose 4 (PD4): V114 1x:1x:1x vs Prenar 13®
226,outcome_overview_time_frame_weeks,26,69,,,PT1,OG001,100.0,Percentage of Infant Participants Achieving the Pneumococcal Immunoglobulin G (IgG) Serotype-specific Antibody Threshold Value of ≥0.35 μg/mL at 1 Month Postdose 4 (PD4): V114 1x:1x:1x vs Prenar 13®
227,outcome_overview_dose_description,26w post dose 1 child,69w post dose 1 child,,,PT3,OG000,90.3,Percentage of Infant Participants Achieving the Pneumococcal Immunoglobulin G (IgG) Serotype-specific Antibody Threshold Value of ≥0.35 μg/mL at 1 Month Postdose 4 (PD4): V114 1x:1x:1x vs Prenar 13®
227,outcome_overview_time_frame_weeks,26,69,,,PT3,OG000,90.3,Percentage of Infant Participants Achieving the Pneumococcal Immunoglobulin G (IgG) Serotype-specific Antibody Threshold Value of ≥0.35 μg/mL at 1 Month Postdose 4 (PD4): V114 1x:1x:1x vs Prenar 13®
228,outcome_overview_dose_description,26w post dose 1 child,69w post dose 1 child,,,PT3,OG001,75.7,Percentage of Infant Participants Achieving the Pneumococcal Immunoglobulin G (IgG) Serotype-specific Antibody Threshold Value of ≥0.35 μg/mL at 1 Month Postdose 4 (PD4): V114 1x:1x:1x vs Prenar 13®
228,outcome_overview_time_frame_weeks,26,69,,,PT3,OG001,75.7,Percentage of Infant Participants Achieving the Pneumococcal Immunoglobulin G (IgG) Serotype-specific Antibody Threshold Value of ≥0.35 μg/mL at 1 Month Postdose 4 (PD4): V114 1x:1x:1x vs Prenar 13®
229,outcome_overview_dose_description,26w post dose 1 child,69w post dose 1 child,,,PT4,OG000,90.3,Percentage of Infant Participants Achieving the Pneumococcal Immunoglobulin G (IgG) Serotype-specific Antibody Threshold Value of ≥0.35 μg/mL at 1 Month Postdose 4 (PD4): V114 1x:1x:1x vs Prenar 13®
229,outcome_overview_time_frame_weeks,26,69,,,PT4,OG000,90.3,Percentage of Infant Participants Achieving the Pneumococcal Immunoglobulin G (IgG) Serotype-specific Antibody Threshold Value of ≥0.35 μg/mL at 1 Month Postdose 4 (PD4): V114 1x:1x:1x vs Prenar 13®
230,outcome_overview_dose_description,26w post dose 1 child,69w post dose 1 child,,,PT4,OG001,97.3,Percentage of Infant Participants Achieving the Pneumococcal Immunoglobulin G (IgG) Serotype-specific Antibody Threshold Value of ≥0.35 μg/mL at 1 Month Postdose 4 (PD4): V114 1x:1x:1x vs Prenar 13®
230,outcome_overview_time_frame_weeks,26,69,,,PT4,OG001,97.3,Percentage of Infant Participants Achieving the Pneumococcal Immunoglobulin G (IgG) Serotype-specific Antibody Threshold Value of ≥0.35 μg/mL at 1 Month Postdose 4 (PD4): V114 1x:1x:1x vs Prenar 13®
231,outcome_overview_dose_description,26w post dose 1 child,69w post dose 1 child,,,PT5,OG000,100.0,Percentage of Infant Participants Achieving the Pneumococcal Immunoglobulin G (IgG) Serotype-specific Antibody Threshold Value of ≥0.35 μg/mL at 1 Month Postdose 4 (PD4): V114 1x:1x:1x vs Prenar 13®
231,outcome_overview_time_frame_weeks,26,69,,,PT5,OG000,100.0,Percentage of Infant Participants Achieving the Pneumococcal Immunoglobulin G (IgG) Serotype-specific Antibody Threshold Value of ≥0.35 μg/mL at 1 Month Postdose 4 (PD4): V114 1x:1x:1x vs Prenar 13®
232,outcome_overview_dose_description,26w post dose 1 child,69w post dose 1 child,,,PT5,OG001,100.0,Percentage of Infant Participants Achieving the Pneumococcal Immunoglobulin G (IgG) Serotype-specific Antibody Threshold Value of ≥0.35 μg/mL at 1 Month Postdose 4 (PD4): V114 1x:1x:1x vs Prenar 13®
232,outcome_overview_time_frame_weeks,26,69,,,PT5,OG001,100.0,Percentage of Infant Participants Achieving the Pneumococcal Immunoglobulin G (IgG) Serotype-specific Antibody Threshold Value of ≥0.35 μg/mL at 1 Month Postdose 4 (PD4): V114 1x:1x:1x vs Prenar 13®
233,outcome_overview_dose_description,26w post dose 1 child,69w post dose 1 child,,,PT6A,OG000,100.0,Percentage of Infant Participants Achieving the Pneumococcal Immunoglobulin G (IgG) Serotype-specific Antibody Threshold Value of ≥0.35 μg/mL at 1 Month Postdose 4 (PD4): V114 1x:1x:1x vs Prenar 13®
233,outcome_overview_time_frame_weeks,26,69,,,PT6A,OG000,100.0,Percentage of Infant Participants Achieving the Pneumococcal Immunoglobulin G (IgG) Serotype-specific Antibody Threshold Value of ≥0.35 μg/mL at 1 Month Postdose 4 (PD4): V114 1x:1x:1x vs Prenar 13®
234,outcome_overview_dose_description,26w post dose 1 child,69w post dose 1 child,,,PT6A,OG001,100.0,Percentage of Infant Participants Achieving the Pneumococcal Immunoglobulin G (IgG) Serotype-specific Antibody Threshold Value of ≥0.35 μg/mL at 1 Month Postdose 4 (PD4): V114 1x:1x:1x vs Prenar 13®
234,outcome_overview_time_frame_weeks,26,69,,,PT6A,OG001,100.0,Percentage of Infant Participants Achieving the Pneumococcal Immunoglobulin G (IgG) Serotype-specific Antibody Threshold Value of ≥0.35 μg/mL at 1 Month Postdose 4 (PD4): V114 1x:1x:1x vs Prenar 13®
235,outcome_overview_dose_description,26w post dose 1 child,69w post dose 1 child,,,PT6B,OG000,100.0,Percentage of Infant Participants Achieving the Pneumococcal Immunoglobulin G (IgG) Serotype-specific Antibody Threshold Value of ≥0.35 μg/mL at 1 Month Postdose 4 (PD4): V114 1x:1x:1x vs Prenar 13®
235,outcome_overview_time_frame_weeks,26,69,,,PT6B,OG000,100.0,Percentage of Infant Participants Achieving the Pneumococcal Immunoglobulin G (IgG) Serotype-specific Antibody Threshold Value of ≥0.35 μg/mL at 1 Month Postdose 4 (PD4): V114 1x:1x:1x vs Prenar 13®
236,outcome_overview_dose_description,26w post dose 1 child,69w post dose 1 child,,,PT6B,OG001,100.0,Percentage of Infant Participants Achieving the Pneumococcal Immunoglobulin G (IgG) Serotype-specific Antibody Threshold Value of ≥0.35 μg/mL at 1 Month Postdose 4 (PD4): V114 1x:1x:1x vs Prenar 13®
236,outcome_overview_time_frame_weeks,26,69,,,PT6B,OG001,100.0,Percentage of Infant Participants Achieving the Pneumococcal Immunoglobulin G (IgG) Serotype-specific Antibody Threshold Value of ≥0.35 μg/mL at 1 Month Postdose 4 (PD4): V114 1x:1x:1x vs Prenar 13®
237,outcome_overview_dose_description,26w post dose 1 child,69w post dose 1 child,,,PT7F,OG000,100.0,Percentage of Infant Participants Achieving the Pneumococcal Immunoglobulin G (IgG) Serotype-specific Antibody Threshold Value of ≥0.35 μg/mL at 1 Month Postdose 4 (PD4): V114 1x:1x:1x vs Prenar 13®
237,outcome_overview_time_frame_weeks,26,69,,,PT7F,OG000,100.0,Percentage of Infant Participants Achieving the Pneumococcal Immunoglobulin G (IgG) Serotype-specific Antibody Threshold Value of ≥0.35 μg/mL at 1 Month Postdose 4 (PD4): V114 1x:1x:1x vs Prenar 13®
238,outcome_overview_dose_description,26w post dose 1 child,69w post dose 1 child,,,PT7F,OG001,100.0,Percentage of Infant Participants Achieving the Pneumococcal Immunoglobulin G (IgG) Serotype-specific Antibody Threshold Value of ≥0.35 μg/mL at 1 Month Postdose 4 (PD4): V114 1x:1x:1x vs Prenar 13®
238,outcome_overview_time_frame_weeks,26,69,,,PT7F,OG001,100.0,Percentage of Infant Participants Achieving the Pneumococcal Immunoglobulin G (IgG) Serotype-specific Antibody Threshold Value of ≥0.35 μg/mL at 1 Month Postdose 4 (PD4): V114 1x:1x:1x vs Prenar 13®
239,outcome_overview_dose_description,26w post dose 1 child,69w post dose 1 child,,,PT9V,OG000,100.0,Percentage of Infant Participants Achieving the Pneumococcal Immunoglobulin G (IgG) Serotype-specific Antibody Threshold Value of ≥0.35 μg/mL at 1 Month Postdose 4 (PD4): V114 1x:1x:1x vs Prenar 13®
239,outcome_overview_time_frame_weeks,26,69,,,PT9V,OG000,100.0,Percentage of Infant Participants Achieving the Pneumococcal Immunoglobulin G (IgG) Serotype-specific Antibody Threshold Value of ≥0.35 μg/mL at 1 Month Postdose 4 (PD4): V114 1x:1x:1x vs Prenar 13®
240,outcome_overview_dose_description,26w post dose 1 child,69w post dose 1 child,,,PT9V,OG001,100.0,Percentage of Infant Participants Achieving the Pneumococcal Immunoglobulin G (IgG) Serotype-specific Antibody Threshold Value of ≥0.35 μg/mL at 1 Month Postdose 4 (PD4): V114 1x:1x:1x vs Prenar 13®
240,outcome_overview_time_frame_weeks,26,69,,,PT9V,OG001,100.0,Percentage of Infant Participants Achieving the Pneumococcal Immunoglobulin G (IgG) Serotype-specific Antibody Threshold Value of ≥0.35 μg/mL at 1 Month Postdose 4 (PD4): V114 1x:1x:1x vs Prenar 13®
241,outcome_overview_dose_description,26w post dose 1 child,69w post dose 1 child,,,PT14,OG000,100.0,Percentage of Infant Participants Achieving the Pneumococcal Immunoglobulin G (IgG) Serotype-specific Antibody Threshold Value of ≥0.35 μg/mL at 1 Month Postdose 4 (PD4): V114 1x:1x:1x vs Prenar 13®
241,outcome_overview_time_frame_weeks,26,69,,,PT14,OG000,100.0,Percentage of Infant Participants Achieving the Pneumococcal Immunoglobulin G (IgG) Serotype-specific Antibody Threshold Value of ≥0.35 μg/mL at 1 Month Postdose 4 (PD4): V114 1x:1x:1x vs Prenar 13®
242,outcome_overview_dose_description,26w post dose 1 child,69w post dose 1 child,,,PT14,OG001,100.0,Percentage of Infant Participants Achieving the Pneumococcal Immunoglobulin G (IgG) Serotype-specific Antibody Threshold Value of ≥0.35 μg/mL at 1 Month Postdose 4 (PD4): V114 1x:1x:1x vs Prenar 13®
242,outcome_overview_time_frame_weeks,26,69,,,PT14,OG001,100.0,Percentage of Infant Participants Achieving the Pneumococcal Immunoglobulin G (IgG) Serotype-specific Antibody Threshold Value of ≥0.35 μg/mL at 1 Month Postdose 4 (PD4): V114 1x:1x:1x vs Prenar 13®
243,outcome_overview_dose_description,26w post dose 1 child,69w post dose 1 child,,,PT18C,OG000,100.0,Percentage of Infant Participants Achieving the Pneumococcal Immunoglobulin G (IgG) Serotype-specific Antibody Threshold Value of ≥0.35 μg/mL at 1 Month Postdose 4 (PD4): V114 1x:1x:1x vs Prenar 13®
243,outcome_overview_time_frame_weeks,26,69,,,PT18C,OG000,100.0,Percentage of Infant Participants Achieving the Pneumococcal Immunoglobulin G (IgG) Serotype-specific Antibody Threshold Value of ≥0.35 μg/mL at 1 Month Postdose 4 (PD4): V114 1x:1x:1x vs Prenar 13®
244,outcome_overview_dose_description,26w post dose 1 child,69w post dose 1 child,,,PT18C,OG001,100.0,Percentage of Infant Participants Achieving the Pneumococcal Immunoglobulin G (IgG) Serotype-specific Antibody Threshold Value of ≥0.35 μg/mL at 1 Month Postdose 4 (PD4): V114 1x:1x:1x vs Prenar 13®
244,outcome_overview_time_frame_weeks,26,69,,,PT18C,OG001,100.0,Percentage of Infant Participants Achieving the Pneumococcal Immunoglobulin G (IgG) Serotype-specific Antibody Threshold Value of ≥0.35 μg/mL at 1 Month Postdose 4 (PD4): V114 1x:1x:1x vs Prenar 13®
245,outcome_overview_dose_description,26w post dose 1 child,69w post dose 1 child,,,PT19A,OG000,100.0,Percentage of Infant Participants Achieving the Pneumococcal Immunoglobulin G (IgG) Serotype-specific Antibody Threshold Value of ≥0.35 μg/mL at 1 Month Postdose 4 (PD4): V114 1x:1x:1x vs Prenar 13®
245,outcome_overview_time_frame_weeks,26,69,,,PT19A,OG000,100.0,Percentage of Infant Participants Achieving the Pneumococcal Immunoglobulin G (IgG) Serotype-specific Antibody Threshold Value of ≥0.35 μg/mL at 1 Month Postdose 4 (PD4): V114 1x:1x:1x vs Prenar 13®
246,outcome_overview_dose_description,26w post dose 1 child,69w post dose 1 child,,,PT19A,OG001,100.0,Percentage of Infant Participants Achieving the Pneumococcal Immunoglobulin G (IgG) Serotype-specific Antibody Threshold Value of ≥0.35 μg/mL at 1 Month Postdose 4 (PD4): V114 1x:1x:1x vs Prenar 13®
246,outcome_overview_time_frame_weeks,26,69,,,PT19A,OG001,100.0,Percentage of Infant Participants Achieving the Pneumococcal Immunoglobulin G (IgG) Serotype-specific Antibody Threshold Value of ≥0.35 μg/mL at 1 Month Postdose 4 (PD4): V114 1x:1x:1x vs Prenar 13®
247,outcome_overview_dose_description,26w post dose 1 child,69w post dose 1 child,,,PT19F,OG000,100.0,Percentage of Infant Participants Achieving the Pneumococcal Immunoglobulin G (IgG) Serotype-specific Antibody Threshold Value of ≥0.35 μg/mL at 1 Month Postdose 4 (PD4): V114 1x:1x:1x vs Prenar 13®
247,outcome_overview_time_frame_weeks,26,69,,,PT19F,OG000,100.0,Percentage of Infant Participants Achieving the Pneumococcal Immunoglobulin G (IgG) Serotype-specific Antibody Threshold Value of ≥0.35 μg/mL at 1 Month Postdose 4 (PD4): V114 1x:1x:1x vs Prenar 13®
248,outcome_overview_dose_description,26w post dose 1 child,69w post dose 1 child,,,PT19F,OG001,100.0,Percentage of Infant Participants Achieving the Pneumococcal Immunoglobulin G (IgG) Serotype-specific Antibody Threshold Value of ≥0.35 μg/mL at 1 Month Postdose 4 (PD4): V114 1x:1x:1x vs Prenar 13®
248,outcome_overview_time_frame_weeks,26,69,,,PT19F,OG001,100.0,Percentage of Infant Participants Achieving the Pneumococcal Immunoglobulin G (IgG) Serotype-specific Antibody Threshold Value of ≥0.35 μg/mL at 1 Month Postdose 4 (PD4): V114 1x:1x:1x vs Prenar 13®
249,outcome_overview_dose_description,26w post dose 1 child,69w post dose 1 child,,,PT23F,OG000,100.0,Percentage of Infant Participants Achieving the Pneumococcal Immunoglobulin G (IgG) Serotype-specific Antibody Threshold Value of ≥0.35 μg/mL at 1 Month Postdose 4 (PD4): V114 1x:1x:1x vs Prenar 13®
249,outcome_overview_time_frame_weeks,26,69,,,PT23F,OG000,100.0,Percentage of Infant Participants Achieving the Pneumococcal Immunoglobulin G (IgG) Serotype-specific Antibody Threshold Value of ≥0.35 μg/mL at 1 Month Postdose 4 (PD4): V114 1x:1x:1x vs Prenar 13®
250,outcome_overview_dose_description,26w post dose 1 child,69w post dose 1 child,,,PT23F,OG001,100.0,Percentage of Infant Participants Achieving the Pneumococcal Immunoglobulin G (IgG) Serotype-specific Antibody Threshold Value of ≥0.35 μg/mL at 1 Month Postdose 4 (PD4): V114 1x:1x:1x vs Prenar 13®
250,outcome_overview_time_frame_weeks,26,69,,,PT23F,OG001,100.0,Percentage of Infant Participants Achieving the Pneumococcal Immunoglobulin G (IgG) Serotype-specific Antibody Threshold Value of ≥0.35 μg/mL at 1 Month Postdose 4 (PD4): V114 1x:1x:1x vs Prenar 13®
251,outcome_overview_dose_description,26w post dose 1 child,69w post dose 1 child,,,non-PT22F,OG000,100.0,Percentage of Infant Participants Achieving the Pneumococcal Immunoglobulin G (IgG) Serotype-specific Antibody Threshold Value of ≥0.35 μg/mL at 1 Month Postdose 4 (PD4): V114 1x:1x:1x vs Prenar 13®
251,outcome_overview_time_frame_weeks,26,69,,,non-PT22F,OG000,100.0,Percentage of Infant Participants Achieving the Pneumococcal Immunoglobulin G (IgG) Serotype-specific Antibody Threshold Value of ≥0.35 μg/mL at 1 Month Postdose 4 (PD4): V114 1x:1x:1x vs Prenar 13®
252,outcome_overview_dose_description,26w post dose 1 child,69w post dose 1 child,,,non-PT22F,OG001,10.8,Percentage of Infant Participants Achieving the Pneumococcal Immunoglobulin G (IgG) Serotype-specific Antibody Threshold Value of ≥0.35 μg/mL at 1 Month Postdose 4 (PD4): V114 1x:1x:1x vs Prenar 13®
252,outcome_overview_time_frame_weeks,26,69,,,non-PT22F,OG001,10.8,Percentage of Infant Participants Achieving the Pneumococcal Immunoglobulin G (IgG) Serotype-specific Antibody Threshold Value of ≥0.35 μg/mL at 1 Month Postdose 4 (PD4): V114 1x:1x:1x vs Prenar 13®
253,outcome_overview_dose_description,26w post dose 1 child,69w post dose 1 child,,,non-PT33F,OG000,100.0,Percentage of Infant Participants Achieving the Pneumococcal Immunoglobulin G (IgG) Serotype-specific Antibody Threshold Value of ≥0.35 μg/mL at 1 Month Postdose 4 (PD4): V114 1x:1x:1x vs Prenar 13®
253,outcome_overview_time_frame_weeks,26,69,,,non-PT33F,OG000,100.0,Percentage of Infant Participants Achieving the Pneumococcal Immunoglobulin G (IgG) Serotype-specific Antibody Threshold Value of ≥0.35 μg/mL at 1 Month Postdose 4 (PD4): V114 1x:1x:1x vs Prenar 13®
254,outcome_overview_dose_description,26w post dose 1 child,69w post dose 1 child,,,non-PT33F,OG001,2.7,Percentage of Infant Participants Achieving the Pneumococcal Immunoglobulin G (IgG) Serotype-specific Antibody Threshold Value of ≥0.35 μg/mL at 1 Month Postdose 4 (PD4): V114 1x:1x:1x vs Prenar 13®
254,outcome_overview_time_frame_weeks,26,69,,,non-PT33F,OG001,2.7,Percentage of Infant Participants Achieving the Pneumococcal Immunoglobulin G (IgG) Serotype-specific Antibody Threshold Value of ≥0.35 μg/mL at 1 Month Postdose 4 (PD4): V114 1x:1x:1x vs Prenar 13®
255,outcome_overview_dose_description,26w post dose 1 child,69w post dose 1 child,,,PT1,OG000,95.8,Percentage of Infant Participants Achieving the Pneumococcal Immunoglobulin G (IgG) Serotype-specific Antibody Threshold Value of ≥0.35 μg/mL at 1 Month Postdose 4 (PD4): V114 2x:1x:2x vs Prenar 13®
255,outcome_overview_time_frame_weeks,26,69,,,PT1,OG000,95.8,Percentage of Infant Participants Achieving the Pneumococcal Immunoglobulin G (IgG) Serotype-specific Antibody Threshold Value of ≥0.35 μg/mL at 1 Month Postdose 4 (PD4): V114 2x:1x:2x vs Prenar 13®
256,outcome_overview_dose_description,26w post dose 1 child,69w post dose 1 child,,,PT1,OG001,100.0,Percentage of Infant Participants Achieving the Pneumococcal Immunoglobulin G (IgG) Serotype-specific Antibody Threshold Value of ≥0.35 μg/mL at 1 Month Postdose 4 (PD4): V114 2x:1x:2x vs Prenar 13®
256,outcome_overview_time_frame_weeks,26,69,,,PT1,OG001,100.0,Percentage of Infant Participants Achieving the Pneumococcal Immunoglobulin G (IgG) Serotype-specific Antibody Threshold Value of ≥0.35 μg/mL at 1 Month Postdose 4 (PD4): V114 2x:1x:2x vs Prenar 13®
257,outcome_overview_dose_description,26w post dose 1 child,69w post dose 1 child,,,PT3,OG000,87.5,Percentage of Infant Participants Achieving the Pneumococcal Immunoglobulin G (IgG) Serotype-specific Antibody Threshold Value of ≥0.35 μg/mL at 1 Month Postdose 4 (PD4): V114 2x:1x:2x vs Prenar 13®
257,outcome_overview_time_frame_weeks,26,69,,,PT3,OG000,87.5,Percentage of Infant Participants Achieving the Pneumococcal Immunoglobulin G (IgG) Serotype-specific Antibody Threshold Value of ≥0.35 μg/mL at 1 Month Postdose 4 (PD4): V114 2x:1x:2x vs Prenar 13®
258,outcome_overview_dose_description,26w post dose 1 child,69w post dose 1 child,,,PT3,OG001,75.7,Percentage of Infant Participants Achieving the Pneumococcal Immunoglobulin G (IgG) Serotype-specific Antibody Threshold Value of ≥0.35 μg/mL at 1 Month Postdose 4 (PD4): V114 2x:1x:2x vs Prenar 13®
258,outcome_overview_time_frame_weeks,26,69,,,PT3,OG001,75.7,Percentage of Infant Participants Achieving the Pneumococcal Immunoglobulin G (IgG) Serotype-specific Antibody Threshold Value of ≥0.35 μg/mL at 1 Month Postdose 4 (PD4): V114 2x:1x:2x vs Prenar 13®
259,outcome_overview_dose_description,26w post dose 1 child,69w post dose 1 child,,,PT4,OG000,95.7,Percentage of Infant Participants Achieving the Pneumococcal Immunoglobulin G (IgG) Serotype-specific Antibody Threshold Value of ≥0.35 μg/mL at 1 Month Postdose 4 (PD4): V114 2x:1x:2x vs Prenar 13®
259,outcome_overview_time_frame_weeks,26,69,,,PT4,OG000,95.7,Percentage of Infant Participants Achieving the Pneumococcal Immunoglobulin G (IgG) Serotype-specific Antibody Threshold Value of ≥0.35 μg/mL at 1 Month Postdose 4 (PD4): V114 2x:1x:2x vs Prenar 13®
260,outcome_overview_dose_description,26w post dose 1 child,69w post dose 1 child,,,PT4,OG001,97.3,Percentage of Infant Participants Achieving the Pneumococcal Immunoglobulin G (IgG) Serotype-specific Antibody Threshold Value of ≥0.35 μg/mL at 1 Month Postdose 4 (PD4): V114 2x:1x:2x vs Prenar 13®
260,outcome_overview_time_frame_weeks,26,69,,,PT4,OG001,97.3,Percentage of Infant Participants Achieving the Pneumococcal Immunoglobulin G (IgG) Serotype-specific Antibody Threshold Value of ≥0.35 μg/mL at 1 Month Postdose 4 (PD4): V114 2x:1x:2x vs Prenar 13®
261,outcome_overview_dose_description,26w post dose 1 child,69w post dose 1 child,,,PT5,OG000,100.0,Percentage of Infant Participants Achieving the Pneumococcal Immunoglobulin G (IgG) Serotype-specific Antibody Threshold Value of ≥0.35 μg/mL at 1 Month Postdose 4 (PD4): V114 2x:1x:2x vs Prenar 13®
261,outcome_overview_time_frame_weeks,26,69,,,PT5,OG000,100.0,Percentage of Infant Participants Achieving the Pneumococcal Immunoglobulin G (IgG) Serotype-specific Antibody Threshold Value of ≥0.35 μg/mL at 1 Month Postdose 4 (PD4): V114 2x:1x:2x vs Prenar 13®
262,outcome_overview_dose_description,26w post dose 1 child,69w post dose 1 child,,,PT5,OG001,100.0,Percentage of Infant Participants Achieving the Pneumococcal Immunoglobulin G (IgG) Serotype-specific Antibody Threshold Value of ≥0.35 μg/mL at 1 Month Postdose 4 (PD4): V114 2x:1x:2x vs Prenar 13®
262,outcome_overview_time_frame_weeks,26,69,,,PT5,OG001,100.0,Percentage of Infant Participants Achieving the Pneumococcal Immunoglobulin G (IgG) Serotype-specific Antibody Threshold Value of ≥0.35 μg/mL at 1 Month Postdose 4 (PD4): V114 2x:1x:2x vs Prenar 13®
263,outcome_overview_dose_description,26w post dose 1 child,69w post dose 1 child,,,PT6A,OG000,100.0,Percentage of Infant Participants Achieving the Pneumococcal Immunoglobulin G (IgG) Serotype-specific Antibody Threshold Value of ≥0.35 μg/mL at 1 Month Postdose 4 (PD4): V114 2x:1x:2x vs Prenar 13®
263,outcome_overview_time_frame_weeks,26,69,,,PT6A,OG000,100.0,Percentage of Infant Participants Achieving the Pneumococcal Immunoglobulin G (IgG) Serotype-specific Antibody Threshold Value of ≥0.35 μg/mL at 1 Month Postdose 4 (PD4): V114 2x:1x:2x vs Prenar 13®
264,outcome_overview_dose_description,26w post dose 1 child,69w post dose 1 child,,,PT6A,OG001,100.0,Percentage of Infant Participants Achieving the Pneumococcal Immunoglobulin G (IgG) Serotype-specific Antibody Threshold Value of ≥0.35 μg/mL at 1 Month Postdose 4 (PD4): V114 2x:1x:2x vs Prenar 13®
264,outcome_overview_time_frame_weeks,26,69,,,PT6A,OG001,100.0,Percentage of Infant Participants Achieving the Pneumococcal Immunoglobulin G (IgG) Serotype-specific Antibody Threshold Value of ≥0.35 μg/mL at 1 Month Postdose 4 (PD4): V114 2x:1x:2x vs Prenar 13®
265,outcome_overview_dose_description,26w post dose 1 child,69w post dose 1 child,,,PT6B,OG000,100.0,Percentage of Infant Participants Achieving the Pneumococcal Immunoglobulin G (IgG) Serotype-specific Antibody Threshold Value of ≥0.35 μg/mL at 1 Month Postdose 4 (PD4): V114 2x:1x:2x vs Prenar 13®
265,outcome_overview_time_frame_weeks,26,69,,,PT6B,OG000,100.0,Percentage of Infant Participants Achieving the Pneumococcal Immunoglobulin G (IgG) Serotype-specific Antibody Threshold Value of ≥0.35 μg/mL at 1 Month Postdose 4 (PD4): V114 2x:1x:2x vs Prenar 13®
266,outcome_overview_dose_description,26w post dose 1 child,69w post dose 1 child,,,PT6B,OG001,100.0,Percentage of Infant Participants Achieving the Pneumococcal Immunoglobulin G (IgG) Serotype-specific Antibody Threshold Value of ≥0.35 μg/mL at 1 Month Postdose 4 (PD4): V114 2x:1x:2x vs Prenar 13®
266,outcome_overview_time_frame_weeks,26,69,,,PT6B,OG001,100.0,Percentage of Infant Participants Achieving the Pneumococcal Immunoglobulin G (IgG) Serotype-specific Antibody Threshold Value of ≥0.35 μg/mL at 1 Month Postdose 4 (PD4): V114 2x:1x:2x vs Prenar 13®
267,outcome_overview_dose_description,26w post dose 1 child,69w post dose 1 child,,,PT7F,OG000,100.0,Percentage of Infant Participants Achieving the Pneumococcal Immunoglobulin G (IgG) Serotype-specific Antibody Threshold Value of ≥0.35 μg/mL at 1 Month Postdose 4 (PD4): V114 2x:1x:2x vs Prenar 13®
267,outcome_overview_time_frame_weeks,26,69,,,PT7F,OG000,100.0,Percentage of Infant Participants Achieving the Pneumococcal Immunoglobulin G (IgG) Serotype-specific Antibody Threshold Value of ≥0.35 μg/mL at 1 Month Postdose 4 (PD4): V114 2x:1x:2x vs Prenar 13®
268,outcome_overview_dose_description,26w post dose 1 child,69w post dose 1 child,,,PT7F,OG001,100.0,Percentage of Infant Participants Achieving the Pneumococcal Immunoglobulin G (IgG) Serotype-specific Antibody Threshold Value of ≥0.35 μg/mL at 1 Month Postdose 4 (PD4): V114 2x:1x:2x vs Prenar 13®
268,outcome_overview_time_frame_weeks,26,69,,,PT7F,OG001,100.0,Percentage of Infant Participants Achieving the Pneumococcal Immunoglobulin G (IgG) Serotype-specific Antibody Threshold Value of ≥0.35 μg/mL at 1 Month Postdose 4 (PD4): V114 2x:1x:2x vs Prenar 13®
269,outcome_overview_dose_description,26w post dose 1 child,69w post dose 1 child,,,PT9V,OG000,100.0,Percentage of Infant Participants Achieving the Pneumococcal Immunoglobulin G (IgG) Serotype-specific Antibody Threshold Value of ≥0.35 μg/mL at 1 Month Postdose 4 (PD4): V114 2x:1x:2x vs Prenar 13®
269,outcome_overview_time_frame_weeks,26,69,,,PT9V,OG000,100.0,Percentage of Infant Participants Achieving the Pneumococcal Immunoglobulin G (IgG) Serotype-specific Antibody Threshold Value of ≥0.35 μg/mL at 1 Month Postdose 4 (PD4): V114 2x:1x:2x vs Prenar 13®
270,outcome_overview_dose_description,26w post dose 1 child,69w post dose 1 child,,,PT9V,OG001,100.0,Percentage of Infant Participants Achieving the Pneumococcal Immunoglobulin G (IgG) Serotype-specific Antibody Threshold Value of ≥0.35 μg/mL at 1 Month Postdose 4 (PD4): V114 2x:1x:2x vs Prenar 13®
270,outcome_overview_time_frame_weeks,26,69,,,PT9V,OG001,100.0,Percentage of Infant Participants Achieving the Pneumococcal Immunoglobulin G (IgG) Serotype-specific Antibody Threshold Value of ≥0.35 μg/mL at 1 Month Postdose 4 (PD4): V114 2x:1x:2x vs Prenar 13®
271,outcome_overview_dose_description,26w post dose 1 child,69w post dose 1 child,,,PT14,OG000,100.0,Percentage of Infant Participants Achieving the Pneumococcal Immunoglobulin G (IgG) Serotype-specific Antibody Threshold Value of ≥0.35 μg/mL at 1 Month Postdose 4 (PD4): V114 2x:1x:2x vs Prenar 13®
271,outcome_overview_time_frame_weeks,26,69,,,PT14,OG000,100.0,Percentage of Infant Participants Achieving the Pneumococcal Immunoglobulin G (IgG) Serotype-specific Antibody Threshold Value of ≥0.35 μg/mL at 1 Month Postdose 4 (PD4): V114 2x:1x:2x vs Prenar 13®
272,outcome_overview_dose_description,26w post dose 1 child,69w post dose 1 child,,,PT14,OG001,100.0,Percentage of Infant Participants Achieving the Pneumococcal Immunoglobulin G (IgG) Serotype-specific Antibody Threshold Value of ≥0.35 μg/mL at 1 Month Postdose 4 (PD4): V114 2x:1x:2x vs Prenar 13®
272,outcome_overview_time_frame_weeks,26,69,,,PT14,OG001,100.0,Percentage of Infant Participants Achieving the Pneumococcal Immunoglobulin G (IgG) Serotype-specific Antibody Threshold Value of ≥0.35 μg/mL at 1 Month Postdose 4 (PD4): V114 2x:1x:2x vs Prenar 13®
273,outcome_overview_dose_description,26w post dose 1 child,69w post dose 1 child,,,PT18C,OG000,100.0,Percentage of Infant Participants Achieving the Pneumococcal Immunoglobulin G (IgG) Serotype-specific Antibody Threshold Value of ≥0.35 μg/mL at 1 Month Postdose 4 (PD4): V114 2x:1x:2x vs Prenar 13®
273,outcome_overview_time_frame_weeks,26,69,,,PT18C,OG000,100.0,Percentage of Infant Participants Achieving the Pneumococcal Immunoglobulin G (IgG) Serotype-specific Antibody Threshold Value of ≥0.35 μg/mL at 1 Month Postdose 4 (PD4): V114 2x:1x:2x vs Prenar 13®
274,outcome_overview_dose_description,26w post dose 1 child,69w post dose 1 child,,,PT18C,OG001,100.0,Percentage of Infant Participants Achieving the Pneumococcal Immunoglobulin G (IgG) Serotype-specific Antibody Threshold Value of ≥0.35 μg/mL at 1 Month Postdose 4 (PD4): V114 2x:1x:2x vs Prenar 13®
274,outcome_overview_time_frame_weeks,26,69,,,PT18C,OG001,100.0,Percentage of Infant Participants Achieving the Pneumococcal Immunoglobulin G (IgG) Serotype-specific Antibody Threshold Value of ≥0.35 μg/mL at 1 Month Postdose 4 (PD4): V114 2x:1x:2x vs Prenar 13®
275,outcome_overview_dose_description,26w post dose 1 child,69w post dose 1 child,,,PT19A,OG000,100.0,Percentage of Infant Participants Achieving the Pneumococcal Immunoglobulin G (IgG) Serotype-specific Antibody Threshold Value of ≥0.35 μg/mL at 1 Month Postdose 4 (PD4): V114 2x:1x:2x vs Prenar 13®
275,outcome_overview_time_frame_weeks,26,69,,,PT19A,OG000,100.0,Percentage of Infant Participants Achieving the Pneumococcal Immunoglobulin G (IgG) Serotype-specific Antibody Threshold Value of ≥0.35 μg/mL at 1 Month Postdose 4 (PD4): V114 2x:1x:2x vs Prenar 13®
276,outcome_overview_dose_description,26w post dose 1 child,69w post dose 1 child,,,PT19A,OG001,100.0,Percentage of Infant Participants Achieving the Pneumococcal Immunoglobulin G (IgG) Serotype-specific Antibody Threshold Value of ≥0.35 μg/mL at 1 Month Postdose 4 (PD4): V114 2x:1x:2x vs Prenar 13®
276,outcome_overview_time_frame_weeks,26,69,,,PT19A,OG001,100.0,Percentage of Infant Participants Achieving the Pneumococcal Immunoglobulin G (IgG) Serotype-specific Antibody Threshold Value of ≥0.35 μg/mL at 1 Month Postdose 4 (PD4): V114 2x:1x:2x vs Prenar 13®
277,outcome_overview_dose_description,26w post dose 1 child,69w post dose 1 child,,,PT19F,OG000,100.0,Percentage of Infant Participants Achieving the Pneumococcal Immunoglobulin G (IgG) Serotype-specific Antibody Threshold Value of ≥0.35 μg/mL at 1 Month Postdose 4 (PD4): V114 2x:1x:2x vs Prenar 13®
277,outcome_overview_time_frame_weeks,26,69,,,PT19F,OG000,100.0,Percentage of Infant Participants Achieving the Pneumococcal Immunoglobulin G (IgG) Serotype-specific Antibody Threshold Value of ≥0.35 μg/mL at 1 Month Postdose 4 (PD4): V114 2x:1x:2x vs Prenar 13®
278,outcome_overview_dose_description,26w post dose 1 child,69w post dose 1 child,,,PT19F,OG001,100.0,Percentage of Infant Participants Achieving the Pneumococcal Immunoglobulin G (IgG) Serotype-specific Antibody Threshold Value of ≥0.35 μg/mL at 1 Month Postdose 4 (PD4): V114 2x:1x:2x vs Prenar 13®
278,outcome_overview_time_frame_weeks,26,69,,,PT19F,OG001,100.0,Percentage of Infant Participants Achieving the Pneumococcal Immunoglobulin G (IgG) Serotype-specific Antibody Threshold Value of ≥0.35 μg/mL at 1 Month Postdose 4 (PD4): V114 2x:1x:2x vs Prenar 13®
279,outcome_overview_dose_description,26w post dose 1 child,69w post dose 1 child,,,PT23F,OG000,100.0,Percentage of Infant Participants Achieving the Pneumococcal Immunoglobulin G (IgG) Serotype-specific Antibody Threshold Value of ≥0.35 μg/mL at 1 Month Postdose 4 (PD4): V114 2x:1x:2x vs Prenar 13®
279,outcome_overview_time_frame_weeks,26,69,,,PT23F,OG000,100.0,Percentage of Infant Participants Achieving the Pneumococcal Immunoglobulin G (IgG) Serotype-specific Antibody Threshold Value of ≥0.35 μg/mL at 1 Month Postdose 4 (PD4): V114 2x:1x:2x vs Prenar 13®
280,outcome_overview_dose_description,26w post dose 1 child,69w post dose 1 child,,,PT23F,OG001,100.0,Percentage of Infant Participants Achieving the Pneumococcal Immunoglobulin G (IgG) Serotype-specific Antibody Threshold Value of ≥0.35 μg/mL at 1 Month Postdose 4 (PD4): V114 2x:1x:2x vs Prenar 13®
280,outcome_overview_time_frame_weeks,26,69,,,PT23F,OG001,100.0,Percentage of Infant Participants Achieving the Pneumococcal Immunoglobulin G (IgG) Serotype-specific Antibody Threshold Value of ≥0.35 μg/mL at 1 Month Postdose 4 (PD4): V114 2x:1x:2x vs Prenar 13®
281,outcome_overview_dose_description,26w post dose 1 child,69w post dose 1 child,,,non-PT22F,OG000,95.8,Percentage of Infant Participants Achieving the Pneumococcal Immunoglobulin G (IgG) Serotype-specific Antibody Threshold Value of ≥0.35 μg/mL at 1 Month Postdose 4 (PD4): V114 2x:1x:2x vs Prenar 13®
281,outcome_overview_time_frame_weeks,26,69,,,non-PT22F,OG000,95.8,Percentage of Infant Participants Achieving the Pneumococcal Immunoglobulin G (IgG) Serotype-specific Antibody Threshold Value of ≥0.35 μg/mL at 1 Month Postdose 4 (PD4): V114 2x:1x:2x vs Prenar 13®
282,outcome_overview_dose_description,26w post dose 1 child,69w post dose 1 child,,,non-PT22F,OG001,10.8,Percentage of Infant Participants Achieving the Pneumococcal Immunoglobulin G (IgG) Serotype-specific Antibody Threshold Value of ≥0.35 μg/mL at 1 Month Postdose 4 (PD4): V114 2x:1x:2x vs Prenar 13®
282,outcome_overview_time_frame_weeks,26,69,,,non-PT22F,OG001,10.8,Percentage of Infant Participants Achieving the Pneumococcal Immunoglobulin G (IgG) Serotype-specific Antibody Threshold Value of ≥0.35 μg/mL at 1 Month Postdose 4 (PD4): V114 2x:1x:2x vs Prenar 13®
283,outcome_overview_dose_description,26w post dose 1 child,69w post dose 1 child,,,non-PT33F,OG000,95.7,Percentage of Infant Participants Achieving the Pneumococcal Immunoglobulin G (IgG) Serotype-specific Antibody Threshold Value of ≥0.35 μg/mL at 1 Month Postdose 4 (PD4): V114 2x:1x:2x vs Prenar 13®
283,outcome_overview_time_frame_weeks,26,69,,,non-PT33F,OG000,95.7,Percentage of Infant Participants Achieving the Pneumococcal Immunoglobulin G (IgG) Serotype-specific Antibody Threshold Value of ≥0.35 μg/mL at 1 Month Postdose 4 (PD4): V114 2x:1x:2x vs Prenar 13®
284,outcome_overview_dose_description,26w post dose 1 child,69w post dose 1 child,,,non-PT33F,OG001,2.7,Percentage of Infant Participants Achieving the Pneumococcal Immunoglobulin G (IgG) Serotype-specific Antibody Threshold Value of ≥0.35 μg/mL at 1 Month Postdose 4 (PD4): V114 2x:1x:2x vs Prenar 13®
284,outcome_overview_time_frame_weeks,26,69,,,non-PT33F,OG001,2.7,Percentage of Infant Participants Achieving the Pneumococcal Immunoglobulin G (IgG) Serotype-specific Antibody Threshold Value of ≥0.35 μg/mL at 1 Month Postdose 4 (PD4): V114 2x:1x:2x vs Prenar 13®
285,outcome_overview_dose_description,26w post dose 1 child,69w post dose 1 child,,,PT1,OG000,97.0,Percentage of Infant Participants Achieving the Pneumococcal Immunoglobulin G (IgG) Serotype-specific Antibody Threshold Value of ≥0.35 μg/mL at 1 Month Postdose 4 (PD4): V114 2x:2x:2x vs Prenar 13®
285,outcome_overview_time_frame_weeks,26,69,,,PT1,OG000,97.0,Percentage of Infant Participants Achieving the Pneumococcal Immunoglobulin G (IgG) Serotype-specific Antibody Threshold Value of ≥0.35 μg/mL at 1 Month Postdose 4 (PD4): V114 2x:2x:2x vs Prenar 13®
286,outcome_overview_dose_description,26w post dose 1 child,69w post dose 1 child,,,PT1,OG001,100.0,Percentage of Infant Participants Achieving the Pneumococcal Immunoglobulin G (IgG) Serotype-specific Antibody Threshold Value of ≥0.35 μg/mL at 1 Month Postdose 4 (PD4): V114 2x:2x:2x vs Prenar 13®
286,outcome_overview_time_frame_weeks,26,69,,,PT1,OG001,100.0,Percentage of Infant Participants Achieving the Pneumococcal Immunoglobulin G (IgG) Serotype-specific Antibody Threshold Value of ≥0.35 μg/mL at 1 Month Postdose 4 (PD4): V114 2x:2x:2x vs Prenar 13®
287,outcome_overview_dose_description,26w post dose 1 child,69w post dose 1 child,,,PT3,OG000,100.0,Percentage of Infant Participants Achieving the Pneumococcal Immunoglobulin G (IgG) Serotype-specific Antibody Threshold Value of ≥0.35 μg/mL at 1 Month Postdose 4 (PD4): V114 2x:2x:2x vs Prenar 13®
287,outcome_overview_time_frame_weeks,26,69,,,PT3,OG000,100.0,Percentage of Infant Participants Achieving the Pneumococcal Immunoglobulin G (IgG) Serotype-specific Antibody Threshold Value of ≥0.35 μg/mL at 1 Month Postdose 4 (PD4): V114 2x:2x:2x vs Prenar 13®
288,outcome_overview_dose_description,26w post dose 1 child,69w post dose 1 child,,,PT3,OG001,75.7,Percentage of Infant Participants Achieving the Pneumococcal Immunoglobulin G (IgG) Serotype-specific Antibody Threshold Value of ≥0.35 μg/mL at 1 Month Postdose 4 (PD4): V114 2x:2x:2x vs Prenar 13®
288,outcome_overview_time_frame_weeks,26,69,,,PT3,OG001,75.7,Percentage of Infant Participants Achieving the Pneumococcal Immunoglobulin G (IgG) Serotype-specific Antibody Threshold Value of ≥0.35 μg/mL at 1 Month Postdose 4 (PD4): V114 2x:2x:2x vs Prenar 13®
289,outcome_overview_dose_description,26w post dose 1 child,69w post dose 1 child,,,PT4,OG000,100.0,Percentage of Infant Participants Achieving the Pneumococcal Immunoglobulin G (IgG) Serotype-specific Antibody Threshold Value of ≥0.35 μg/mL at 1 Month Postdose 4 (PD4): V114 2x:2x:2x vs Prenar 13®
289,outcome_overview_time_frame_weeks,26,69,,,PT4,OG000,100.0,Percentage of Infant Participants Achieving the Pneumococcal Immunoglobulin G (IgG) Serotype-specific Antibody Threshold Value of ≥0.35 μg/mL at 1 Month Postdose 4 (PD4): V114 2x:2x:2x vs Prenar 13®
290,outcome_overview_dose_description,26w post dose 1 child,69w post dose 1 child,,,PT4,OG001,97.3,Percentage of Infant Participants Achieving the Pneumococcal Immunoglobulin G (IgG) Serotype-specific Antibody Threshold Value of ≥0.35 μg/mL at 1 Month Postdose 4 (PD4): V114 2x:2x:2x vs Prenar 13®
290,outcome_overview_time_frame_weeks,26,69,,,PT4,OG001,97.3,Percentage of Infant Participants Achieving the Pneumococcal Immunoglobulin G (IgG) Serotype-specific Antibody Threshold Value of ≥0.35 μg/mL at 1 Month Postdose 4 (PD4): V114 2x:2x:2x vs Prenar 13®
291,outcome_overview_dose_description,26w post dose 1 child,69w post dose 1 child,,,PT5,OG000,100.0,Percentage of Infant Participants Achieving the Pneumococcal Immunoglobulin G (IgG) Serotype-specific Antibody Threshold Value of ≥0.35 μg/mL at 1 Month Postdose 4 (PD4): V114 2x:2x:2x vs Prenar 13®
291,outcome_overview_time_frame_weeks,26,69,,,PT5,OG000,100.0,Percentage of Infant Participants Achieving the Pneumococcal Immunoglobulin G (IgG) Serotype-specific Antibody Threshold Value of ≥0.35 μg/mL at 1 Month Postdose 4 (PD4): V114 2x:2x:2x vs Prenar 13®
292,outcome_overview_dose_description,26w post dose 1 child,69w post dose 1 child,,,PT5,OG001,100.0,Percentage of Infant Participants Achieving the Pneumococcal Immunoglobulin G (IgG) Serotype-specific Antibody Threshold Value of ≥0.35 μg/mL at 1 Month Postdose 4 (PD4): V114 2x:2x:2x vs Prenar 13®
292,outcome_overview_time_frame_weeks,26,69,,,PT5,OG001,100.0,Percentage of Infant Participants Achieving the Pneumococcal Immunoglobulin G (IgG) Serotype-specific Antibody Threshold Value of ≥0.35 μg/mL at 1 Month Postdose 4 (PD4): V114 2x:2x:2x vs Prenar 13®
293,outcome_overview_dose_description,26w post dose 1 child,69w post dose 1 child,,,PT6A,OG000,100.0,Percentage of Infant Participants Achieving the Pneumococcal Immunoglobulin G (IgG) Serotype-specific Antibody Threshold Value of ≥0.35 μg/mL at 1 Month Postdose 4 (PD4): V114 2x:2x:2x vs Prenar 13®
293,outcome_overview_time_frame_weeks,26,69,,,PT6A,OG000,100.0,Percentage of Infant Participants Achieving the Pneumococcal Immunoglobulin G (IgG) Serotype-specific Antibody Threshold Value of ≥0.35 μg/mL at 1 Month Postdose 4 (PD4): V114 2x:2x:2x vs Prenar 13®
294,outcome_overview_dose_description,26w post dose 1 child,69w post dose 1 child,,,PT6A,OG001,100.0,Percentage of Infant Participants Achieving the Pneumococcal Immunoglobulin G (IgG) Serotype-specific Antibody Threshold Value of ≥0.35 μg/mL at 1 Month Postdose 4 (PD4): V114 2x:2x:2x vs Prenar 13®
294,outcome_overview_time_frame_weeks,26,69,,,PT6A,OG001,100.0,Percentage of Infant Participants Achieving the Pneumococcal Immunoglobulin G (IgG) Serotype-specific Antibody Threshold Value of ≥0.35 μg/mL at 1 Month Postdose 4 (PD4): V114 2x:2x:2x vs Prenar 13®
295,outcome_overview_dose_description,26w post dose 1 child,69w post dose 1 child,,,PT6B,OG000,97.0,Percentage of Infant Participants Achieving the Pneumococcal Immunoglobulin G (IgG) Serotype-specific Antibody Threshold Value of ≥0.35 μg/mL at 1 Month Postdose 4 (PD4): V114 2x:2x:2x vs Prenar 13®
295,outcome_overview_time_frame_weeks,26,69,,,PT6B,OG000,97.0,Percentage of Infant Participants Achieving the Pneumococcal Immunoglobulin G (IgG) Serotype-specific Antibody Threshold Value of ≥0.35 μg/mL at 1 Month Postdose 4 (PD4): V114 2x:2x:2x vs Prenar 13®
296,outcome_overview_dose_description,26w post dose 1 child,69w post dose 1 child,,,PT6B,OG001,100.0,Percentage of Infant Participants Achieving the Pneumococcal Immunoglobulin G (IgG) Serotype-specific Antibody Threshold Value of ≥0.35 μg/mL at 1 Month Postdose 4 (PD4): V114 2x:2x:2x vs Prenar 13®
296,outcome_overview_time_frame_weeks,26,69,,,PT6B,OG001,100.0,Percentage of Infant Participants Achieving the Pneumococcal Immunoglobulin G (IgG) Serotype-specific Antibody Threshold Value of ≥0.35 μg/mL at 1 Month Postdose 4 (PD4): V114 2x:2x:2x vs Prenar 13®
297,outcome_overview_dose_description,26w post dose 1 child,69w post dose 1 child,,,PT7F,OG000,100.0,Percentage of Infant Participants Achieving the Pneumococcal Immunoglobulin G (IgG) Serotype-specific Antibody Threshold Value of ≥0.35 μg/mL at 1 Month Postdose 4 (PD4): V114 2x:2x:2x vs Prenar 13®
297,outcome_overview_time_frame_weeks,26,69,,,PT7F,OG000,100.0,Percentage of Infant Participants Achieving the Pneumococcal Immunoglobulin G (IgG) Serotype-specific Antibody Threshold Value of ≥0.35 μg/mL at 1 Month Postdose 4 (PD4): V114 2x:2x:2x vs Prenar 13®
298,outcome_overview_dose_description,26w post dose 1 child,69w post dose 1 child,,,PT7F,OG001,100.0,Percentage of Infant Participants Achieving the Pneumococcal Immunoglobulin G (IgG) Serotype-specific Antibody Threshold Value of ≥0.35 μg/mL at 1 Month Postdose 4 (PD4): V114 2x:2x:2x vs Prenar 13®
298,outcome_overview_time_frame_weeks,26,69,,,PT7F,OG001,100.0,Percentage of Infant Participants Achieving the Pneumococcal Immunoglobulin G (IgG) Serotype-specific Antibody Threshold Value of ≥0.35 μg/mL at 1 Month Postdose 4 (PD4): V114 2x:2x:2x vs Prenar 13®
299,outcome_overview_dose_description,26w post dose 1 child,69w post dose 1 child,,,PT9V,OG000,100.0,Percentage of Infant Participants Achieving the Pneumococcal Immunoglobulin G (IgG) Serotype-specific Antibody Threshold Value of ≥0.35 μg/mL at 1 Month Postdose 4 (PD4): V114 2x:2x:2x vs Prenar 13®
299,outcome_overview_time_frame_weeks,26,69,,,PT9V,OG000,100.0,Percentage of Infant Participants Achieving the Pneumococcal Immunoglobulin G (IgG) Serotype-specific Antibody Threshold Value of ≥0.35 μg/mL at 1 Month Postdose 4 (PD4): V114 2x:2x:2x vs Prenar 13®
300,outcome_overview_dose_description,26w post dose 1 child,69w post dose 1 child,,,PT9V,OG001,100.0,Percentage of Infant Participants Achieving the Pneumococcal Immunoglobulin G (IgG) Serotype-specific Antibody Threshold Value of ≥0.35 μg/mL at 1 Month Postdose 4 (PD4): V114 2x:2x:2x vs Prenar 13®
300,outcome_overview_time_frame_weeks,26,69,,,PT9V,OG001,100.0,Percentage of Infant Participants Achieving the Pneumococcal Immunoglobulin G (IgG) Serotype-specific Antibody Threshold Value of ≥0.35 μg/mL at 1 Month Postdose 4 (PD4): V114 2x:2x:2x vs Prenar 13®
301,outcome_overview_dose_description,26w post dose 1 child,69w post dose 1 child,,,PT14,OG000,100.0,Percentage of Infant Participants Achieving the Pneumococcal Immunoglobulin G (IgG) Serotype-specific Antibody Threshold Value of ≥0.35 μg/mL at 1 Month Postdose 4 (PD4): V114 2x:2x:2x vs Prenar 13®
301,outcome_overview_time_frame_weeks,26,69,,,PT14,OG000,100.0,Percentage of Infant Participants Achieving the Pneumococcal Immunoglobulin G (IgG) Serotype-specific Antibody Threshold Value of ≥0.35 μg/mL at 1 Month Postdose 4 (PD4): V114 2x:2x:2x vs Prenar 13®
302,outcome_overview_dose_description,26w post dose 1 child,69w post dose 1 child,,,PT14,OG001,100.0,Percentage of Infant Participants Achieving the Pneumococcal Immunoglobulin G (IgG) Serotype-specific Antibody Threshold Value of ≥0.35 μg/mL at 1 Month Postdose 4 (PD4): V114 2x:2x:2x vs Prenar 13®
302,outcome_overview_time_frame_weeks,26,69,,,PT14,OG001,100.0,Percentage of Infant Participants Achieving the Pneumococcal Immunoglobulin G (IgG) Serotype-specific Antibody Threshold Value of ≥0.35 μg/mL at 1 Month Postdose 4 (PD4): V114 2x:2x:2x vs Prenar 13®
303,outcome_overview_dose_description,26w post dose 1 child,69w post dose 1 child,,,PT18C,OG000,100.0,Percentage of Infant Participants Achieving the Pneumococcal Immunoglobulin G (IgG) Serotype-specific Antibody Threshold Value of ≥0.35 μg/mL at 1 Month Postdose 4 (PD4): V114 2x:2x:2x vs Prenar 13®
303,outcome_overview_time_frame_weeks,26,69,,,PT18C,OG000,100.0,Percentage of Infant Participants Achieving the Pneumococcal Immunoglobulin G (IgG) Serotype-specific Antibody Threshold Value of ≥0.35 μg/mL at 1 Month Postdose 4 (PD4): V114 2x:2x:2x vs Prenar 13®
304,outcome_overview_dose_description,26w post dose 1 child,69w post dose 1 child,,,PT18C,OG001,100.0,Percentage of Infant Participants Achieving the Pneumococcal Immunoglobulin G (IgG) Serotype-specific Antibody Threshold Value of ≥0.35 μg/mL at 1 Month Postdose 4 (PD4): V114 2x:2x:2x vs Prenar 13®
304,outcome_overview_time_frame_weeks,26,69,,,PT18C,OG001,100.0,Percentage of Infant Participants Achieving the Pneumococcal Immunoglobulin G (IgG) Serotype-specific Antibody Threshold Value of ≥0.35 μg/mL at 1 Month Postdose 4 (PD4): V114 2x:2x:2x vs Prenar 13®
305,outcome_overview_dose_description,26w post dose 1 child,69w post dose 1 child,,,PT19A,OG000,100.0,Percentage of Infant Participants Achieving the Pneumococcal Immunoglobulin G (IgG) Serotype-specific Antibody Threshold Value of ≥0.35 μg/mL at 1 Month Postdose 4 (PD4): V114 2x:2x:2x vs Prenar 13®
305,outcome_overview_time_frame_weeks,26,69,,,PT19A,OG000,100.0,Percentage of Infant Participants Achieving the Pneumococcal Immunoglobulin G (IgG) Serotype-specific Antibody Threshold Value of ≥0.35 μg/mL at 1 Month Postdose 4 (PD4): V114 2x:2x:2x vs Prenar 13®
306,outcome_overview_dose_description,26w post dose 1 child,69w post dose 1 child,,,PT19A,OG001,100.0,Percentage of Infant Participants Achieving the Pneumococcal Immunoglobulin G (IgG) Serotype-specific Antibody Threshold Value of ≥0.35 μg/mL at 1 Month Postdose 4 (PD4): V114 2x:2x:2x vs Prenar 13®
306,outcome_overview_time_frame_weeks,26,69,,,PT19A,OG001,100.0,Percentage of Infant Participants Achieving the Pneumococcal Immunoglobulin G (IgG) Serotype-specific Antibody Threshold Value of ≥0.35 μg/mL at 1 Month Postdose 4 (PD4): V114 2x:2x:2x vs Prenar 13®
307,outcome_overview_dose_description,26w post dose 1 child,69w post dose 1 child,,,PT19F,OG000,100.0,Percentage of Infant Participants Achieving the Pneumococcal Immunoglobulin G (IgG) Serotype-specific Antibody Threshold Value of ≥0.35 μg/mL at 1 Month Postdose 4 (PD4): V114 2x:2x:2x vs Prenar 13®
307,outcome_overview_time_frame_weeks,26,69,,,PT19F,OG000,100.0,Percentage of Infant Participants Achieving the Pneumococcal Immunoglobulin G (IgG) Serotype-specific Antibody Threshold Value of ≥0.35 μg/mL at 1 Month Postdose 4 (PD4): V114 2x:2x:2x vs Prenar 13®
308,outcome_overview_dose_description,26w post dose 1 child,69w post dose 1 child,,,PT19F,OG001,100.0,Percentage of Infant Participants Achieving the Pneumococcal Immunoglobulin G (IgG) Serotype-specific Antibody Threshold Value of ≥0.35 μg/mL at 1 Month Postdose 4 (PD4): V114 2x:2x:2x vs Prenar 13®
308,outcome_overview_time_frame_weeks,26,69,,,PT19F,OG001,100.0,Percentage of Infant Participants Achieving the Pneumococcal Immunoglobulin G (IgG) Serotype-specific Antibody Threshold Value of ≥0.35 μg/mL at 1 Month Postdose 4 (PD4): V114 2x:2x:2x vs Prenar 13®
309,outcome_overview_dose_description,26w post dose 1 child,69w post dose 1 child,,,PT23F,OG000,97.0,Percentage of Infant Participants Achieving the Pneumococcal Immunoglobulin G (IgG) Serotype-specific Antibody Threshold Value of ≥0.35 μg/mL at 1 Month Postdose 4 (PD4): V114 2x:2x:2x vs Prenar 13®
309,outcome_overview_time_frame_weeks,26,69,,,PT23F,OG000,97.0,Percentage of Infant Participants Achieving the Pneumococcal Immunoglobulin G (IgG) Serotype-specific Antibody Threshold Value of ≥0.35 μg/mL at 1 Month Postdose 4 (PD4): V114 2x:2x:2x vs Prenar 13®
310,outcome_overview_dose_description,26w post dose 1 child,69w post dose 1 child,,,PT23F,OG001,100.0,Percentage of Infant Participants Achieving the Pneumococcal Immunoglobulin G (IgG) Serotype-specific Antibody Threshold Value of ≥0.35 μg/mL at 1 Month Postdose 4 (PD4): V114 2x:2x:2x vs Prenar 13®
310,outcome_overview_time_frame_weeks,26,69,,,PT23F,OG001,100.0,Percentage of Infant Participants Achieving the Pneumococcal Immunoglobulin G (IgG) Serotype-specific Antibody Threshold Value of ≥0.35 μg/mL at 1 Month Postdose 4 (PD4): V114 2x:2x:2x vs Prenar 13®
311,outcome_overview_dose_description,26w post dose 1 child,69w post dose 1 child,,,non-PT22F,OG000,100.0,Percentage of Infant Participants Achieving the Pneumococcal Immunoglobulin G (IgG) Serotype-specific Antibody Threshold Value of ≥0.35 μg/mL at 1 Month Postdose 4 (PD4): V114 2x:2x:2x vs Prenar 13®
311,outcome_overview_time_frame_weeks,26,69,,,non-PT22F,OG000,100.0,Percentage of Infant Participants Achieving the Pneumococcal Immunoglobulin G (IgG) Serotype-specific Antibody Threshold Value of ≥0.35 μg/mL at 1 Month Postdose 4 (PD4): V114 2x:2x:2x vs Prenar 13®
312,outcome_overview_dose_description,26w post dose 1 child,69w post dose 1 child,,,non-PT22F,OG001,10.8,Percentage of Infant Participants Achieving the Pneumococcal Immunoglobulin G (IgG) Serotype-specific Antibody Threshold Value of ≥0.35 μg/mL at 1 Month Postdose 4 (PD4): V114 2x:2x:2x vs Prenar 13®
312,outcome_overview_time_frame_weeks,26,69,,,non-PT22F,OG001,10.8,Percentage of Infant Participants Achieving the Pneumococcal Immunoglobulin G (IgG) Serotype-specific Antibody Threshold Value of ≥0.35 μg/mL at 1 Month Postdose 4 (PD4): V114 2x:2x:2x vs Prenar 13®
313,outcome_overview_dose_description,26w post dose 1 child,69w post dose 1 child,,,non-PT33F,OG000,100.0,Percentage of Infant Participants Achieving the Pneumococcal Immunoglobulin G (IgG) Serotype-specific Antibody Threshold Value of ≥0.35 μg/mL at 1 Month Postdose 4 (PD4): V114 2x:2x:2x vs Prenar 13®
313,outcome_overview_time_frame_weeks,26,69,,,non-PT33F,OG000,100.0,Percentage of Infant Participants Achieving the Pneumococcal Immunoglobulin G (IgG) Serotype-specific Antibody Threshold Value of ≥0.35 μg/mL at 1 Month Postdose 4 (PD4): V114 2x:2x:2x vs Prenar 13®
314,outcome_overview_dose_description,26w post dose 1 child,69w post dose 1 child,,,non-PT33F,OG001,2.7,Percentage of Infant Participants Achieving the Pneumococcal Immunoglobulin G (IgG) Serotype-specific Antibody Threshold Value of ≥0.35 μg/mL at 1 Month Postdose 4 (PD4): V114 2x:2x:2x vs Prenar 13®
314,outcome_overview_time_frame_weeks,26,69,,,non-PT33F,OG001,2.7,Percentage of Infant Participants Achieving the Pneumococcal Immunoglobulin G (IgG) Serotype-specific Antibody Threshold Value of ≥0.35 μg/mL at 1 Month Postdose 4 (PD4): V114 2x:2x:2x vs Prenar 13®
315,outcome_overview_dose_description,26w post dose 1 child,69w post dose 1 child,,,PT1,OG000,100.0,Percentage of Infant Participants Achieving the Pneumococcal Immunoglobulin G (IgG) Serotype-specific Antibody Threshold Value of ≥0.35 μg/mL at 1 Month Postdose 4 (PD4): V114 0.5x:0.5x:2x vs Prenar 13®
315,outcome_overview_time_frame_weeks,26,69,,,PT1,OG000,100.0,Percentage of Infant Participants Achieving the Pneumococcal Immunoglobulin G (IgG) Serotype-specific Antibody Threshold Value of ≥0.35 μg/mL at 1 Month Postdose 4 (PD4): V114 0.5x:0.5x:2x vs Prenar 13®
316,outcome_overview_dose_description,26w post dose 1 child,69w post dose 1 child,,,PT1,OG001,100.0,Percentage of Infant Participants Achieving the Pneumococcal Immunoglobulin G (IgG) Serotype-specific Antibody Threshold Value of ≥0.35 μg/mL at 1 Month Postdose 4 (PD4): V114 0.5x:0.5x:2x vs Prenar 13®
316,outcome_overview_time_frame_weeks,26,69,,,PT1,OG001,100.0,Percentage of Infant Participants Achieving the Pneumococcal Immunoglobulin G (IgG) Serotype-specific Antibody Threshold Value of ≥0.35 μg/mL at 1 Month Postdose 4 (PD4): V114 0.5x:0.5x:2x vs Prenar 13®
317,outcome_overview_dose_description,26w post dose 1 child,69w post dose 1 child,,,PT3,OG000,94.1,Percentage of Infant Participants Achieving the Pneumococcal Immunoglobulin G (IgG) Serotype-specific Antibody Threshold Value of ≥0.35 μg/mL at 1 Month Postdose 4 (PD4): V114 0.5x:0.5x:2x vs Prenar 13®
317,outcome_overview_time_frame_weeks,26,69,,,PT3,OG000,94.1,Percentage of Infant Participants Achieving the Pneumococcal Immunoglobulin G (IgG) Serotype-specific Antibody Threshold Value of ≥0.35 μg/mL at 1 Month Postdose 4 (PD4): V114 0.5x:0.5x:2x vs Prenar 13®
318,outcome_overview_dose_description,26w post dose 1 child,69w post dose 1 child,,,PT3,OG001,75.7,Percentage of Infant Participants Achieving the Pneumococcal Immunoglobulin G (IgG) Serotype-specific Antibody Threshold Value of ≥0.35 μg/mL at 1 Month Postdose 4 (PD4): V114 0.5x:0.5x:2x vs Prenar 13®
318,outcome_overview_time_frame_weeks,26,69,,,PT3,OG001,75.7,Percentage of Infant Participants Achieving the Pneumococcal Immunoglobulin G (IgG) Serotype-specific Antibody Threshold Value of ≥0.35 μg/mL at 1 Month Postdose 4 (PD4): V114 0.5x:0.5x:2x vs Prenar 13®
319,outcome_overview_dose_description,26w post dose 1 child,69w post dose 1 child,,,PT4,OG000,82.4,Percentage of Infant Participants Achieving the Pneumococcal Immunoglobulin G (IgG) Serotype-specific Antibody Threshold Value of ≥0.35 μg/mL at 1 Month Postdose 4 (PD4): V114 0.5x:0.5x:2x vs Prenar 13®
319,outcome_overview_time_frame_weeks,26,69,,,PT4,OG000,82.4,Percentage of Infant Participants Achieving the Pneumococcal Immunoglobulin G (IgG) Serotype-specific Antibody Threshold Value of ≥0.35 μg/mL at 1 Month Postdose 4 (PD4): V114 0.5x:0.5x:2x vs Prenar 13®
320,outcome_overview_dose_description,26w post dose 1 child,69w post dose 1 child,,,PT4,OG001,97.3,Percentage of Infant Participants Achieving the Pneumococcal Immunoglobulin G (IgG) Serotype-specific Antibody Threshold Value of ≥0.35 μg/mL at 1 Month Postdose 4 (PD4): V114 0.5x:0.5x:2x vs Prenar 13®
320,outcome_overview_time_frame_weeks,26,69,,,PT4,OG001,97.3,Percentage of Infant Participants Achieving the Pneumococcal Immunoglobulin G (IgG) Serotype-specific Antibody Threshold Value of ≥0.35 μg/mL at 1 Month Postdose 4 (PD4): V114 0.5x:0.5x:2x vs Prenar 13®
321,outcome_overview_dose_description,26w post dose 1 child,69w post dose 1 child,,,PT5,OG000,100.0,Percentage of Infant Participants Achieving the Pneumococcal Immunoglobulin G (IgG) Serotype-specific Antibody Threshold Value of ≥0.35 μg/mL at 1 Month Postdose 4 (PD4): V114 0.5x:0.5x:2x vs Prenar 13®
321,outcome_overview_time_frame_weeks,26,69,,,PT5,OG000,100.0,Percentage of Infant Participants Achieving the Pneumococcal Immunoglobulin G (IgG) Serotype-specific Antibody Threshold Value of ≥0.35 μg/mL at 1 Month Postdose 4 (PD4): V114 0.5x:0.5x:2x vs Prenar 13®
322,outcome_overview_dose_description,26w post dose 1 child,69w post dose 1 child,,,PT5,OG001,100.0,Percentage of Infant Participants Achieving the Pneumococcal Immunoglobulin G (IgG) Serotype-specific Antibody Threshold Value of ≥0.35 μg/mL at 1 Month Postdose 4 (PD4): V114 0.5x:0.5x:2x vs Prenar 13®
322,outcome_overview_time_frame_weeks,26,69,,,PT5,OG001,100.0,Percentage of Infant Participants Achieving the Pneumococcal Immunoglobulin G (IgG) Serotype-specific Antibody Threshold Value of ≥0.35 μg/mL at 1 Month Postdose 4 (PD4): V114 0.5x:0.5x:2x vs Prenar 13®
323,outcome_overview_dose_description,26w post dose 1 child,69w post dose 1 child,,,PT6A,OG000,100.0,Percentage of Infant Participants Achieving the Pneumococcal Immunoglobulin G (IgG) Serotype-specific Antibody Threshold Value of ≥0.35 μg/mL at 1 Month Postdose 4 (PD4): V114 0.5x:0.5x:2x vs Prenar 13®
323,outcome_overview_time_frame_weeks,26,69,,,PT6A,OG000,100.0,Percentage of Infant Participants Achieving the Pneumococcal Immunoglobulin G (IgG) Serotype-specific Antibody Threshold Value of ≥0.35 μg/mL at 1 Month Postdose 4 (PD4): V114 0.5x:0.5x:2x vs Prenar 13®
324,outcome_overview_dose_description,26w post dose 1 child,69w post dose 1 child,,,PT6A,OG001,100.0,Percentage of Infant Participants Achieving the Pneumococcal Immunoglobulin G (IgG) Serotype-specific Antibody Threshold Value of ≥0.35 μg/mL at 1 Month Postdose 4 (PD4): V114 0.5x:0.5x:2x vs Prenar 13®
324,outcome_overview_time_frame_weeks,26,69,,,PT6A,OG001,100.0,Percentage of Infant Participants Achieving the Pneumococcal Immunoglobulin G (IgG) Serotype-specific Antibody Threshold Value of ≥0.35 μg/mL at 1 Month Postdose 4 (PD4): V114 0.5x:0.5x:2x vs Prenar 13®
325,outcome_overview_dose_description,26w post dose 1 child,69w post dose 1 child,,,PT6B,OG000,100.0,Percentage of Infant Participants Achieving the Pneumococcal Immunoglobulin G (IgG) Serotype-specific Antibody Threshold Value of ≥0.35 μg/mL at 1 Month Postdose 4 (PD4): V114 0.5x:0.5x:2x vs Prenar 13®
325,outcome_overview_time_frame_weeks,26,69,,,PT6B,OG000,100.0,Percentage of Infant Participants Achieving the Pneumococcal Immunoglobulin G (IgG) Serotype-specific Antibody Threshold Value of ≥0.35 μg/mL at 1 Month Postdose 4 (PD4): V114 0.5x:0.5x:2x vs Prenar 13®
326,outcome_overview_dose_description,26w post dose 1 child,69w post dose 1 child,,,PT6B,OG001,100.0,Percentage of Infant Participants Achieving the Pneumococcal Immunoglobulin G (IgG) Serotype-specific Antibody Threshold Value of ≥0.35 μg/mL at 1 Month Postdose 4 (PD4): V114 0.5x:0.5x:2x vs Prenar 13®
326,outcome_overview_time_frame_weeks,26,69,,,PT6B,OG001,100.0,Percentage of Infant Participants Achieving the Pneumococcal Immunoglobulin G (IgG) Serotype-specific Antibody Threshold Value of ≥0.35 μg/mL at 1 Month Postdose 4 (PD4): V114 0.5x:0.5x:2x vs Prenar 13®
327,outcome_overview_dose_description,26w post dose 1 child,69w post dose 1 child,,,PT7F,OG000,100.0,Percentage of Infant Participants Achieving the Pneumococcal Immunoglobulin G (IgG) Serotype-specific Antibody Threshold Value of ≥0.35 μg/mL at 1 Month Postdose 4 (PD4): V114 0.5x:0.5x:2x vs Prenar 13®
327,outcome_overview_time_frame_weeks,26,69,,,PT7F,OG000,100.0,Percentage of Infant Participants Achieving the Pneumococcal Immunoglobulin G (IgG) Serotype-specific Antibody Threshold Value of ≥0.35 μg/mL at 1 Month Postdose 4 (PD4): V114 0.5x:0.5x:2x vs Prenar 13®
328,outcome_overview_dose_description,26w post dose 1 child,69w post dose 1 child,,,PT7F,OG001,100.0,Percentage of Infant Participants Achieving the Pneumococcal Immunoglobulin G (IgG) Serotype-specific Antibody Threshold Value of ≥0.35 μg/mL at 1 Month Postdose 4 (PD4): V114 0.5x:0.5x:2x vs Prenar 13®
328,outcome_overview_time_frame_weeks,26,69,,,PT7F,OG001,100.0,Percentage of Infant Participants Achieving the Pneumococcal Immunoglobulin G (IgG) Serotype-specific Antibody Threshold Value of ≥0.35 μg/mL at 1 Month Postdose 4 (PD4): V114 0.5x:0.5x:2x vs Prenar 13®
329,outcome_overview_dose_description,26w post dose 1 child,69w post dose 1 child,,,PT9V,OG000,100.0,Percentage of Infant Participants Achieving the Pneumococcal Immunoglobulin G (IgG) Serotype-specific Antibody Threshold Value of ≥0.35 μg/mL at 1 Month Postdose 4 (PD4): V114 0.5x:0.5x:2x vs Prenar 13®
329,outcome_overview_time_frame_weeks,26,69,,,PT9V,OG000,100.0,Percentage of Infant Participants Achieving the Pneumococcal Immunoglobulin G (IgG) Serotype-specific Antibody Threshold Value of ≥0.35 μg/mL at 1 Month Postdose 4 (PD4): V114 0.5x:0.5x:2x vs Prenar 13®
330,outcome_overview_dose_description,26w post dose 1 child,69w post dose 1 child,,,PT9V,OG001,100.0,Percentage of Infant Participants Achieving the Pneumococcal Immunoglobulin G (IgG) Serotype-specific Antibody Threshold Value of ≥0.35 μg/mL at 1 Month Postdose 4 (PD4): V114 0.5x:0.5x:2x vs Prenar 13®
330,outcome_overview_time_frame_weeks,26,69,,,PT9V,OG001,100.0,Percentage of Infant Participants Achieving the Pneumococcal Immunoglobulin G (IgG) Serotype-specific Antibody Threshold Value of ≥0.35 μg/mL at 1 Month Postdose 4 (PD4): V114 0.5x:0.5x:2x vs Prenar 13®
331,outcome_overview_dose_description,26w post dose 1 child,69w post dose 1 child,,,PT14,OG000,100.0,Percentage of Infant Participants Achieving the Pneumococcal Immunoglobulin G (IgG) Serotype-specific Antibody Threshold Value of ≥0.35 μg/mL at 1 Month Postdose 4 (PD4): V114 0.5x:0.5x:2x vs Prenar 13®
331,outcome_overview_time_frame_weeks,26,69,,,PT14,OG000,100.0,Percentage of Infant Participants Achieving the Pneumococcal Immunoglobulin G (IgG) Serotype-specific Antibody Threshold Value of ≥0.35 μg/mL at 1 Month Postdose 4 (PD4): V114 0.5x:0.5x:2x vs Prenar 13®
332,outcome_overview_dose_description,26w post dose 1 child,69w post dose 1 child,,,PT14,OG001,100.0,Percentage of Infant Participants Achieving the Pneumococcal Immunoglobulin G (IgG) Serotype-specific Antibody Threshold Value of ≥0.35 μg/mL at 1 Month Postdose 4 (PD4): V114 0.5x:0.5x:2x vs Prenar 13®
332,outcome_overview_time_frame_weeks,26,69,,,PT14,OG001,100.0,Percentage of Infant Participants Achieving the Pneumococcal Immunoglobulin G (IgG) Serotype-specific Antibody Threshold Value of ≥0.35 μg/mL at 1 Month Postdose 4 (PD4): V114 0.5x:0.5x:2x vs Prenar 13®
333,outcome_overview_dose_description,26w post dose 1 child,69w post dose 1 child,,,PT18C,OG000,100.0,Percentage of Infant Participants Achieving the Pneumococcal Immunoglobulin G (IgG) Serotype-specific Antibody Threshold Value of ≥0.35 μg/mL at 1 Month Postdose 4 (PD4): V114 0.5x:0.5x:2x vs Prenar 13®
333,outcome_overview_time_frame_weeks,26,69,,,PT18C,OG000,100.0,Percentage of Infant Participants Achieving the Pneumococcal Immunoglobulin G (IgG) Serotype-specific Antibody Threshold Value of ≥0.35 μg/mL at 1 Month Postdose 4 (PD4): V114 0.5x:0.5x:2x vs Prenar 13®
334,outcome_overview_dose_description,26w post dose 1 child,69w post dose 1 child,,,PT18C,OG001,100.0,Percentage of Infant Participants Achieving the Pneumococcal Immunoglobulin G (IgG) Serotype-specific Antibody Threshold Value of ≥0.35 μg/mL at 1 Month Postdose 4 (PD4): V114 0.5x:0.5x:2x vs Prenar 13®
334,outcome_overview_time_frame_weeks,26,69,,,PT18C,OG001,100.0,Percentage of Infant Participants Achieving the Pneumococcal Immunoglobulin G (IgG) Serotype-specific Antibody Threshold Value of ≥0.35 μg/mL at 1 Month Postdose 4 (PD4): V114 0.5x:0.5x:2x vs Prenar 13®
335,outcome_overview_dose_description,26w post dose 1 child,69w post dose 1 child,,,PT19A,OG000,100.0,Percentage of Infant Participants Achieving the Pneumococcal Immunoglobulin G (IgG) Serotype-specific Antibody Threshold Value of ≥0.35 μg/mL at 1 Month Postdose 4 (PD4): V114 0.5x:0.5x:2x vs Prenar 13®
335,outcome_overview_time_frame_weeks,26,69,,,PT19A,OG000,100.0,Percentage of Infant Participants Achieving the Pneumococcal Immunoglobulin G (IgG) Serotype-specific Antibody Threshold Value of ≥0.35 μg/mL at 1 Month Postdose 4 (PD4): V114 0.5x:0.5x:2x vs Prenar 13®
336,outcome_overview_dose_description,26w post dose 1 child,69w post dose 1 child,,,PT19A,OG001,100.0,Percentage of Infant Participants Achieving the Pneumococcal Immunoglobulin G (IgG) Serotype-specific Antibody Threshold Value of ≥0.35 μg/mL at 1 Month Postdose 4 (PD4): V114 0.5x:0.5x:2x vs Prenar 13®
336,outcome_overview_time_frame_weeks,26,69,,,PT19A,OG001,100.0,Percentage of Infant Participants Achieving the Pneumococcal Immunoglobulin G (IgG) Serotype-specific Antibody Threshold Value of ≥0.35 μg/mL at 1 Month Postdose 4 (PD4): V114 0.5x:0.5x:2x vs Prenar 13®
337,outcome_overview_dose_description,26w post dose 1 child,69w post dose 1 child,,,PT19F,OG000,100.0,Percentage of Infant Participants Achieving the Pneumococcal Immunoglobulin G (IgG) Serotype-specific Antibody Threshold Value of ≥0.35 μg/mL at 1 Month Postdose 4 (PD4): V114 0.5x:0.5x:2x vs Prenar 13®
337,outcome_overview_time_frame_weeks,26,69,,,PT19F,OG000,100.0,Percentage of Infant Participants Achieving the Pneumococcal Immunoglobulin G (IgG) Serotype-specific Antibody Threshold Value of ≥0.35 μg/mL at 1 Month Postdose 4 (PD4): V114 0.5x:0.5x:2x vs Prenar 13®
338,outcome_overview_dose_description,26w post dose 1 child,69w post dose 1 child,,,PT19F,OG001,100.0,Percentage of Infant Participants Achieving the Pneumococcal Immunoglobulin G (IgG) Serotype-specific Antibody Threshold Value of ≥0.35 μg/mL at 1 Month Postdose 4 (PD4): V114 0.5x:0.5x:2x vs Prenar 13®
338,outcome_overview_time_frame_weeks,26,69,,,PT19F,OG001,100.0,Percentage of Infant Participants Achieving the Pneumococcal Immunoglobulin G (IgG) Serotype-specific Antibody Threshold Value of ≥0.35 μg/mL at 1 Month Postdose 4 (PD4): V114 0.5x:0.5x:2x vs Prenar 13®
339,outcome_overview_dose_description,26w post dose 1 child,69w post dose 1 child,,,PT23F,OG000,94.1,Percentage of Infant Participants Achieving the Pneumococcal Immunoglobulin G (IgG) Serotype-specific Antibody Threshold Value of ≥0.35 μg/mL at 1 Month Postdose 4 (PD4): V114 0.5x:0.5x:2x vs Prenar 13®
339,outcome_overview_time_frame_weeks,26,69,,,PT23F,OG000,94.1,Percentage of Infant Participants Achieving the Pneumococcal Immunoglobulin G (IgG) Serotype-specific Antibody Threshold Value of ≥0.35 μg/mL at 1 Month Postdose 4 (PD4): V114 0.5x:0.5x:2x vs Prenar 13®
340,outcome_overview_dose_description,26w post dose 1 child,69w post dose 1 child,,,PT23F,OG001,100.0,Percentage of Infant Participants Achieving the Pneumococcal Immunoglobulin G (IgG) Serotype-specific Antibody Threshold Value of ≥0.35 μg/mL at 1 Month Postdose 4 (PD4): V114 0.5x:0.5x:2x vs Prenar 13®
340,outcome_overview_time_frame_weeks,26,69,,,PT23F,OG001,100.0,Percentage of Infant Participants Achieving the Pneumococcal Immunoglobulin G (IgG) Serotype-specific Antibody Threshold Value of ≥0.35 μg/mL at 1 Month Postdose 4 (PD4): V114 0.5x:0.5x:2x vs Prenar 13®
341,outcome_overview_dose_description,26w post dose 1 child,69w post dose 1 child,,,non-PT22F,OG000,100.0,Percentage of Infant Participants Achieving the Pneumococcal Immunoglobulin G (IgG) Serotype-specific Antibody Threshold Value of ≥0.35 μg/mL at 1 Month Postdose 4 (PD4): V114 0.5x:0.5x:2x vs Prenar 13®
341,outcome_overview_time_frame_weeks,26,69,,,non-PT22F,OG000,100.0,Percentage of Infant Participants Achieving the Pneumococcal Immunoglobulin G (IgG) Serotype-specific Antibody Threshold Value of ≥0.35 μg/mL at 1 Month Postdose 4 (PD4): V114 0.5x:0.5x:2x vs Prenar 13®
342,outcome_overview_dose_description,26w post dose 1 child,69w post dose 1 child,,,non-PT22F,OG001,10.8,Percentage of Infant Participants Achieving the Pneumococcal Immunoglobulin G (IgG) Serotype-specific Antibody Threshold Value of ≥0.35 μg/mL at 1 Month Postdose 4 (PD4): V114 0.5x:0.5x:2x vs Prenar 13®
342,outcome_overview_time_frame_weeks,26,69,,,non-PT22F,OG001,10.8,Percentage of Infant Participants Achieving the Pneumococcal Immunoglobulin G (IgG) Serotype-specific Antibody Threshold Value of ≥0.35 μg/mL at 1 Month Postdose 4 (PD4): V114 0.5x:0.5x:2x vs Prenar 13®
343,outcome_overview_dose_description,26w post dose 1 child,69w post dose 1 child,,,non-PT33F,OG000,100.0,Percentage of Infant Participants Achieving the Pneumococcal Immunoglobulin G (IgG) Serotype-specific Antibody Threshold Value of ≥0.35 μg/mL at 1 Month Postdose 4 (PD4): V114 0.5x:0.5x:2x vs Prenar 13®
343,outcome_overview_time_frame_weeks,26,69,,,non-PT33F,OG000,100.0,Percentage of Infant Participants Achieving the Pneumococcal Immunoglobulin G (IgG) Serotype-specific Antibody Threshold Value of ≥0.35 μg/mL at 1 Month Postdose 4 (PD4): V114 0.5x:0.5x:2x vs Prenar 13®
344,outcome_overview_dose_description,26w post dose 1 child,69w post dose 1 child,,,non-PT33F,OG001,2.7,Percentage of Infant Participants Achieving the Pneumococcal Immunoglobulin G (IgG) Serotype-specific Antibody Threshold Value of ≥0.35 μg/mL at 1 Month Postdose 4 (PD4): V114 0.5x:0.5x:2x vs Prenar 13®
344,outcome_overview_time_frame_weeks,26,69,,,non-PT33F,OG001,2.7,Percentage of Infant Participants Achieving the Pneumococcal Immunoglobulin G (IgG) Serotype-specific Antibody Threshold Value of ≥0.35 μg/mL at 1 Month Postdose 4 (PD4): V114 0.5x:0.5x:2x vs Prenar 13®
345,outcome_overview_dose_description,26w post dose 1 child,69w post dose 1 child,,,PT1,OG000,96.6,Percentage of Infant Participants Achieving the Pneumococcal Immunoglobulin G (IgG) Serotype-specific Antibody Threshold Value of ≥0.35 μg/mL at 1 Month Postdose 4 (PD4): V114 1x:1x:2x vs Prenar 13®
345,outcome_overview_time_frame_weeks,26,69,,,PT1,OG000,96.6,Percentage of Infant Participants Achieving the Pneumococcal Immunoglobulin G (IgG) Serotype-specific Antibody Threshold Value of ≥0.35 μg/mL at 1 Month Postdose 4 (PD4): V114 1x:1x:2x vs Prenar 13®
346,outcome_overview_dose_description,26w post dose 1 child,69w post dose 1 child,,,PT1,OG001,100.0,Percentage of Infant Participants Achieving the Pneumococcal Immunoglobulin G (IgG) Serotype-specific Antibody Threshold Value of ≥0.35 μg/mL at 1 Month Postdose 4 (PD4): V114 1x:1x:2x vs Prenar 13®
346,outcome_overview_time_frame_weeks,26,69,,,PT1,OG001,100.0,Percentage of Infant Participants Achieving the Pneumococcal Immunoglobulin G (IgG) Serotype-specific Antibody Threshold Value of ≥0.35 μg/mL at 1 Month Postdose 4 (PD4): V114 1x:1x:2x vs Prenar 13®
347,outcome_overview_dose_description,26w post dose 1 child,69w post dose 1 child,,,PT3,OG000,89.7,Percentage of Infant Participants Achieving the Pneumococcal Immunoglobulin G (IgG) Serotype-specific Antibody Threshold Value of ≥0.35 μg/mL at 1 Month Postdose 4 (PD4): V114 1x:1x:2x vs Prenar 13®
347,outcome_overview_time_frame_weeks,26,69,,,PT3,OG000,89.7,Percentage of Infant Participants Achieving the Pneumococcal Immunoglobulin G (IgG) Serotype-specific Antibody Threshold Value of ≥0.35 μg/mL at 1 Month Postdose 4 (PD4): V114 1x:1x:2x vs Prenar 13®
348,outcome_overview_dose_description,26w post dose 1 child,69w post dose 1 child,,,PT3,OG001,75.7,Percentage of Infant Participants Achieving the Pneumococcal Immunoglobulin G (IgG) Serotype-specific Antibody Threshold Value of ≥0.35 μg/mL at 1 Month Postdose 4 (PD4): V114 1x:1x:2x vs Prenar 13®
348,outcome_overview_time_frame_weeks,26,69,,,PT3,OG001,75.7,Percentage of Infant Participants Achieving the Pneumococcal Immunoglobulin G (IgG) Serotype-specific Antibody Threshold Value of ≥0.35 μg/mL at 1 Month Postdose 4 (PD4): V114 1x:1x:2x vs Prenar 13®
349,outcome_overview_dose_description,26w post dose 1 child,69w post dose 1 child,,,PT4,OG000,89.7,Percentage of Infant Participants Achieving the Pneumococcal Immunoglobulin G (IgG) Serotype-specific Antibody Threshold Value of ≥0.35 μg/mL at 1 Month Postdose 4 (PD4): V114 1x:1x:2x vs Prenar 13®
349,outcome_overview_time_frame_weeks,26,69,,,PT4,OG000,89.7,Percentage of Infant Participants Achieving the Pneumococcal Immunoglobulin G (IgG) Serotype-specific Antibody Threshold Value of ≥0.35 μg/mL at 1 Month Postdose 4 (PD4): V114 1x:1x:2x vs Prenar 13®
350,outcome_overview_dose_description,26w post dose 1 child,69w post dose 1 child,,,PT4,OG001,97.3,Percentage of Infant Participants Achieving the Pneumococcal Immunoglobulin G (IgG) Serotype-specific Antibody Threshold Value of ≥0.35 μg/mL at 1 Month Postdose 4 (PD4): V114 1x:1x:2x vs Prenar 13®
350,outcome_overview_time_frame_weeks,26,69,,,PT4,OG001,97.3,Percentage of Infant Participants Achieving the Pneumococcal Immunoglobulin G (IgG) Serotype-specific Antibody Threshold Value of ≥0.35 μg/mL at 1 Month Postdose 4 (PD4): V114 1x:1x:2x vs Prenar 13®
351,outcome_overview_dose_description,26w post dose 1 child,69w post dose 1 child,,,PT5,OG000,96.6,Percentage of Infant Participants Achieving the Pneumococcal Immunoglobulin G (IgG) Serotype-specific Antibody Threshold Value of ≥0.35 μg/mL at 1 Month Postdose 4 (PD4): V114 1x:1x:2x vs Prenar 13®
351,outcome_overview_time_frame_weeks,26,69,,,PT5,OG000,96.6,Percentage of Infant Participants Achieving the Pneumococcal Immunoglobulin G (IgG) Serotype-specific Antibody Threshold Value of ≥0.35 μg/mL at 1 Month Postdose 4 (PD4): V114 1x:1x:2x vs Prenar 13®
352,outcome_overview_dose_description,26w post dose 1 child,69w post dose 1 child,,,PT5,OG001,100.0,Percentage of Infant Participants Achieving the Pneumococcal Immunoglobulin G (IgG) Serotype-specific Antibody Threshold Value of ≥0.35 μg/mL at 1 Month Postdose 4 (PD4): V114 1x:1x:2x vs Prenar 13®
352,outcome_overview_time_frame_weeks,26,69,,,PT5,OG001,100.0,Percentage of Infant Participants Achieving the Pneumococcal Immunoglobulin G (IgG) Serotype-specific Antibody Threshold Value of ≥0.35 μg/mL at 1 Month Postdose 4 (PD4): V114 1x:1x:2x vs Prenar 13®
353,outcome_overview_dose_description,26w post dose 1 child,69w post dose 1 child,,,PT6A,OG000,100.0,Percentage of Infant Participants Achieving the Pneumococcal Immunoglobulin G (IgG) Serotype-specific Antibody Threshold Value of ≥0.35 μg/mL at 1 Month Postdose 4 (PD4): V114 1x:1x:2x vs Prenar 13®
353,outcome_overview_time_frame_weeks,26,69,,,PT6A,OG000,100.0,Percentage of Infant Participants Achieving the Pneumococcal Immunoglobulin G (IgG) Serotype-specific Antibody Threshold Value of ≥0.35 μg/mL at 1 Month Postdose 4 (PD4): V114 1x:1x:2x vs Prenar 13®
354,outcome_overview_dose_description,26w post dose 1 child,69w post dose 1 child,,,PT6A,OG001,100.0,Percentage of Infant Participants Achieving the Pneumococcal Immunoglobulin G (IgG) Serotype-specific Antibody Threshold Value of ≥0.35 μg/mL at 1 Month Postdose 4 (PD4): V114 1x:1x:2x vs Prenar 13®
354,outcome_overview_time_frame_weeks,26,69,,,PT6A,OG001,100.0,Percentage of Infant Participants Achieving the Pneumococcal Immunoglobulin G (IgG) Serotype-specific Antibody Threshold Value of ≥0.35 μg/mL at 1 Month Postdose 4 (PD4): V114 1x:1x:2x vs Prenar 13®
355,outcome_overview_dose_description,26w post dose 1 child,69w post dose 1 child,,,PT6B,OG000,100.0,Percentage of Infant Participants Achieving the Pneumococcal Immunoglobulin G (IgG) Serotype-specific Antibody Threshold Value of ≥0.35 μg/mL at 1 Month Postdose 4 (PD4): V114 1x:1x:2x vs Prenar 13®
355,outcome_overview_time_frame_weeks,26,69,,,PT6B,OG000,100.0,Percentage of Infant Participants Achieving the Pneumococcal Immunoglobulin G (IgG) Serotype-specific Antibody Threshold Value of ≥0.35 μg/mL at 1 Month Postdose 4 (PD4): V114 1x:1x:2x vs Prenar 13®
356,outcome_overview_dose_description,26w post dose 1 child,69w post dose 1 child,,,PT6B,OG001,100.0,Percentage of Infant Participants Achieving the Pneumococcal Immunoglobulin G (IgG) Serotype-specific Antibody Threshold Value of ≥0.35 μg/mL at 1 Month Postdose 4 (PD4): V114 1x:1x:2x vs Prenar 13®
356,outcome_overview_time_frame_weeks,26,69,,,PT6B,OG001,100.0,Percentage of Infant Participants Achieving the Pneumococcal Immunoglobulin G (IgG) Serotype-specific Antibody Threshold Value of ≥0.35 μg/mL at 1 Month Postdose 4 (PD4): V114 1x:1x:2x vs Prenar 13®
357,outcome_overview_dose_description,26w post dose 1 child,69w post dose 1 child,,,PT7F,OG000,100.0,Percentage of Infant Participants Achieving the Pneumococcal Immunoglobulin G (IgG) Serotype-specific Antibody Threshold Value of ≥0.35 μg/mL at 1 Month Postdose 4 (PD4): V114 1x:1x:2x vs Prenar 13®
357,outcome_overview_time_frame_weeks,26,69,,,PT7F,OG000,100.0,Percentage of Infant Participants Achieving the Pneumococcal Immunoglobulin G (IgG) Serotype-specific Antibody Threshold Value of ≥0.35 μg/mL at 1 Month Postdose 4 (PD4): V114 1x:1x:2x vs Prenar 13®
358,outcome_overview_dose_description,26w post dose 1 child,69w post dose 1 child,,,PT7F,OG001,100.0,Percentage of Infant Participants Achieving the Pneumococcal Immunoglobulin G (IgG) Serotype-specific Antibody Threshold Value of ≥0.35 μg/mL at 1 Month Postdose 4 (PD4): V114 1x:1x:2x vs Prenar 13®
358,outcome_overview_time_frame_weeks,26,69,,,PT7F,OG001,100.0,Percentage of Infant Participants Achieving the Pneumococcal Immunoglobulin G (IgG) Serotype-specific Antibody Threshold Value of ≥0.35 μg/mL at 1 Month Postdose 4 (PD4): V114 1x:1x:2x vs Prenar 13®
359,outcome_overview_dose_description,26w post dose 1 child,69w post dose 1 child,,,PT9V,OG000,96.6,Percentage of Infant Participants Achieving the Pneumococcal Immunoglobulin G (IgG) Serotype-specific Antibody Threshold Value of ≥0.35 μg/mL at 1 Month Postdose 4 (PD4): V114 1x:1x:2x vs Prenar 13®
359,outcome_overview_time_frame_weeks,26,69,,,PT9V,OG000,96.6,Percentage of Infant Participants Achieving the Pneumococcal Immunoglobulin G (IgG) Serotype-specific Antibody Threshold Value of ≥0.35 μg/mL at 1 Month Postdose 4 (PD4): V114 1x:1x:2x vs Prenar 13®
360,outcome_overview_dose_description,26w post dose 1 child,69w post dose 1 child,,,PT9V,OG001,100.0,Percentage of Infant Participants Achieving the Pneumococcal Immunoglobulin G (IgG) Serotype-specific Antibody Threshold Value of ≥0.35 μg/mL at 1 Month Postdose 4 (PD4): V114 1x:1x:2x vs Prenar 13®
360,outcome_overview_time_frame_weeks,26,69,,,PT9V,OG001,100.0,Percentage of Infant Participants Achieving the Pneumococcal Immunoglobulin G (IgG) Serotype-specific Antibody Threshold Value of ≥0.35 μg/mL at 1 Month Postdose 4 (PD4): V114 1x:1x:2x vs Prenar 13®
361,outcome_overview_dose_description,26w post dose 1 child,69w post dose 1 child,,,PT14,OG000,100.0,Percentage of Infant Participants Achieving the Pneumococcal Immunoglobulin G (IgG) Serotype-specific Antibody Threshold Value of ≥0.35 μg/mL at 1 Month Postdose 4 (PD4): V114 1x:1x:2x vs Prenar 13®
361,outcome_overview_time_frame_weeks,26,69,,,PT14,OG000,100.0,Percentage of Infant Participants Achieving the Pneumococcal Immunoglobulin G (IgG) Serotype-specific Antibody Threshold Value of ≥0.35 μg/mL at 1 Month Postdose 4 (PD4): V114 1x:1x:2x vs Prenar 13®
362,outcome_overview_dose_description,26w post dose 1 child,69w post dose 1 child,,,PT14,OG001,100.0,Percentage of Infant Participants Achieving the Pneumococcal Immunoglobulin G (IgG) Serotype-specific Antibody Threshold Value of ≥0.35 μg/mL at 1 Month Postdose 4 (PD4): V114 1x:1x:2x vs Prenar 13®
362,outcome_overview_time_frame_weeks,26,69,,,PT14,OG001,100.0,Percentage of Infant Participants Achieving the Pneumococcal Immunoglobulin G (IgG) Serotype-specific Antibody Threshold Value of ≥0.35 μg/mL at 1 Month Postdose 4 (PD4): V114 1x:1x:2x vs Prenar 13®
363,outcome_overview_dose_description,26w post dose 1 child,69w post dose 1 child,,,PT18C,OG000,96.6,Percentage of Infant Participants Achieving the Pneumococcal Immunoglobulin G (IgG) Serotype-specific Antibody Threshold Value of ≥0.35 μg/mL at 1 Month Postdose 4 (PD4): V114 1x:1x:2x vs Prenar 13®
363,outcome_overview_time_frame_weeks,26,69,,,PT18C,OG000,96.6,Percentage of Infant Participants Achieving the Pneumococcal Immunoglobulin G (IgG) Serotype-specific Antibody Threshold Value of ≥0.35 μg/mL at 1 Month Postdose 4 (PD4): V114 1x:1x:2x vs Prenar 13®
364,outcome_overview_dose_description,26w post dose 1 child,69w post dose 1 child,,,PT18C,OG001,100.0,Percentage of Infant Participants Achieving the Pneumococcal Immunoglobulin G (IgG) Serotype-specific Antibody Threshold Value of ≥0.35 μg/mL at 1 Month Postdose 4 (PD4): V114 1x:1x:2x vs Prenar 13®
364,outcome_overview_time_frame_weeks,26,69,,,PT18C,OG001,100.0,Percentage of Infant Participants Achieving the Pneumococcal Immunoglobulin G (IgG) Serotype-specific Antibody Threshold Value of ≥0.35 μg/mL at 1 Month Postdose 4 (PD4): V114 1x:1x:2x vs Prenar 13®
365,outcome_overview_dose_description,26w post dose 1 child,69w post dose 1 child,,,PT19A,OG000,93.1,Percentage of Infant Participants Achieving the Pneumococcal Immunoglobulin G (IgG) Serotype-specific Antibody Threshold Value of ≥0.35 μg/mL at 1 Month Postdose 4 (PD4): V114 1x:1x:2x vs Prenar 13®
365,outcome_overview_time_frame_weeks,26,69,,,PT19A,OG000,93.1,Percentage of Infant Participants Achieving the Pneumococcal Immunoglobulin G (IgG) Serotype-specific Antibody Threshold Value of ≥0.35 μg/mL at 1 Month Postdose 4 (PD4): V114 1x:1x:2x vs Prenar 13®
366,outcome_overview_dose_description,26w post dose 1 child,69w post dose 1 child,,,PT19A,OG001,100.0,Percentage of Infant Participants Achieving the Pneumococcal Immunoglobulin G (IgG) Serotype-specific Antibody Threshold Value of ≥0.35 μg/mL at 1 Month Postdose 4 (PD4): V114 1x:1x:2x vs Prenar 13®
366,outcome_overview_time_frame_weeks,26,69,,,PT19A,OG001,100.0,Percentage of Infant Participants Achieving the Pneumococcal Immunoglobulin G (IgG) Serotype-specific Antibody Threshold Value of ≥0.35 μg/mL at 1 Month Postdose 4 (PD4): V114 1x:1x:2x vs Prenar 13®
367,outcome_overview_dose_description,26w post dose 1 child,69w post dose 1 child,,,PT19F,OG000,96.6,Percentage of Infant Participants Achieving the Pneumococcal Immunoglobulin G (IgG) Serotype-specific Antibody Threshold Value of ≥0.35 μg/mL at 1 Month Postdose 4 (PD4): V114 1x:1x:2x vs Prenar 13®
367,outcome_overview_time_frame_weeks,26,69,,,PT19F,OG000,96.6,Percentage of Infant Participants Achieving the Pneumococcal Immunoglobulin G (IgG) Serotype-specific Antibody Threshold Value of ≥0.35 μg/mL at 1 Month Postdose 4 (PD4): V114 1x:1x:2x vs Prenar 13®
368,outcome_overview_dose_description,26w post dose 1 child,69w post dose 1 child,,,PT19F,OG001,100.0,Percentage of Infant Participants Achieving the Pneumococcal Immunoglobulin G (IgG) Serotype-specific Antibody Threshold Value of ≥0.35 μg/mL at 1 Month Postdose 4 (PD4): V114 1x:1x:2x vs Prenar 13®
368,outcome_overview_time_frame_weeks,26,69,,,PT19F,OG001,100.0,Percentage of Infant Participants Achieving the Pneumococcal Immunoglobulin G (IgG) Serotype-specific Antibody Threshold Value of ≥0.35 μg/mL at 1 Month Postdose 4 (PD4): V114 1x:1x:2x vs Prenar 13®
369,outcome_overview_dose_description,26w post dose 1 child,69w post dose 1 child,,,PT23F,OG000,100.0,Percentage of Infant Participants Achieving the Pneumococcal Immunoglobulin G (IgG) Serotype-specific Antibody Threshold Value of ≥0.35 μg/mL at 1 Month Postdose 4 (PD4): V114 1x:1x:2x vs Prenar 13®
369,outcome_overview_time_frame_weeks,26,69,,,PT23F,OG000,100.0,Percentage of Infant Participants Achieving the Pneumococcal Immunoglobulin G (IgG) Serotype-specific Antibody Threshold Value of ≥0.35 μg/mL at 1 Month Postdose 4 (PD4): V114 1x:1x:2x vs Prenar 13®
370,outcome_overview_dose_description,26w post dose 1 child,69w post dose 1 child,,,PT23F,OG001,100.0,Percentage of Infant Participants Achieving the Pneumococcal Immunoglobulin G (IgG) Serotype-specific Antibody Threshold Value of ≥0.35 μg/mL at 1 Month Postdose 4 (PD4): V114 1x:1x:2x vs Prenar 13®
370,outcome_overview_time_frame_weeks,26,69,,,PT23F,OG001,100.0,Percentage of Infant Participants Achieving the Pneumococcal Immunoglobulin G (IgG) Serotype-specific Antibody Threshold Value of ≥0.35 μg/mL at 1 Month Postdose 4 (PD4): V114 1x:1x:2x vs Prenar 13®
371,outcome_overview_dose_description,26w post dose 1 child,69w post dose 1 child,,,non-PT22F,OG000,100.0,Percentage of Infant Participants Achieving the Pneumococcal Immunoglobulin G (IgG) Serotype-specific Antibody Threshold Value of ≥0.35 μg/mL at 1 Month Postdose 4 (PD4): V114 1x:1x:2x vs Prenar 13®
371,outcome_overview_time_frame_weeks,26,69,,,non-PT22F,OG000,100.0,Percentage of Infant Participants Achieving the Pneumococcal Immunoglobulin G (IgG) Serotype-specific Antibody Threshold Value of ≥0.35 μg/mL at 1 Month Postdose 4 (PD4): V114 1x:1x:2x vs Prenar 13®
372,outcome_overview_dose_description,26w post dose 1 child,69w post dose 1 child,,,non-PT22F,OG001,10.8,Percentage of Infant Participants Achieving the Pneumococcal Immunoglobulin G (IgG) Serotype-specific Antibody Threshold Value of ≥0.35 μg/mL at 1 Month Postdose 4 (PD4): V114 1x:1x:2x vs Prenar 13®
372,outcome_overview_time_frame_weeks,26,69,,,non-PT22F,OG001,10.8,Percentage of Infant Participants Achieving the Pneumococcal Immunoglobulin G (IgG) Serotype-specific Antibody Threshold Value of ≥0.35 μg/mL at 1 Month Postdose 4 (PD4): V114 1x:1x:2x vs Prenar 13®
373,outcome_overview_dose_description,26w post dose 1 child,69w post dose 1 child,,,non-PT33F,OG000,96.6,Percentage of Infant Participants Achieving the Pneumococcal Immunoglobulin G (IgG) Serotype-specific Antibody Threshold Value of ≥0.35 μg/mL at 1 Month Postdose 4 (PD4): V114 1x:1x:2x vs Prenar 13®
373,outcome_overview_time_frame_weeks,26,69,,,non-PT33F,OG000,96.6,Percentage of Infant Participants Achieving the Pneumococcal Immunoglobulin G (IgG) Serotype-specific Antibody Threshold Value of ≥0.35 μg/mL at 1 Month Postdose 4 (PD4): V114 1x:1x:2x vs Prenar 13®
374,outcome_overview_dose_description,26w post dose 1 child,69w post dose 1 child,,,non-PT33F,OG001,2.7,Percentage of Infant Participants Achieving the Pneumococcal Immunoglobulin G (IgG) Serotype-specific Antibody Threshold Value of ≥0.35 μg/mL at 1 Month Postdose 4 (PD4): V114 1x:1x:2x vs Prenar 13®
374,outcome_overview_time_frame_weeks,26,69,,,non-PT33F,OG001,2.7,Percentage of Infant Participants Achieving the Pneumococcal Immunoglobulin G (IgG) Serotype-specific Antibody Threshold Value of ≥0.35 μg/mL at 1 Month Postdose 4 (PD4): V114 1x:1x:2x vs Prenar 13®
375,outcome_overview_dose_description,26w post dose 1 child,69w post dose 1 child,,,PT1,OG000,1.67,Geometric Mean Concentration (GMC) of Serotype-specific Pneumococcal Immunoglobulin G (IgG) Antibodies at 1 Month Postdose 4 (PD4) in Infants
375,outcome_overview_time_frame_weeks,26,69,,,PT1,OG000,1.67,Geometric Mean Concentration (GMC) of Serotype-specific Pneumococcal Immunoglobulin G (IgG) Antibodies at 1 Month Postdose 4 (PD4) in Infants
376,outcome_overview_dose_description,26w post dose 1 child,69w post dose 1 child,,,PT1,OG001,1.85,Geometric Mean Concentration (GMC) of Serotype-specific Pneumococcal Immunoglobulin G (IgG) Antibodies at 1 Month Postdose 4 (PD4) in Infants
376,outcome_overview_time_frame_weeks,26,69,,,PT1,OG001,1.85,Geometric Mean Concentration (GMC) of Serotype-specific Pneumococcal Immunoglobulin G (IgG) Antibodies at 1 Month Postdose 4 (PD4) in Infants
377,outcome_overview_dose_description,26w post dose 1 child,69w post dose 1 child,,,PT1,OG002,2.25,Geometric Mean Concentration (GMC) of Serotype-specific Pneumococcal Immunoglobulin G (IgG) Antibodies at 1 Month Postdose 4 (PD4) in Infants
377,outcome_overview_time_frame_weeks,26,69,,,PT1,OG002,2.25,Geometric Mean Concentration (GMC) of Serotype-specific Pneumococcal Immunoglobulin G (IgG) Antibodies at 1 Month Postdose 4 (PD4) in Infants
378,outcome_overview_dose_description,26w post dose 1 child,69w post dose 1 child,,,PT1,OG003,1.62,Geometric Mean Concentration (GMC) of Serotype-specific Pneumococcal Immunoglobulin G (IgG) Antibodies at 1 Month Postdose 4 (PD4) in Infants
378,outcome_overview_time_frame_weeks,26,69,,,PT1,OG003,1.62,Geometric Mean Concentration (GMC) of Serotype-specific Pneumococcal Immunoglobulin G (IgG) Antibodies at 1 Month Postdose 4 (PD4) in Infants
379,outcome_overview_dose_description,26w post dose 1 child,69w post dose 1 child,,,PT1,OG004,1.67,Geometric Mean Concentration (GMC) of Serotype-specific Pneumococcal Immunoglobulin G (IgG) Antibodies at 1 Month Postdose 4 (PD4) in Infants
379,outcome_overview_time_frame_weeks,26,69,,,PT1,OG004,1.67,Geometric Mean Concentration (GMC) of Serotype-specific Pneumococcal Immunoglobulin G (IgG) Antibodies at 1 Month Postdose 4 (PD4) in Infants
380,outcome_overview_dose_description,26w post dose 1 child,69w post dose 1 child,,,PT1,OG005,2.33,Geometric Mean Concentration (GMC) of Serotype-specific Pneumococcal Immunoglobulin G (IgG) Antibodies at 1 Month Postdose 4 (PD4) in Infants
380,outcome_overview_time_frame_weeks,26,69,,,PT1,OG005,2.33,Geometric Mean Concentration (GMC) of Serotype-specific Pneumococcal Immunoglobulin G (IgG) Antibodies at 1 Month Postdose 4 (PD4) in Infants
381,outcome_overview_dose_description,26w post dose 1 child,69w post dose 1 child,,,PT3,OG000,1.10,Geometric Mean Concentration (GMC) of Serotype-specific Pneumococcal Immunoglobulin G (IgG) Antibodies at 1 Month Postdose 4 (PD4) in Infants
381,outcome_overview_time_frame_weeks,26,69,,,PT3,OG000,1.10,Geometric Mean Concentration (GMC) of Serotype-specific Pneumococcal Immunoglobulin G (IgG) Antibodies at 1 Month Postdose 4 (PD4) in Infants
382,outcome_overview_dose_description,26w post dose 1 child,69w post dose 1 child,,,PT3,OG001,0.96,Geometric Mean Concentration (GMC) of Serotype-specific Pneumococcal Immunoglobulin G (IgG) Antibodies at 1 Month Postdose 4 (PD4) in Infants
382,outcome_overview_time_frame_weeks,26,69,,,PT3,OG001,0.96,Geometric Mean Concentration (GMC) of Serotype-specific Pneumococcal Immunoglobulin G (IgG) Antibodies at 1 Month Postdose 4 (PD4) in Infants
383,outcome_overview_dose_description,26w post dose 1 child,69w post dose 1 child,,,PT3,OG002,1.69,Geometric Mean Concentration (GMC) of Serotype-specific Pneumococcal Immunoglobulin G (IgG) Antibodies at 1 Month Postdose 4 (PD4) in Infants
383,outcome_overview_time_frame_weeks,26,69,,,PT3,OG002,1.69,Geometric Mean Concentration (GMC) of Serotype-specific Pneumococcal Immunoglobulin G (IgG) Antibodies at 1 Month Postdose 4 (PD4) in Infants
384,outcome_overview_dose_description,26w post dose 1 child,69w post dose 1 child,,,PT3,OG003,1.06,Geometric Mean Concentration (GMC) of Serotype-specific Pneumococcal Immunoglobulin G (IgG) Antibodies at 1 Month Postdose 4 (PD4) in Infants
384,outcome_overview_time_frame_weeks,26,69,,,PT3,OG003,1.06,Geometric Mean Concentration (GMC) of Serotype-specific Pneumococcal Immunoglobulin G (IgG) Antibodies at 1 Month Postdose 4 (PD4) in Infants
385,outcome_overview_dose_description,26w post dose 1 child,69w post dose 1 child,,,PT3,OG004,1.09,Geometric Mean Concentration (GMC) of Serotype-specific Pneumococcal Immunoglobulin G (IgG) Antibodies at 1 Month Postdose 4 (PD4) in Infants
385,outcome_overview_time_frame_weeks,26,69,,,PT3,OG004,1.09,Geometric Mean Concentration (GMC) of Serotype-specific Pneumococcal Immunoglobulin G (IgG) Antibodies at 1 Month Postdose 4 (PD4) in Infants
386,outcome_overview_dose_description,26w post dose 1 child,69w post dose 1 child,,,PT3,OG005,0.62,Geometric Mean Concentration (GMC) of Serotype-specific Pneumococcal Immunoglobulin G (IgG) Antibodies at 1 Month Postdose 4 (PD4) in Infants
386,outcome_overview_time_frame_weeks,26,69,,,PT3,OG005,0.62,Geometric Mean Concentration (GMC) of Serotype-specific Pneumococcal Immunoglobulin G (IgG) Antibodies at 1 Month Postdose 4 (PD4) in Infants
387,outcome_overview_dose_description,26w post dose 1 child,69w post dose 1 child,,,PT4,OG000,1.71,Geometric Mean Concentration (GMC) of Serotype-specific Pneumococcal Immunoglobulin G (IgG) Antibodies at 1 Month Postdose 4 (PD4) in Infants
387,outcome_overview_time_frame_weeks,26,69,,,PT4,OG000,1.71,Geometric Mean Concentration (GMC) of Serotype-specific Pneumococcal Immunoglobulin G (IgG) Antibodies at 1 Month Postdose 4 (PD4) in Infants
388,outcome_overview_dose_description,26w post dose 1 child,69w post dose 1 child,,,PT4,OG001,1.60,Geometric Mean Concentration (GMC) of Serotype-specific Pneumococcal Immunoglobulin G (IgG) Antibodies at 1 Month Postdose 4 (PD4) in Infants
388,outcome_overview_time_frame_weeks,26,69,,,PT4,OG001,1.60,Geometric Mean Concentration (GMC) of Serotype-specific Pneumococcal Immunoglobulin G (IgG) Antibodies at 1 Month Postdose 4 (PD4) in Infants
389,outcome_overview_dose_description,26w post dose 1 child,69w post dose 1 child,,,PT4,OG002,2.46,Geometric Mean Concentration (GMC) of Serotype-specific Pneumococcal Immunoglobulin G (IgG) Antibodies at 1 Month Postdose 4 (PD4) in Infants
389,outcome_overview_time_frame_weeks,26,69,,,PT4,OG002,2.46,Geometric Mean Concentration (GMC) of Serotype-specific Pneumococcal Immunoglobulin G (IgG) Antibodies at 1 Month Postdose 4 (PD4) in Infants
390,outcome_overview_dose_description,26w post dose 1 child,69w post dose 1 child,,,PT4,OG003,1.21,Geometric Mean Concentration (GMC) of Serotype-specific Pneumococcal Immunoglobulin G (IgG) Antibodies at 1 Month Postdose 4 (PD4) in Infants
390,outcome_overview_time_frame_weeks,26,69,,,PT4,OG003,1.21,Geometric Mean Concentration (GMC) of Serotype-specific Pneumococcal Immunoglobulin G (IgG) Antibodies at 1 Month Postdose 4 (PD4) in Infants
391,outcome_overview_dose_description,26w post dose 1 child,69w post dose 1 child,,,PT4,OG004,1.39,Geometric Mean Concentration (GMC) of Serotype-specific Pneumococcal Immunoglobulin G (IgG) Antibodies at 1 Month Postdose 4 (PD4) in Infants
391,outcome_overview_time_frame_weeks,26,69,,,PT4,OG004,1.39,Geometric Mean Concentration (GMC) of Serotype-specific Pneumococcal Immunoglobulin G (IgG) Antibodies at 1 Month Postdose 4 (PD4) in Infants
392,outcome_overview_dose_description,26w post dose 1 child,69w post dose 1 child,,,PT4,OG005,1.78,Geometric Mean Concentration (GMC) of Serotype-specific Pneumococcal Immunoglobulin G (IgG) Antibodies at 1 Month Postdose 4 (PD4) in Infants
392,outcome_overview_time_frame_weeks,26,69,,,PT4,OG005,1.78,Geometric Mean Concentration (GMC) of Serotype-specific Pneumococcal Immunoglobulin G (IgG) Antibodies at 1 Month Postdose 4 (PD4) in Infants
393,outcome_overview_dose_description,26w post dose 1 child,69w post dose 1 child,,,PT5,OG000,2.31,Geometric Mean Concentration (GMC) of Serotype-specific Pneumococcal Immunoglobulin G (IgG) Antibodies at 1 Month Postdose 4 (PD4) in Infants
393,outcome_overview_time_frame_weeks,26,69,,,PT5,OG000,2.31,Geometric Mean Concentration (GMC) of Serotype-specific Pneumococcal Immunoglobulin G (IgG) Antibodies at 1 Month Postdose 4 (PD4) in Infants
394,outcome_overview_dose_description,26w post dose 1 child,69w post dose 1 child,,,PT5,OG001,2.46,Geometric Mean Concentration (GMC) of Serotype-specific Pneumococcal Immunoglobulin G (IgG) Antibodies at 1 Month Postdose 4 (PD4) in Infants
394,outcome_overview_time_frame_weeks,26,69,,,PT5,OG001,2.46,Geometric Mean Concentration (GMC) of Serotype-specific Pneumococcal Immunoglobulin G (IgG) Antibodies at 1 Month Postdose 4 (PD4) in Infants
395,outcome_overview_dose_description,26w post dose 1 child,69w post dose 1 child,,,PT5,OG002,3.61,Geometric Mean Concentration (GMC) of Serotype-specific Pneumococcal Immunoglobulin G (IgG) Antibodies at 1 Month Postdose 4 (PD4) in Infants
395,outcome_overview_time_frame_weeks,26,69,,,PT5,OG002,3.61,Geometric Mean Concentration (GMC) of Serotype-specific Pneumococcal Immunoglobulin G (IgG) Antibodies at 1 Month Postdose 4 (PD4) in Infants
396,outcome_overview_dose_description,26w post dose 1 child,69w post dose 1 child,,,PT5,OG003,2.38,Geometric Mean Concentration (GMC) of Serotype-specific Pneumococcal Immunoglobulin G (IgG) Antibodies at 1 Month Postdose 4 (PD4) in Infants
396,outcome_overview_time_frame_weeks,26,69,,,PT5,OG003,2.38,Geometric Mean Concentration (GMC) of Serotype-specific Pneumococcal Immunoglobulin G (IgG) Antibodies at 1 Month Postdose 4 (PD4) in Infants
397,outcome_overview_dose_description,26w post dose 1 child,69w post dose 1 child,,,PT5,OG004,2.50,Geometric Mean Concentration (GMC) of Serotype-specific Pneumococcal Immunoglobulin G (IgG) Antibodies at 1 Month Postdose 4 (PD4) in Infants
397,outcome_overview_time_frame_weeks,26,69,,,PT5,OG004,2.50,Geometric Mean Concentration (GMC) of Serotype-specific Pneumococcal Immunoglobulin G (IgG) Antibodies at 1 Month Postdose 4 (PD4) in Infants
398,outcome_overview_dose_description,26w post dose 1 child,69w post dose 1 child,,,PT5,OG005,4.72,Geometric Mean Concentration (GMC) of Serotype-specific Pneumococcal Immunoglobulin G (IgG) Antibodies at 1 Month Postdose 4 (PD4) in Infants
398,outcome_overview_time_frame_weeks,26,69,,,PT5,OG005,4.72,Geometric Mean Concentration (GMC) of Serotype-specific Pneumococcal Immunoglobulin G (IgG) Antibodies at 1 Month Postdose 4 (PD4) in Infants
399,outcome_overview_dose_description,26w post dose 1 child,69w post dose 1 child,,,PT6A,OG000,6.93,Geometric Mean Concentration (GMC) of Serotype-specific Pneumococcal Immunoglobulin G (IgG) Antibodies at 1 Month Postdose 4 (PD4) in Infants
399,outcome_overview_time_frame_weeks,26,69,,,PT6A,OG000,6.93,Geometric Mean Concentration (GMC) of Serotype-specific Pneumococcal Immunoglobulin G (IgG) Antibodies at 1 Month Postdose 4 (PD4) in Infants
400,outcome_overview_dose_description,26w post dose 1 child,69w post dose 1 child,,,PT6A,OG001,9.62,Geometric Mean Concentration (GMC) of Serotype-specific Pneumococcal Immunoglobulin G (IgG) Antibodies at 1 Month Postdose 4 (PD4) in Infants
400,outcome_overview_time_frame_weeks,26,69,,,PT6A,OG001,9.62,Geometric Mean Concentration (GMC) of Serotype-specific Pneumococcal Immunoglobulin G (IgG) Antibodies at 1 Month Postdose 4 (PD4) in Infants
401,outcome_overview_dose_description,26w post dose 1 child,69w post dose 1 child,,,PT6A,OG002,6.16,Geometric Mean Concentration (GMC) of Serotype-specific Pneumococcal Immunoglobulin G (IgG) Antibodies at 1 Month Postdose 4 (PD4) in Infants
401,outcome_overview_time_frame_weeks,26,69,,,PT6A,OG002,6.16,Geometric Mean Concentration (GMC) of Serotype-specific Pneumococcal Immunoglobulin G (IgG) Antibodies at 1 Month Postdose 4 (PD4) in Infants
402,outcome_overview_dose_description,26w post dose 1 child,69w post dose 1 child,,,PT6A,OG003,7.88,Geometric Mean Concentration (GMC) of Serotype-specific Pneumococcal Immunoglobulin G (IgG) Antibodies at 1 Month Postdose 4 (PD4) in Infants
402,outcome_overview_time_frame_weeks,26,69,,,PT6A,OG003,7.88,Geometric Mean Concentration (GMC) of Serotype-specific Pneumococcal Immunoglobulin G (IgG) Antibodies at 1 Month Postdose 4 (PD4) in Infants
403,outcome_overview_dose_description,26w post dose 1 child,69w post dose 1 child,,,PT6A,OG004,6.58,Geometric Mean Concentration (GMC) of Serotype-specific Pneumococcal Immunoglobulin G (IgG) Antibodies at 1 Month Postdose 4 (PD4) in Infants
403,outcome_overview_time_frame_weeks,26,69,,,PT6A,OG004,6.58,Geometric Mean Concentration (GMC) of Serotype-specific Pneumococcal Immunoglobulin G (IgG) Antibodies at 1 Month Postdose 4 (PD4) in Infants
404,outcome_overview_dose_description,26w post dose 1 child,69w post dose 1 child,,,PT6A,OG005,10.31,Geometric Mean Concentration (GMC) of Serotype-specific Pneumococcal Immunoglobulin G (IgG) Antibodies at 1 Month Postdose 4 (PD4) in Infants
404,outcome_overview_time_frame_weeks,26,69,,,PT6A,OG005,10.31,Geometric Mean Concentration (GMC) of Serotype-specific Pneumococcal Immunoglobulin G (IgG) Antibodies at 1 Month Postdose 4 (PD4) in Infants
405,outcome_overview_dose_description,26w post dose 1 child,69w post dose 1 child,,,PT6B,OG000,7.35,Geometric Mean Concentration (GMC) of Serotype-specific Pneumococcal Immunoglobulin G (IgG) Antibodies at 1 Month Postdose 4 (PD4) in Infants
405,outcome_overview_time_frame_weeks,26,69,,,PT6B,OG000,7.35,Geometric Mean Concentration (GMC) of Serotype-specific Pneumococcal Immunoglobulin G (IgG) Antibodies at 1 Month Postdose 4 (PD4) in Infants
406,outcome_overview_dose_description,26w post dose 1 child,69w post dose 1 child,,,PT6B,OG001,8.89,Geometric Mean Concentration (GMC) of Serotype-specific Pneumococcal Immunoglobulin G (IgG) Antibodies at 1 Month Postdose 4 (PD4) in Infants
406,outcome_overview_time_frame_weeks,26,69,,,PT6B,OG001,8.89,Geometric Mean Concentration (GMC) of Serotype-specific Pneumococcal Immunoglobulin G (IgG) Antibodies at 1 Month Postdose 4 (PD4) in Infants
407,outcome_overview_dose_description,26w post dose 1 child,69w post dose 1 child,,,PT6B,OG002,6.31,Geometric Mean Concentration (GMC) of Serotype-specific Pneumococcal Immunoglobulin G (IgG) Antibodies at 1 Month Postdose 4 (PD4) in Infants
407,outcome_overview_time_frame_weeks,26,69,,,PT6B,OG002,6.31,Geometric Mean Concentration (GMC) of Serotype-specific Pneumococcal Immunoglobulin G (IgG) Antibodies at 1 Month Postdose 4 (PD4) in Infants
408,outcome_overview_dose_description,26w post dose 1 child,69w post dose 1 child,,,PT6B,OG003,7.27,Geometric Mean Concentration (GMC) of Serotype-specific Pneumococcal Immunoglobulin G (IgG) Antibodies at 1 Month Postdose 4 (PD4) in Infants
408,outcome_overview_time_frame_weeks,26,69,,,PT6B,OG003,7.27,Geometric Mean Concentration (GMC) of Serotype-specific Pneumococcal Immunoglobulin G (IgG) Antibodies at 1 Month Postdose 4 (PD4) in Infants
409,outcome_overview_dose_description,26w post dose 1 child,69w post dose 1 child,,,PT6B,OG004,6.53,Geometric Mean Concentration (GMC) of Serotype-specific Pneumococcal Immunoglobulin G (IgG) Antibodies at 1 Month Postdose 4 (PD4) in Infants
409,outcome_overview_time_frame_weeks,26,69,,,PT6B,OG004,6.53,Geometric Mean Concentration (GMC) of Serotype-specific Pneumococcal Immunoglobulin G (IgG) Antibodies at 1 Month Postdose 4 (PD4) in Infants
410,outcome_overview_dose_description,26w post dose 1 child,69w post dose 1 child,,,PT6B,OG005,11.55,Geometric Mean Concentration (GMC) of Serotype-specific Pneumococcal Immunoglobulin G (IgG) Antibodies at 1 Month Postdose 4 (PD4) in Infants
410,outcome_overview_time_frame_weeks,26,69,,,PT6B,OG005,11.55,Geometric Mean Concentration (GMC) of Serotype-specific Pneumococcal Immunoglobulin G (IgG) Antibodies at 1 Month Postdose 4 (PD4) in Infants
411,outcome_overview_dose_description,26w post dose 1 child,69w post dose 1 child,,,PT7F,OG000,4.69,Geometric Mean Concentration (GMC) of Serotype-specific Pneumococcal Immunoglobulin G (IgG) Antibodies at 1 Month Postdose 4 (PD4) in Infants
411,outcome_overview_time_frame_weeks,26,69,,,PT7F,OG000,4.69,Geometric Mean Concentration (GMC) of Serotype-specific Pneumococcal Immunoglobulin G (IgG) Antibodies at 1 Month Postdose 4 (PD4) in Infants
412,outcome_overview_dose_description,26w post dose 1 child,69w post dose 1 child,,,PT7F,OG001,3.00,Geometric Mean Concentration (GMC) of Serotype-specific Pneumococcal Immunoglobulin G (IgG) Antibodies at 1 Month Postdose 4 (PD4) in Infants
412,outcome_overview_time_frame_weeks,26,69,,,PT7F,OG001,3.00,Geometric Mean Concentration (GMC) of Serotype-specific Pneumococcal Immunoglobulin G (IgG) Antibodies at 1 Month Postdose 4 (PD4) in Infants
413,outcome_overview_dose_description,26w post dose 1 child,69w post dose 1 child,,,PT7F,OG002,5.24,Geometric Mean Concentration (GMC) of Serotype-specific Pneumococcal Immunoglobulin G (IgG) Antibodies at 1 Month Postdose 4 (PD4) in Infants
413,outcome_overview_time_frame_weeks,26,69,,,PT7F,OG002,5.24,Geometric Mean Concentration (GMC) of Serotype-specific Pneumococcal Immunoglobulin G (IgG) Antibodies at 1 Month Postdose 4 (PD4) in Infants
414,outcome_overview_dose_description,26w post dose 1 child,69w post dose 1 child,,,PT7F,OG003,4.65,Geometric Mean Concentration (GMC) of Serotype-specific Pneumococcal Immunoglobulin G (IgG) Antibodies at 1 Month Postdose 4 (PD4) in Infants
414,outcome_overview_time_frame_weeks,26,69,,,PT7F,OG003,4.65,Geometric Mean Concentration (GMC) of Serotype-specific Pneumococcal Immunoglobulin G (IgG) Antibodies at 1 Month Postdose 4 (PD4) in Infants
415,outcome_overview_dose_description,26w post dose 1 child,69w post dose 1 child,,,PT7F,OG004,4.39,Geometric Mean Concentration (GMC) of Serotype-specific Pneumococcal Immunoglobulin G (IgG) Antibodies at 1 Month Postdose 4 (PD4) in Infants
415,outcome_overview_time_frame_weeks,26,69,,,PT7F,OG004,4.39,Geometric Mean Concentration (GMC) of Serotype-specific Pneumococcal Immunoglobulin G (IgG) Antibodies at 1 Month Postdose 4 (PD4) in Infants
416,outcome_overview_dose_description,26w post dose 1 child,69w post dose 1 child,,,PT7F,OG005,5.65,Geometric Mean Concentration (GMC) of Serotype-specific Pneumococcal Immunoglobulin G (IgG) Antibodies at 1 Month Postdose 4 (PD4) in Infants
416,outcome_overview_time_frame_weeks,26,69,,,PT7F,OG005,5.65,Geometric Mean Concentration (GMC) of Serotype-specific Pneumococcal Immunoglobulin G (IgG) Antibodies at 1 Month Postdose 4 (PD4) in Infants
417,outcome_overview_dose_description,26w post dose 1 child,69w post dose 1 child,,,PT9V,OG000,2.96,Geometric Mean Concentration (GMC) of Serotype-specific Pneumococcal Immunoglobulin G (IgG) Antibodies at 1 Month Postdose 4 (PD4) in Infants
417,outcome_overview_time_frame_weeks,26,69,,,PT9V,OG000,2.96,Geometric Mean Concentration (GMC) of Serotype-specific Pneumococcal Immunoglobulin G (IgG) Antibodies at 1 Month Postdose 4 (PD4) in Infants
418,outcome_overview_dose_description,26w post dose 1 child,69w post dose 1 child,,,PT9V,OG001,2.20,Geometric Mean Concentration (GMC) of Serotype-specific Pneumococcal Immunoglobulin G (IgG) Antibodies at 1 Month Postdose 4 (PD4) in Infants
418,outcome_overview_time_frame_weeks,26,69,,,PT9V,OG001,2.20,Geometric Mean Concentration (GMC) of Serotype-specific Pneumococcal Immunoglobulin G (IgG) Antibodies at 1 Month Postdose 4 (PD4) in Infants
419,outcome_overview_dose_description,26w post dose 1 child,69w post dose 1 child,,,PT9V,OG002,3.18,Geometric Mean Concentration (GMC) of Serotype-specific Pneumococcal Immunoglobulin G (IgG) Antibodies at 1 Month Postdose 4 (PD4) in Infants
419,outcome_overview_time_frame_weeks,26,69,,,PT9V,OG002,3.18,Geometric Mean Concentration (GMC) of Serotype-specific Pneumococcal Immunoglobulin G (IgG) Antibodies at 1 Month Postdose 4 (PD4) in Infants
420,outcome_overview_dose_description,26w post dose 1 child,69w post dose 1 child,,,PT9V,OG003,2.83,Geometric Mean Concentration (GMC) of Serotype-specific Pneumococcal Immunoglobulin G (IgG) Antibodies at 1 Month Postdose 4 (PD4) in Infants
420,outcome_overview_time_frame_weeks,26,69,,,PT9V,OG003,2.83,Geometric Mean Concentration (GMC) of Serotype-specific Pneumococcal Immunoglobulin G (IgG) Antibodies at 1 Month Postdose 4 (PD4) in Infants
421,outcome_overview_dose_description,26w post dose 1 child,69w post dose 1 child,,,PT9V,OG004,2.27,Geometric Mean Concentration (GMC) of Serotype-specific Pneumococcal Immunoglobulin G (IgG) Antibodies at 1 Month Postdose 4 (PD4) in Infants
421,outcome_overview_time_frame_weeks,26,69,,,PT9V,OG004,2.27,Geometric Mean Concentration (GMC) of Serotype-specific Pneumococcal Immunoglobulin G (IgG) Antibodies at 1 Month Postdose 4 (PD4) in Infants
422,outcome_overview_dose_description,26w post dose 1 child,69w post dose 1 child,,,PT9V,OG005,3.25,Geometric Mean Concentration (GMC) of Serotype-specific Pneumococcal Immunoglobulin G (IgG) Antibodies at 1 Month Postdose 4 (PD4) in Infants
422,outcome_overview_time_frame_weeks,26,69,,,PT9V,OG005,3.25,Geometric Mean Concentration (GMC) of Serotype-specific Pneumococcal Immunoglobulin G (IgG) Antibodies at 1 Month Postdose 4 (PD4) in Infants
423,outcome_overview_dose_description,26w post dose 1 child,69w post dose 1 child,,,PT14,OG000,8.68,Geometric Mean Concentration (GMC) of Serotype-specific Pneumococcal Immunoglobulin G (IgG) Antibodies at 1 Month Postdose 4 (PD4) in Infants
423,outcome_overview_time_frame_weeks,26,69,,,PT14,OG000,8.68,Geometric Mean Concentration (GMC) of Serotype-specific Pneumococcal Immunoglobulin G (IgG) Antibodies at 1 Month Postdose 4 (PD4) in Infants
424,outcome_overview_dose_description,26w post dose 1 child,69w post dose 1 child,,,PT14,OG001,7.83,Geometric Mean Concentration (GMC) of Serotype-specific Pneumococcal Immunoglobulin G (IgG) Antibodies at 1 Month Postdose 4 (PD4) in Infants
424,outcome_overview_time_frame_weeks,26,69,,,PT14,OG001,7.83,Geometric Mean Concentration (GMC) of Serotype-specific Pneumococcal Immunoglobulin G (IgG) Antibodies at 1 Month Postdose 4 (PD4) in Infants
425,outcome_overview_dose_description,26w post dose 1 child,69w post dose 1 child,,,PT14,OG002,9.40,Geometric Mean Concentration (GMC) of Serotype-specific Pneumococcal Immunoglobulin G (IgG) Antibodies at 1 Month Postdose 4 (PD4) in Infants
425,outcome_overview_time_frame_weeks,26,69,,,PT14,OG002,9.40,Geometric Mean Concentration (GMC) of Serotype-specific Pneumococcal Immunoglobulin G (IgG) Antibodies at 1 Month Postdose 4 (PD4) in Infants
426,outcome_overview_dose_description,26w post dose 1 child,69w post dose 1 child,,,PT14,OG003,8.48,Geometric Mean Concentration (GMC) of Serotype-specific Pneumococcal Immunoglobulin G (IgG) Antibodies at 1 Month Postdose 4 (PD4) in Infants
426,outcome_overview_time_frame_weeks,26,69,,,PT14,OG003,8.48,Geometric Mean Concentration (GMC) of Serotype-specific Pneumococcal Immunoglobulin G (IgG) Antibodies at 1 Month Postdose 4 (PD4) in Infants
427,outcome_overview_dose_description,26w post dose 1 child,69w post dose 1 child,,,PT14,OG004,7.15,Geometric Mean Concentration (GMC) of Serotype-specific Pneumococcal Immunoglobulin G (IgG) Antibodies at 1 Month Postdose 4 (PD4) in Infants
427,outcome_overview_time_frame_weeks,26,69,,,PT14,OG004,7.15,Geometric Mean Concentration (GMC) of Serotype-specific Pneumococcal Immunoglobulin G (IgG) Antibodies at 1 Month Postdose 4 (PD4) in Infants
428,outcome_overview_dose_description,26w post dose 1 child,69w post dose 1 child,,,PT14,OG005,7.48,Geometric Mean Concentration (GMC) of Serotype-specific Pneumococcal Immunoglobulin G (IgG) Antibodies at 1 Month Postdose 4 (PD4) in Infants
428,outcome_overview_time_frame_weeks,26,69,,,PT14,OG005,7.48,Geometric Mean Concentration (GMC) of Serotype-specific Pneumococcal Immunoglobulin G (IgG) Antibodies at 1 Month Postdose 4 (PD4) in Infants
429,outcome_overview_dose_description,26w post dose 1 child,69w post dose 1 child,,,PT18C,OG000,2.06,Geometric Mean Concentration (GMC) of Serotype-specific Pneumococcal Immunoglobulin G (IgG) Antibodies at 1 Month Postdose 4 (PD4) in Infants
429,outcome_overview_time_frame_weeks,26,69,,,PT18C,OG000,2.06,Geometric Mean Concentration (GMC) of Serotype-specific Pneumococcal Immunoglobulin G (IgG) Antibodies at 1 Month Postdose 4 (PD4) in Infants
430,outcome_overview_dose_description,26w post dose 1 child,69w post dose 1 child,,,PT18C,OG001,2.82,Geometric Mean Concentration (GMC) of Serotype-specific Pneumococcal Immunoglobulin G (IgG) Antibodies at 1 Month Postdose 4 (PD4) in Infants
430,outcome_overview_time_frame_weeks,26,69,,,PT18C,OG001,2.82,Geometric Mean Concentration (GMC) of Serotype-specific Pneumococcal Immunoglobulin G (IgG) Antibodies at 1 Month Postdose 4 (PD4) in Infants
431,outcome_overview_dose_description,26w post dose 1 child,69w post dose 1 child,,,PT18C,OG002,2.95,Geometric Mean Concentration (GMC) of Serotype-specific Pneumococcal Immunoglobulin G (IgG) Antibodies at 1 Month Postdose 4 (PD4) in Infants
431,outcome_overview_time_frame_weeks,26,69,,,PT18C,OG002,2.95,Geometric Mean Concentration (GMC) of Serotype-specific Pneumococcal Immunoglobulin G (IgG) Antibodies at 1 Month Postdose 4 (PD4) in Infants
432,outcome_overview_dose_description,26w post dose 1 child,69w post dose 1 child,,,PT18C,OG003,2.21,Geometric Mean Concentration (GMC) of Serotype-specific Pneumococcal Immunoglobulin G (IgG) Antibodies at 1 Month Postdose 4 (PD4) in Infants
432,outcome_overview_time_frame_weeks,26,69,,,PT18C,OG003,2.21,Geometric Mean Concentration (GMC) of Serotype-specific Pneumococcal Immunoglobulin G (IgG) Antibodies at 1 Month Postdose 4 (PD4) in Infants
433,outcome_overview_dose_description,26w post dose 1 child,69w post dose 1 child,,,PT18C,OG004,1.82,Geometric Mean Concentration (GMC) of Serotype-specific Pneumococcal Immunoglobulin G (IgG) Antibodies at 1 Month Postdose 4 (PD4) in Infants
433,outcome_overview_time_frame_weeks,26,69,,,PT18C,OG004,1.82,Geometric Mean Concentration (GMC) of Serotype-specific Pneumococcal Immunoglobulin G (IgG) Antibodies at 1 Month Postdose 4 (PD4) in Infants
434,outcome_overview_dose_description,26w post dose 1 child,69w post dose 1 child,,,PT18C,OG005,2.84,Geometric Mean Concentration (GMC) of Serotype-specific Pneumococcal Immunoglobulin G (IgG) Antibodies at 1 Month Postdose 4 (PD4) in Infants
434,outcome_overview_time_frame_weeks,26,69,,,PT18C,OG005,2.84,Geometric Mean Concentration (GMC) of Serotype-specific Pneumococcal Immunoglobulin G (IgG) Antibodies at 1 Month Postdose 4 (PD4) in Infants
435,outcome_overview_dose_description,26w post dose 1 child,69w post dose 1 child,,,PT19A,OG000,3.65,Geometric Mean Concentration (GMC) of Serotype-specific Pneumococcal Immunoglobulin G (IgG) Antibodies at 1 Month Postdose 4 (PD4) in Infants
435,outcome_overview_time_frame_weeks,26,69,,,PT19A,OG000,3.65,Geometric Mean Concentration (GMC) of Serotype-specific Pneumococcal Immunoglobulin G (IgG) Antibodies at 1 Month Postdose 4 (PD4) in Infants
436,outcome_overview_dose_description,26w post dose 1 child,69w post dose 1 child,,,PT19A,OG001,5.34,Geometric Mean Concentration (GMC) of Serotype-specific Pneumococcal Immunoglobulin G (IgG) Antibodies at 1 Month Postdose 4 (PD4) in Infants
436,outcome_overview_time_frame_weeks,26,69,,,PT19A,OG001,5.34,Geometric Mean Concentration (GMC) of Serotype-specific Pneumococcal Immunoglobulin G (IgG) Antibodies at 1 Month Postdose 4 (PD4) in Infants
437,outcome_overview_dose_description,26w post dose 1 child,69w post dose 1 child,,,PT19A,OG002,6.54,Geometric Mean Concentration (GMC) of Serotype-specific Pneumococcal Immunoglobulin G (IgG) Antibodies at 1 Month Postdose 4 (PD4) in Infants
437,outcome_overview_time_frame_weeks,26,69,,,PT19A,OG002,6.54,Geometric Mean Concentration (GMC) of Serotype-specific Pneumococcal Immunoglobulin G (IgG) Antibodies at 1 Month Postdose 4 (PD4) in Infants
438,outcome_overview_dose_description,26w post dose 1 child,69w post dose 1 child,,,PT19A,OG003,3.46,Geometric Mean Concentration (GMC) of Serotype-specific Pneumococcal Immunoglobulin G (IgG) Antibodies at 1 Month Postdose 4 (PD4) in Infants
438,outcome_overview_time_frame_weeks,26,69,,,PT19A,OG003,3.46,Geometric Mean Concentration (GMC) of Serotype-specific Pneumococcal Immunoglobulin G (IgG) Antibodies at 1 Month Postdose 4 (PD4) in Infants
439,outcome_overview_dose_description,26w post dose 1 child,69w post dose 1 child,,,PT19A,OG004,5.86,Geometric Mean Concentration (GMC) of Serotype-specific Pneumococcal Immunoglobulin G (IgG) Antibodies at 1 Month Postdose 4 (PD4) in Infants
439,outcome_overview_time_frame_weeks,26,69,,,PT19A,OG004,5.86,Geometric Mean Concentration (GMC) of Serotype-specific Pneumococcal Immunoglobulin G (IgG) Antibodies at 1 Month Postdose 4 (PD4) in Infants
440,outcome_overview_dose_description,26w post dose 1 child,69w post dose 1 child,,,PT19A,OG005,5.11,Geometric Mean Concentration (GMC) of Serotype-specific Pneumococcal Immunoglobulin G (IgG) Antibodies at 1 Month Postdose 4 (PD4) in Infants
440,outcome_overview_time_frame_weeks,26,69,,,PT19A,OG005,5.11,Geometric Mean Concentration (GMC) of Serotype-specific Pneumococcal Immunoglobulin G (IgG) Antibodies at 1 Month Postdose 4 (PD4) in Infants
441,outcome_overview_dose_description,26w post dose 1 child,69w post dose 1 child,,,PT19F,OG000,6.07,Geometric Mean Concentration (GMC) of Serotype-specific Pneumococcal Immunoglobulin G (IgG) Antibodies at 1 Month Postdose 4 (PD4) in Infants
441,outcome_overview_time_frame_weeks,26,69,,,PT19F,OG000,6.07,Geometric Mean Concentration (GMC) of Serotype-specific Pneumococcal Immunoglobulin G (IgG) Antibodies at 1 Month Postdose 4 (PD4) in Infants
442,outcome_overview_dose_description,26w post dose 1 child,69w post dose 1 child,,,PT19F,OG001,9.72,Geometric Mean Concentration (GMC) of Serotype-specific Pneumococcal Immunoglobulin G (IgG) Antibodies at 1 Month Postdose 4 (PD4) in Infants
442,outcome_overview_time_frame_weeks,26,69,,,PT19F,OG001,9.72,Geometric Mean Concentration (GMC) of Serotype-specific Pneumococcal Immunoglobulin G (IgG) Antibodies at 1 Month Postdose 4 (PD4) in Infants
443,outcome_overview_dose_description,26w post dose 1 child,69w post dose 1 child,,,PT19F,OG002,9.11,Geometric Mean Concentration (GMC) of Serotype-specific Pneumococcal Immunoglobulin G (IgG) Antibodies at 1 Month Postdose 4 (PD4) in Infants
443,outcome_overview_time_frame_weeks,26,69,,,PT19F,OG002,9.11,Geometric Mean Concentration (GMC) of Serotype-specific Pneumococcal Immunoglobulin G (IgG) Antibodies at 1 Month Postdose 4 (PD4) in Infants
444,outcome_overview_dose_description,26w post dose 1 child,69w post dose 1 child,,,PT19F,OG003,4.38,Geometric Mean Concentration (GMC) of Serotype-specific Pneumococcal Immunoglobulin G (IgG) Antibodies at 1 Month Postdose 4 (PD4) in Infants
444,outcome_overview_time_frame_weeks,26,69,,,PT19F,OG003,4.38,Geometric Mean Concentration (GMC) of Serotype-specific Pneumococcal Immunoglobulin G (IgG) Antibodies at 1 Month Postdose 4 (PD4) in Infants
445,outcome_overview_dose_description,26w post dose 1 child,69w post dose 1 child,,,PT19F,OG004,5.86,Geometric Mean Concentration (GMC) of Serotype-specific Pneumococcal Immunoglobulin G (IgG) Antibodies at 1 Month Postdose 4 (PD4) in Infants
445,outcome_overview_time_frame_weeks,26,69,,,PT19F,OG004,5.86,Geometric Mean Concentration (GMC) of Serotype-specific Pneumococcal Immunoglobulin G (IgG) Antibodies at 1 Month Postdose 4 (PD4) in Infants
446,outcome_overview_dose_description,26w post dose 1 child,69w post dose 1 child,,,PT19F,OG005,5.11,Geometric Mean Concentration (GMC) of Serotype-specific Pneumococcal Immunoglobulin G (IgG) Antibodies at 1 Month Postdose 4 (PD4) in Infants
446,outcome_overview_time_frame_weeks,26,69,,,PT19F,OG005,5.11,Geometric Mean Concentration (GMC) of Serotype-specific Pneumococcal Immunoglobulin G (IgG) Antibodies at 1 Month Postdose 4 (PD4) in Infants
447,outcome_overview_dose_description,26w post dose 1 child,69w post dose 1 child,,,PT23F,OG000,2.01,Geometric Mean Concentration (GMC) of Serotype-specific Pneumococcal Immunoglobulin G (IgG) Antibodies at 1 Month Postdose 4 (PD4) in Infants
447,outcome_overview_time_frame_weeks,26,69,,,PT23F,OG000,2.01,Geometric Mean Concentration (GMC) of Serotype-specific Pneumococcal Immunoglobulin G (IgG) Antibodies at 1 Month Postdose 4 (PD4) in Infants
448,outcome_overview_dose_description,26w post dose 1 child,69w post dose 1 child,,,PT23F,OG001,2.60,Geometric Mean Concentration (GMC) of Serotype-specific Pneumococcal Immunoglobulin G (IgG) Antibodies at 1 Month Postdose 4 (PD4) in Infants
448,outcome_overview_time_frame_weeks,26,69,,,PT23F,OG001,2.60,Geometric Mean Concentration (GMC) of Serotype-specific Pneumococcal Immunoglobulin G (IgG) Antibodies at 1 Month Postdose 4 (PD4) in Infants
449,outcome_overview_dose_description,26w post dose 1 child,69w post dose 1 child,,,PT23F,OG002,2.95,Geometric Mean Concentration (GMC) of Serotype-specific Pneumococcal Immunoglobulin G (IgG) Antibodies at 1 Month Postdose 4 (PD4) in Infants
449,outcome_overview_time_frame_weeks,26,69,,,PT23F,OG002,2.95,Geometric Mean Concentration (GMC) of Serotype-specific Pneumococcal Immunoglobulin G (IgG) Antibodies at 1 Month Postdose 4 (PD4) in Infants
450,outcome_overview_dose_description,26w post dose 1 child,69w post dose 1 child,,,PT23F,OG003,2.00,Geometric Mean Concentration (GMC) of Serotype-specific Pneumococcal Immunoglobulin G (IgG) Antibodies at 1 Month Postdose 4 (PD4) in Infants
450,outcome_overview_time_frame_weeks,26,69,,,PT23F,OG003,2.00,Geometric Mean Concentration (GMC) of Serotype-specific Pneumococcal Immunoglobulin G (IgG) Antibodies at 1 Month Postdose 4 (PD4) in Infants
451,outcome_overview_dose_description,26w post dose 1 child,69w post dose 1 child,,,PT23F,OG004,2.02,Geometric Mean Concentration (GMC) of Serotype-specific Pneumococcal Immunoglobulin G (IgG) Antibodies at 1 Month Postdose 4 (PD4) in Infants
451,outcome_overview_time_frame_weeks,26,69,,,PT23F,OG004,2.02,Geometric Mean Concentration (GMC) of Serotype-specific Pneumococcal Immunoglobulin G (IgG) Antibodies at 1 Month Postdose 4 (PD4) in Infants
452,outcome_overview_dose_description,26w post dose 1 child,69w post dose 1 child,,,PT23F,OG005,3.91,Geometric Mean Concentration (GMC) of Serotype-specific Pneumococcal Immunoglobulin G (IgG) Antibodies at 1 Month Postdose 4 (PD4) in Infants
452,outcome_overview_time_frame_weeks,26,69,,,PT23F,OG005,3.91,Geometric Mean Concentration (GMC) of Serotype-specific Pneumococcal Immunoglobulin G (IgG) Antibodies at 1 Month Postdose 4 (PD4) in Infants
453,outcome_overview_dose_description,26w post dose 1 child,69w post dose 1 child,,,non-PT22F,OG000,7.21,Geometric Mean Concentration (GMC) of Serotype-specific Pneumococcal Immunoglobulin G (IgG) Antibodies at 1 Month Postdose 4 (PD4) in Infants
453,outcome_overview_time_frame_weeks,26,69,,,non-PT22F,OG000,7.21,Geometric Mean Concentration (GMC) of Serotype-specific Pneumococcal Immunoglobulin G (IgG) Antibodies at 1 Month Postdose 4 (PD4) in Infants
454,outcome_overview_dose_description,26w post dose 1 child,69w post dose 1 child,,,non-PT22F,OG001,5.05,Geometric Mean Concentration (GMC) of Serotype-specific Pneumococcal Immunoglobulin G (IgG) Antibodies at 1 Month Postdose 4 (PD4) in Infants
454,outcome_overview_time_frame_weeks,26,69,,,non-PT22F,OG001,5.05,Geometric Mean Concentration (GMC) of Serotype-specific Pneumococcal Immunoglobulin G (IgG) Antibodies at 1 Month Postdose 4 (PD4) in Infants
455,outcome_overview_dose_description,26w post dose 1 child,69w post dose 1 child,,,non-PT22F,OG002,10.66,Geometric Mean Concentration (GMC) of Serotype-specific Pneumococcal Immunoglobulin G (IgG) Antibodies at 1 Month Postdose 4 (PD4) in Infants
455,outcome_overview_time_frame_weeks,26,69,,,non-PT22F,OG002,10.66,Geometric Mean Concentration (GMC) of Serotype-specific Pneumococcal Immunoglobulin G (IgG) Antibodies at 1 Month Postdose 4 (PD4) in Infants
456,outcome_overview_dose_description,26w post dose 1 child,69w post dose 1 child,,,non-PT22F,OG003,6.78,Geometric Mean Concentration (GMC) of Serotype-specific Pneumococcal Immunoglobulin G (IgG) Antibodies at 1 Month Postdose 4 (PD4) in Infants
456,outcome_overview_time_frame_weeks,26,69,,,non-PT22F,OG003,6.78,Geometric Mean Concentration (GMC) of Serotype-specific Pneumococcal Immunoglobulin G (IgG) Antibodies at 1 Month Postdose 4 (PD4) in Infants
457,outcome_overview_dose_description,26w post dose 1 child,69w post dose 1 child,,,non-PT22F,OG004,7.88,Geometric Mean Concentration (GMC) of Serotype-specific Pneumococcal Immunoglobulin G (IgG) Antibodies at 1 Month Postdose 4 (PD4) in Infants
457,outcome_overview_time_frame_weeks,26,69,,,non-PT22F,OG004,7.88,Geometric Mean Concentration (GMC) of Serotype-specific Pneumococcal Immunoglobulin G (IgG) Antibodies at 1 Month Postdose 4 (PD4) in Infants
458,outcome_overview_dose_description,26w post dose 1 child,69w post dose 1 child,,,non-PT22F,OG005,0.08,Geometric Mean Concentration (GMC) of Serotype-specific Pneumococcal Immunoglobulin G (IgG) Antibodies at 1 Month Postdose 4 (PD4) in Infants
458,outcome_overview_time_frame_weeks,26,69,,,non-PT22F,OG005,0.08,Geometric Mean Concentration (GMC) of Serotype-specific Pneumococcal Immunoglobulin G (IgG) Antibodies at 1 Month Postdose 4 (PD4) in Infants
459,outcome_overview_dose_description,26w post dose 1 child,69w post dose 1 child,,,non-PT33F,OG000,6.44,Geometric Mean Concentration (GMC) of Serotype-specific Pneumococcal Immunoglobulin G (IgG) Antibodies at 1 Month Postdose 4 (PD4) in Infants
459,outcome_overview_time_frame_weeks,26,69,,,non-PT33F,OG000,6.44,Geometric Mean Concentration (GMC) of Serotype-specific Pneumococcal Immunoglobulin G (IgG) Antibodies at 1 Month Postdose 4 (PD4) in Infants
460,outcome_overview_dose_description,26w post dose 1 child,69w post dose 1 child,,,non-PT33F,OG001,3.93,Geometric Mean Concentration (GMC) of Serotype-specific Pneumococcal Immunoglobulin G (IgG) Antibodies at 1 Month Postdose 4 (PD4) in Infants
460,outcome_overview_time_frame_weeks,26,69,,,non-PT33F,OG001,3.93,Geometric Mean Concentration (GMC) of Serotype-specific Pneumococcal Immunoglobulin G (IgG) Antibodies at 1 Month Postdose 4 (PD4) in Infants
461,outcome_overview_dose_description,26w post dose 1 child,69w post dose 1 child,,,non-PT33F,OG002,8.03,Geometric Mean Concentration (GMC) of Serotype-specific Pneumococcal Immunoglobulin G (IgG) Antibodies at 1 Month Postdose 4 (PD4) in Infants
461,outcome_overview_time_frame_weeks,26,69,,,non-PT33F,OG002,8.03,Geometric Mean Concentration (GMC) of Serotype-specific Pneumococcal Immunoglobulin G (IgG) Antibodies at 1 Month Postdose 4 (PD4) in Infants
462,outcome_overview_dose_description,26w post dose 1 child,69w post dose 1 child,,,non-PT33F,OG003,6.85,Geometric Mean Concentration (GMC) of Serotype-specific Pneumococcal Immunoglobulin G (IgG) Antibodies at 1 Month Postdose 4 (PD4) in Infants
462,outcome_overview_time_frame_weeks,26,69,,,non-PT33F,OG003,6.85,Geometric Mean Concentration (GMC) of Serotype-specific Pneumococcal Immunoglobulin G (IgG) Antibodies at 1 Month Postdose 4 (PD4) in Infants
463,outcome_overview_dose_description,26w post dose 1 child,69w post dose 1 child,,,non-PT33F,OG004,5.07,Geometric Mean Concentration (GMC) of Serotype-specific Pneumococcal Immunoglobulin G (IgG) Antibodies at 1 Month Postdose 4 (PD4) in Infants
463,outcome_overview_time_frame_weeks,26,69,,,non-PT33F,OG004,5.07,Geometric Mean Concentration (GMC) of Serotype-specific Pneumococcal Immunoglobulin G (IgG) Antibodies at 1 Month Postdose 4 (PD4) in Infants
464,outcome_overview_dose_description,26w post dose 1 child,69w post dose 1 child,,,non-PT33F,OG005,0.07,Geometric Mean Concentration (GMC) of Serotype-specific Pneumococcal Immunoglobulin G (IgG) Antibodies at 1 Month Postdose 4 (PD4) in Infants
464,outcome_overview_time_frame_weeks,26,69,,,non-PT33F,OG005,0.07,Geometric Mean Concentration (GMC) of Serotype-specific Pneumococcal Immunoglobulin G (IgG) Antibodies at 1 Month Postdose 4 (PD4) in Infants
