row_index,field,agent_a_value,agent_b_value,chosen_value,notes,serotype,group_id,context_value,outcome_title
8,outcome_overview_dose_number,3,4,,,dPly,OG000,6674.42,Antibody Concentrations Against Pneumococcal Pneumolysin Toxoid (dPly) and Pneumococcal Histidine Triad Protein D (PhtD) Proteins - Booster Phase of the Study
8,outcome_overview_dose_description,pre boost child,1m post boost child,,,dPly,OG000,6674.42,Antibody Concentrations Against Pneumococcal Pneumolysin Toxoid (dPly) and Pneumococcal Histidine Triad Protein D (PhtD) Proteins - Booster Phase of the Study
8,outcome_overview_time_frame_weeks,,43,,,dPly,OG000,6674.42,Antibody Concentrations Against Pneumococcal Pneumolysin Toxoid (dPly) and Pneumococcal Histidine Triad Protein D (PhtD) Proteins - Booster Phase of the Study
9,outcome_overview_dose_number,3,4,,,dPly,OG001,5592.85,Antibody Concentrations Against Pneumococcal Pneumolysin Toxoid (dPly) and Pneumococcal Histidine Triad Protein D (PhtD) Proteins - Booster Phase of the Study
9,outcome_overview_dose_description,pre boost child,1m post boost child,,,dPly,OG001,5592.85,Antibody Concentrations Against Pneumococcal Pneumolysin Toxoid (dPly) and Pneumococcal Histidine Triad Protein D (PhtD) Proteins - Booster Phase of the Study
9,outcome_overview_time_frame_weeks,,43,,,dPly,OG001,5592.85,Antibody Concentrations Against Pneumococcal Pneumolysin Toxoid (dPly) and Pneumococcal Histidine Triad Protein D (PhtD) Proteins - Booster Phase of the Study
10,outcome_overview_dose_number,3,4,,,dPly,OG002,495.02,Antibody Concentrations Against Pneumococcal Pneumolysin Toxoid (dPly) and Pneumococcal Histidine Triad Protein D (PhtD) Proteins - Booster Phase of the Study
10,outcome_overview_dose_description,pre boost child,1m post boost child,,,dPly,OG002,495.02,Antibody Concentrations Against Pneumococcal Pneumolysin Toxoid (dPly) and Pneumococcal Histidine Triad Protein D (PhtD) Proteins - Booster Phase of the Study
10,outcome_overview_time_frame_weeks,,43,,,dPly,OG002,495.02,Antibody Concentrations Against Pneumococcal Pneumolysin Toxoid (dPly) and Pneumococcal Histidine Triad Protein D (PhtD) Proteins - Booster Phase of the Study
11,outcome_overview_dose_number,3,4,,,dPly,OG003,737.71,Antibody Concentrations Against Pneumococcal Pneumolysin Toxoid (dPly) and Pneumococcal Histidine Triad Protein D (PhtD) Proteins - Booster Phase of the Study
11,outcome_overview_dose_description,pre boost child,1m post boost child,,,dPly,OG003,737.71,Antibody Concentrations Against Pneumococcal Pneumolysin Toxoid (dPly) and Pneumococcal Histidine Triad Protein D (PhtD) Proteins - Booster Phase of the Study
11,outcome_overview_time_frame_weeks,,43,,,dPly,OG003,737.71,Antibody Concentrations Against Pneumococcal Pneumolysin Toxoid (dPly) and Pneumococcal Histidine Triad Protein D (PhtD) Proteins - Booster Phase of the Study
12,outcome_overview_dose_number,3,4,,,dPly,OG000,24720.40,Antibody Concentrations Against Pneumococcal Pneumolysin Toxoid (dPly) and Pneumococcal Histidine Triad Protein D (PhtD) Proteins - Booster Phase of the Study
12,outcome_overview_dose_description,pre boost child,1m post boost child,,,dPly,OG000,24720.40,Antibody Concentrations Against Pneumococcal Pneumolysin Toxoid (dPly) and Pneumococcal Histidine Triad Protein D (PhtD) Proteins - Booster Phase of the Study
12,outcome_overview_time_frame_weeks,,43,,,dPly,OG000,24720.40,Antibody Concentrations Against Pneumococcal Pneumolysin Toxoid (dPly) and Pneumococcal Histidine Triad Protein D (PhtD) Proteins - Booster Phase of the Study
13,outcome_overview_dose_number,3,4,,,dPly,OG001,29838.18,Antibody Concentrations Against Pneumococcal Pneumolysin Toxoid (dPly) and Pneumococcal Histidine Triad Protein D (PhtD) Proteins - Booster Phase of the Study
13,outcome_overview_dose_description,pre boost child,1m post boost child,,,dPly,OG001,29838.18,Antibody Concentrations Against Pneumococcal Pneumolysin Toxoid (dPly) and Pneumococcal Histidine Triad Protein D (PhtD) Proteins - Booster Phase of the Study
13,outcome_overview_time_frame_weeks,,43,,,dPly,OG001,29838.18,Antibody Concentrations Against Pneumococcal Pneumolysin Toxoid (dPly) and Pneumococcal Histidine Triad Protein D (PhtD) Proteins - Booster Phase of the Study
14,outcome_overview_dose_number,3,4,,,dPly,OG002,582.85,Antibody Concentrations Against Pneumococcal Pneumolysin Toxoid (dPly) and Pneumococcal Histidine Triad Protein D (PhtD) Proteins - Booster Phase of the Study
14,outcome_overview_dose_description,pre boost child,1m post boost child,,,dPly,OG002,582.85,Antibody Concentrations Against Pneumococcal Pneumolysin Toxoid (dPly) and Pneumococcal Histidine Triad Protein D (PhtD) Proteins - Booster Phase of the Study
14,outcome_overview_time_frame_weeks,,43,,,dPly,OG002,582.85,Antibody Concentrations Against Pneumococcal Pneumolysin Toxoid (dPly) and Pneumococcal Histidine Triad Protein D (PhtD) Proteins - Booster Phase of the Study
15,outcome_overview_dose_number,3,4,,,dPly,OG003,791.42,Antibody Concentrations Against Pneumococcal Pneumolysin Toxoid (dPly) and Pneumococcal Histidine Triad Protein D (PhtD) Proteins - Booster Phase of the Study
15,outcome_overview_dose_description,pre boost child,1m post boost child,,,dPly,OG003,791.42,Antibody Concentrations Against Pneumococcal Pneumolysin Toxoid (dPly) and Pneumococcal Histidine Triad Protein D (PhtD) Proteins - Booster Phase of the Study
15,outcome_overview_time_frame_weeks,,43,,,dPly,OG003,791.42,Antibody Concentrations Against Pneumococcal Pneumolysin Toxoid (dPly) and Pneumococcal Histidine Triad Protein D (PhtD) Proteins - Booster Phase of the Study
16,outcome_overview_dose_number,3,4,,,PhtD,OG000,910.80,Antibody Concentrations Against Pneumococcal Pneumolysin Toxoid (dPly) and Pneumococcal Histidine Triad Protein D (PhtD) Proteins - Booster Phase of the Study
16,outcome_overview_dose_description,pre boost child,1m post boost child,,,PhtD,OG000,910.80,Antibody Concentrations Against Pneumococcal Pneumolysin Toxoid (dPly) and Pneumococcal Histidine Triad Protein D (PhtD) Proteins - Booster Phase of the Study
16,outcome_overview_time_frame_weeks,,43,,,PhtD,OG000,910.80,Antibody Concentrations Against Pneumococcal Pneumolysin Toxoid (dPly) and Pneumococcal Histidine Triad Protein D (PhtD) Proteins - Booster Phase of the Study
17,outcome_overview_dose_number,3,4,,,PhtD,OG001,829.12,Antibody Concentrations Against Pneumococcal Pneumolysin Toxoid (dPly) and Pneumococcal Histidine Triad Protein D (PhtD) Proteins - Booster Phase of the Study
17,outcome_overview_dose_description,pre boost child,1m post boost child,,,PhtD,OG001,829.12,Antibody Concentrations Against Pneumococcal Pneumolysin Toxoid (dPly) and Pneumococcal Histidine Triad Protein D (PhtD) Proteins - Booster Phase of the Study
17,outcome_overview_time_frame_weeks,,43,,,PhtD,OG001,829.12,Antibody Concentrations Against Pneumococcal Pneumolysin Toxoid (dPly) and Pneumococcal Histidine Triad Protein D (PhtD) Proteins - Booster Phase of the Study
18,outcome_overview_dose_number,3,4,,,PhtD,OG002,209.27,Antibody Concentrations Against Pneumococcal Pneumolysin Toxoid (dPly) and Pneumococcal Histidine Triad Protein D (PhtD) Proteins - Booster Phase of the Study
18,outcome_overview_dose_description,pre boost child,1m post boost child,,,PhtD,OG002,209.27,Antibody Concentrations Against Pneumococcal Pneumolysin Toxoid (dPly) and Pneumococcal Histidine Triad Protein D (PhtD) Proteins - Booster Phase of the Study
18,outcome_overview_time_frame_weeks,,43,,,PhtD,OG002,209.27,Antibody Concentrations Against Pneumococcal Pneumolysin Toxoid (dPly) and Pneumococcal Histidine Triad Protein D (PhtD) Proteins - Booster Phase of the Study
19,outcome_overview_dose_number,3,4,,,PhtD,OG003,381.66,Antibody Concentrations Against Pneumococcal Pneumolysin Toxoid (dPly) and Pneumococcal Histidine Triad Protein D (PhtD) Proteins - Booster Phase of the Study
19,outcome_overview_dose_description,pre boost child,1m post boost child,,,PhtD,OG003,381.66,Antibody Concentrations Against Pneumococcal Pneumolysin Toxoid (dPly) and Pneumococcal Histidine Triad Protein D (PhtD) Proteins - Booster Phase of the Study
19,outcome_overview_time_frame_weeks,,43,,,PhtD,OG003,381.66,Antibody Concentrations Against Pneumococcal Pneumolysin Toxoid (dPly) and Pneumococcal Histidine Triad Protein D (PhtD) Proteins - Booster Phase of the Study
20,outcome_overview_dose_number,3,4,,,PhtD,OG000,3528.25,Antibody Concentrations Against Pneumococcal Pneumolysin Toxoid (dPly) and Pneumococcal Histidine Triad Protein D (PhtD) Proteins - Booster Phase of the Study
20,outcome_overview_dose_description,pre boost child,1m post boost child,,,PhtD,OG000,3528.25,Antibody Concentrations Against Pneumococcal Pneumolysin Toxoid (dPly) and Pneumococcal Histidine Triad Protein D (PhtD) Proteins - Booster Phase of the Study
20,outcome_overview_time_frame_weeks,,43,,,PhtD,OG000,3528.25,Antibody Concentrations Against Pneumococcal Pneumolysin Toxoid (dPly) and Pneumococcal Histidine Triad Protein D (PhtD) Proteins - Booster Phase of the Study
21,outcome_overview_dose_number,3,4,,,PhtD,OG001,3777.39,Antibody Concentrations Against Pneumococcal Pneumolysin Toxoid (dPly) and Pneumococcal Histidine Triad Protein D (PhtD) Proteins - Booster Phase of the Study
21,outcome_overview_dose_description,pre boost child,1m post boost child,,,PhtD,OG001,3777.39,Antibody Concentrations Against Pneumococcal Pneumolysin Toxoid (dPly) and Pneumococcal Histidine Triad Protein D (PhtD) Proteins - Booster Phase of the Study
21,outcome_overview_time_frame_weeks,,43,,,PhtD,OG001,3777.39,Antibody Concentrations Against Pneumococcal Pneumolysin Toxoid (dPly) and Pneumococcal Histidine Triad Protein D (PhtD) Proteins - Booster Phase of the Study
22,outcome_overview_dose_number,3,4,,,PhtD,OG002,266.58,Antibody Concentrations Against Pneumococcal Pneumolysin Toxoid (dPly) and Pneumococcal Histidine Triad Protein D (PhtD) Proteins - Booster Phase of the Study
22,outcome_overview_dose_description,pre boost child,1m post boost child,,,PhtD,OG002,266.58,Antibody Concentrations Against Pneumococcal Pneumolysin Toxoid (dPly) and Pneumococcal Histidine Triad Protein D (PhtD) Proteins - Booster Phase of the Study
22,outcome_overview_time_frame_weeks,,43,,,PhtD,OG002,266.58,Antibody Concentrations Against Pneumococcal Pneumolysin Toxoid (dPly) and Pneumococcal Histidine Triad Protein D (PhtD) Proteins - Booster Phase of the Study
23,outcome_overview_dose_number,3,4,,,PhtD,OG003,469.16,Antibody Concentrations Against Pneumococcal Pneumolysin Toxoid (dPly) and Pneumococcal Histidine Triad Protein D (PhtD) Proteins - Booster Phase of the Study
23,outcome_overview_dose_description,pre boost child,1m post boost child,,,PhtD,OG003,469.16,Antibody Concentrations Against Pneumococcal Pneumolysin Toxoid (dPly) and Pneumococcal Histidine Triad Protein D (PhtD) Proteins - Booster Phase of the Study
23,outcome_overview_time_frame_weeks,,43,,,PhtD,OG003,469.16,Antibody Concentrations Against Pneumococcal Pneumolysin Toxoid (dPly) and Pneumococcal Histidine Triad Protein D (PhtD) Proteins - Booster Phase of the Study
24,outcome_overview_dose_number,3,4,,,PD,OG000,434.3,Antibody Concentrations Against Protein D (Anti-PD) - Booster Phase of the Study
24,outcome_overview_dose_description,pre boost child,1m post boost child,,,PD,OG000,434.3,Antibody Concentrations Against Protein D (Anti-PD) - Booster Phase of the Study
24,outcome_overview_time_frame_weeks,,43,,,PD,OG000,434.3,Antibody Concentrations Against Protein D (Anti-PD) - Booster Phase of the Study
25,outcome_overview_dose_number,3,4,,,PD,OG001,472.8,Antibody Concentrations Against Protein D (Anti-PD) - Booster Phase of the Study
25,outcome_overview_dose_description,pre boost child,1m post boost child,,,PD,OG001,472.8,Antibody Concentrations Against Protein D (Anti-PD) - Booster Phase of the Study
25,outcome_overview_time_frame_weeks,,43,,,PD,OG001,472.8,Antibody Concentrations Against Protein D (Anti-PD) - Booster Phase of the Study
26,outcome_overview_dose_number,3,4,,,PD,OG002,698.2,Antibody Concentrations Against Protein D (Anti-PD) - Booster Phase of the Study
26,outcome_overview_dose_description,pre boost child,1m post boost child,,,PD,OG002,698.2,Antibody Concentrations Against Protein D (Anti-PD) - Booster Phase of the Study
26,outcome_overview_time_frame_weeks,,43,,,PD,OG002,698.2,Antibody Concentrations Against Protein D (Anti-PD) - Booster Phase of the Study
27,outcome_overview_dose_number,3,4,,,PD,OG003,81.0,Antibody Concentrations Against Protein D (Anti-PD) - Booster Phase of the Study
27,outcome_overview_dose_description,pre boost child,1m post boost child,,,PD,OG003,81.0,Antibody Concentrations Against Protein D (Anti-PD) - Booster Phase of the Study
27,outcome_overview_time_frame_weeks,,43,,,PD,OG003,81.0,Antibody Concentrations Against Protein D (Anti-PD) - Booster Phase of the Study
28,outcome_overview_dose_number,3,4,,,PD,OG000,1655.4,Antibody Concentrations Against Protein D (Anti-PD) - Booster Phase of the Study
28,outcome_overview_dose_description,pre boost child,1m post boost child,,,PD,OG000,1655.4,Antibody Concentrations Against Protein D (Anti-PD) - Booster Phase of the Study
28,outcome_overview_time_frame_weeks,,43,,,PD,OG000,1655.4,Antibody Concentrations Against Protein D (Anti-PD) - Booster Phase of the Study
29,outcome_overview_dose_number,3,4,,,PD,OG001,1631.0,Antibody Concentrations Against Protein D (Anti-PD) - Booster Phase of the Study
29,outcome_overview_dose_description,pre boost child,1m post boost child,,,PD,OG001,1631.0,Antibody Concentrations Against Protein D (Anti-PD) - Booster Phase of the Study
29,outcome_overview_time_frame_weeks,,43,,,PD,OG001,1631.0,Antibody Concentrations Against Protein D (Anti-PD) - Booster Phase of the Study
30,outcome_overview_dose_number,3,4,,,PD,OG002,2394.2,Antibody Concentrations Against Protein D (Anti-PD) - Booster Phase of the Study
30,outcome_overview_dose_description,pre boost child,1m post boost child,,,PD,OG002,2394.2,Antibody Concentrations Against Protein D (Anti-PD) - Booster Phase of the Study
30,outcome_overview_time_frame_weeks,,43,,,PD,OG002,2394.2,Antibody Concentrations Against Protein D (Anti-PD) - Booster Phase of the Study
31,outcome_overview_dose_number,3,4,,,PD,OG003,85.7,Antibody Concentrations Against Protein D (Anti-PD) - Booster Phase of the Study
31,outcome_overview_dose_description,pre boost child,1m post boost child,,,PD,OG003,85.7,Antibody Concentrations Against Protein D (Anti-PD) - Booster Phase of the Study
31,outcome_overview_time_frame_weeks,,43,,,PD,OG003,85.7,Antibody Concentrations Against Protein D (Anti-PD) - Booster Phase of the Study
84,outcome_overview_dose_number,3,4,,,1,OG000,0.30,Antibody Concentrations Against Pneumococcal Serotypes - Booster Phase of the Study
84,outcome_overview_dose_description,pre boost child,1m post boost child,,,1,OG000,0.30,Antibody Concentrations Against Pneumococcal Serotypes - Booster Phase of the Study
84,outcome_overview_time_frame_weeks,,43,,,1,OG000,0.30,Antibody Concentrations Against Pneumococcal Serotypes - Booster Phase of the Study
85,outcome_overview_dose_number,3,4,,,1,OG001,0.30,Antibody Concentrations Against Pneumococcal Serotypes - Booster Phase of the Study
85,outcome_overview_dose_description,pre boost child,1m post boost child,,,1,OG001,0.30,Antibody Concentrations Against Pneumococcal Serotypes - Booster Phase of the Study
85,outcome_overview_time_frame_weeks,,43,,,1,OG001,0.30,Antibody Concentrations Against Pneumococcal Serotypes - Booster Phase of the Study
86,outcome_overview_dose_number,3,4,,,1,OG002,0.26,Antibody Concentrations Against Pneumococcal Serotypes - Booster Phase of the Study
86,outcome_overview_dose_description,pre boost child,1m post boost child,,,1,OG002,0.26,Antibody Concentrations Against Pneumococcal Serotypes - Booster Phase of the Study
86,outcome_overview_time_frame_weeks,,43,,,1,OG002,0.26,Antibody Concentrations Against Pneumococcal Serotypes - Booster Phase of the Study
87,outcome_overview_dose_number,3,4,,,1,OG003,0.49,Antibody Concentrations Against Pneumococcal Serotypes - Booster Phase of the Study
87,outcome_overview_dose_description,pre boost child,1m post boost child,,,1,OG003,0.49,Antibody Concentrations Against Pneumococcal Serotypes - Booster Phase of the Study
87,outcome_overview_time_frame_weeks,,43,,,1,OG003,0.49,Antibody Concentrations Against Pneumococcal Serotypes - Booster Phase of the Study
88,outcome_overview_dose_number,3,4,,,1,OG000,2.62,Antibody Concentrations Against Pneumococcal Serotypes - Booster Phase of the Study
88,outcome_overview_dose_description,pre boost child,1m post boost child,,,1,OG000,2.62,Antibody Concentrations Against Pneumococcal Serotypes - Booster Phase of the Study
88,outcome_overview_time_frame_weeks,,43,,,1,OG000,2.62,Antibody Concentrations Against Pneumococcal Serotypes - Booster Phase of the Study
89,outcome_overview_dose_number,3,4,,,1,OG001,2.61,Antibody Concentrations Against Pneumococcal Serotypes - Booster Phase of the Study
89,outcome_overview_dose_description,pre boost child,1m post boost child,,,1,OG001,2.61,Antibody Concentrations Against Pneumococcal Serotypes - Booster Phase of the Study
89,outcome_overview_time_frame_weeks,,43,,,1,OG001,2.61,Antibody Concentrations Against Pneumococcal Serotypes - Booster Phase of the Study
90,outcome_overview_dose_number,3,4,,,1,OG002,2.41,Antibody Concentrations Against Pneumococcal Serotypes - Booster Phase of the Study
90,outcome_overview_dose_description,pre boost child,1m post boost child,,,1,OG002,2.41,Antibody Concentrations Against Pneumococcal Serotypes - Booster Phase of the Study
90,outcome_overview_time_frame_weeks,,43,,,1,OG002,2.41,Antibody Concentrations Against Pneumococcal Serotypes - Booster Phase of the Study
91,outcome_overview_dose_number,3,4,,,1,OG003,3.78,Antibody Concentrations Against Pneumococcal Serotypes - Booster Phase of the Study
91,outcome_overview_dose_description,pre boost child,1m post boost child,,,1,OG003,3.78,Antibody Concentrations Against Pneumococcal Serotypes - Booster Phase of the Study
91,outcome_overview_time_frame_weeks,,43,,,1,OG003,3.78,Antibody Concentrations Against Pneumococcal Serotypes - Booster Phase of the Study
92,outcome_overview_dose_number,3,4,,,4,OG000,0.50,Antibody Concentrations Against Pneumococcal Serotypes - Booster Phase of the Study
92,outcome_overview_dose_description,pre boost child,1m post boost child,,,4,OG000,0.50,Antibody Concentrations Against Pneumococcal Serotypes - Booster Phase of the Study
92,outcome_overview_time_frame_weeks,,43,,,4,OG000,0.50,Antibody Concentrations Against Pneumococcal Serotypes - Booster Phase of the Study
93,outcome_overview_dose_number,3,4,,,4,OG001,0.51,Antibody Concentrations Against Pneumococcal Serotypes - Booster Phase of the Study
93,outcome_overview_dose_description,pre boost child,1m post boost child,,,4,OG001,0.51,Antibody Concentrations Against Pneumococcal Serotypes - Booster Phase of the Study
93,outcome_overview_time_frame_weeks,,43,,,4,OG001,0.51,Antibody Concentrations Against Pneumococcal Serotypes - Booster Phase of the Study
94,outcome_overview_dose_number,3,4,,,4,OG002,0.58,Antibody Concentrations Against Pneumococcal Serotypes - Booster Phase of the Study
94,outcome_overview_dose_description,pre boost child,1m post boost child,,,4,OG002,0.58,Antibody Concentrations Against Pneumococcal Serotypes - Booster Phase of the Study
94,outcome_overview_time_frame_weeks,,43,,,4,OG002,0.58,Antibody Concentrations Against Pneumococcal Serotypes - Booster Phase of the Study
95,outcome_overview_dose_number,3,4,,,4,OG003,0.40,Antibody Concentrations Against Pneumococcal Serotypes - Booster Phase of the Study
95,outcome_overview_dose_description,pre boost child,1m post boost child,,,4,OG003,0.40,Antibody Concentrations Against Pneumococcal Serotypes - Booster Phase of the Study
95,outcome_overview_time_frame_weeks,,43,,,4,OG003,0.40,Antibody Concentrations Against Pneumococcal Serotypes - Booster Phase of the Study
96,outcome_overview_dose_number,3,4,,,4,OG000,4.10,Antibody Concentrations Against Pneumococcal Serotypes - Booster Phase of the Study
96,outcome_overview_dose_description,pre boost child,1m post boost child,,,4,OG000,4.10,Antibody Concentrations Against Pneumococcal Serotypes - Booster Phase of the Study
96,outcome_overview_time_frame_weeks,,43,,,4,OG000,4.10,Antibody Concentrations Against Pneumococcal Serotypes - Booster Phase of the Study
97,outcome_overview_dose_number,3,4,,,4,OG001,3.90,Antibody Concentrations Against Pneumococcal Serotypes - Booster Phase of the Study
97,outcome_overview_dose_description,pre boost child,1m post boost child,,,4,OG001,3.90,Antibody Concentrations Against Pneumococcal Serotypes - Booster Phase of the Study
97,outcome_overview_time_frame_weeks,,43,,,4,OG001,3.90,Antibody Concentrations Against Pneumococcal Serotypes - Booster Phase of the Study
98,outcome_overview_dose_number,3,4,,,4,OG002,3.98,Antibody Concentrations Against Pneumococcal Serotypes - Booster Phase of the Study
98,outcome_overview_dose_description,pre boost child,1m post boost child,,,4,OG002,3.98,Antibody Concentrations Against Pneumococcal Serotypes - Booster Phase of the Study
98,outcome_overview_time_frame_weeks,,43,,,4,OG002,3.98,Antibody Concentrations Against Pneumococcal Serotypes - Booster Phase of the Study
99,outcome_overview_dose_number,3,4,,,4,OG003,4.36,Antibody Concentrations Against Pneumococcal Serotypes - Booster Phase of the Study
99,outcome_overview_dose_description,pre boost child,1m post boost child,,,4,OG003,4.36,Antibody Concentrations Against Pneumococcal Serotypes - Booster Phase of the Study
99,outcome_overview_time_frame_weeks,,43,,,4,OG003,4.36,Antibody Concentrations Against Pneumococcal Serotypes - Booster Phase of the Study
100,outcome_overview_dose_number,3,4,,,5,OG000,0.59,Antibody Concentrations Against Pneumococcal Serotypes - Booster Phase of the Study
100,outcome_overview_dose_description,pre boost child,1m post boost child,,,5,OG000,0.59,Antibody Concentrations Against Pneumococcal Serotypes - Booster Phase of the Study
100,outcome_overview_time_frame_weeks,,43,,,5,OG000,0.59,Antibody Concentrations Against Pneumococcal Serotypes - Booster Phase of the Study
101,outcome_overview_dose_number,3,4,,,5,OG001,0.58,Antibody Concentrations Against Pneumococcal Serotypes - Booster Phase of the Study
101,outcome_overview_dose_description,pre boost child,1m post boost child,,,5,OG001,0.58,Antibody Concentrations Against Pneumococcal Serotypes - Booster Phase of the Study
101,outcome_overview_time_frame_weeks,,43,,,5,OG001,0.58,Antibody Concentrations Against Pneumococcal Serotypes - Booster Phase of the Study
102,outcome_overview_dose_number,3,4,,,5,OG002,0.55,Antibody Concentrations Against Pneumococcal Serotypes - Booster Phase of the Study
102,outcome_overview_dose_description,pre boost child,1m post boost child,,,5,OG002,0.55,Antibody Concentrations Against Pneumococcal Serotypes - Booster Phase of the Study
102,outcome_overview_time_frame_weeks,,43,,,5,OG002,0.55,Antibody Concentrations Against Pneumococcal Serotypes - Booster Phase of the Study
103,outcome_overview_dose_number,3,4,,,5,OG003,0.85,Antibody Concentrations Against Pneumococcal Serotypes - Booster Phase of the Study
103,outcome_overview_dose_description,pre boost child,1m post boost child,,,5,OG003,0.85,Antibody Concentrations Against Pneumococcal Serotypes - Booster Phase of the Study
103,outcome_overview_time_frame_weeks,,43,,,5,OG003,0.85,Antibody Concentrations Against Pneumococcal Serotypes - Booster Phase of the Study
104,outcome_overview_dose_number,3,4,,,5,OG000,3.48,Antibody Concentrations Against Pneumococcal Serotypes - Booster Phase of the Study
104,outcome_overview_dose_description,pre boost child,1m post boost child,,,5,OG000,3.48,Antibody Concentrations Against Pneumococcal Serotypes - Booster Phase of the Study
104,outcome_overview_time_frame_weeks,,43,,,5,OG000,3.48,Antibody Concentrations Against Pneumococcal Serotypes - Booster Phase of the Study
105,outcome_overview_dose_number,3,4,,,5,OG001,3.44,Antibody Concentrations Against Pneumococcal Serotypes - Booster Phase of the Study
105,outcome_overview_dose_description,pre boost child,1m post boost child,,,5,OG001,3.44,Antibody Concentrations Against Pneumococcal Serotypes - Booster Phase of the Study
105,outcome_overview_time_frame_weeks,,43,,,5,OG001,3.44,Antibody Concentrations Against Pneumococcal Serotypes - Booster Phase of the Study
106,outcome_overview_dose_number,3,4,,,5,OG002,3.33,Antibody Concentrations Against Pneumococcal Serotypes - Booster Phase of the Study
106,outcome_overview_dose_description,pre boost child,1m post boost child,,,5,OG002,3.33,Antibody Concentrations Against Pneumococcal Serotypes - Booster Phase of the Study
106,outcome_overview_time_frame_weeks,,43,,,5,OG002,3.33,Antibody Concentrations Against Pneumococcal Serotypes - Booster Phase of the Study
107,outcome_overview_dose_number,3,4,,,5,OG003,7.52,Antibody Concentrations Against Pneumococcal Serotypes - Booster Phase of the Study
107,outcome_overview_dose_description,pre boost child,1m post boost child,,,5,OG003,7.52,Antibody Concentrations Against Pneumococcal Serotypes - Booster Phase of the Study
107,outcome_overview_time_frame_weeks,,43,,,5,OG003,7.52,Antibody Concentrations Against Pneumococcal Serotypes - Booster Phase of the Study
108,outcome_overview_dose_number,3,4,,,6B,OG000,0.45,Antibody Concentrations Against Pneumococcal Serotypes - Booster Phase of the Study
108,outcome_overview_dose_description,pre boost child,1m post boost child,,,6B,OG000,0.45,Antibody Concentrations Against Pneumococcal Serotypes - Booster Phase of the Study
108,outcome_overview_time_frame_weeks,,43,,,6B,OG000,0.45,Antibody Concentrations Against Pneumococcal Serotypes - Booster Phase of the Study
109,outcome_overview_dose_number,3,4,,,6B,OG001,0.47,Antibody Concentrations Against Pneumococcal Serotypes - Booster Phase of the Study
109,outcome_overview_dose_description,pre boost child,1m post boost child,,,6B,OG001,0.47,Antibody Concentrations Against Pneumococcal Serotypes - Booster Phase of the Study
109,outcome_overview_time_frame_weeks,,43,,,6B,OG001,0.47,Antibody Concentrations Against Pneumococcal Serotypes - Booster Phase of the Study
110,outcome_overview_dose_number,3,4,,,6B,OG002,0.46,Antibody Concentrations Against Pneumococcal Serotypes - Booster Phase of the Study
110,outcome_overview_dose_description,pre boost child,1m post boost child,,,6B,OG002,0.46,Antibody Concentrations Against Pneumococcal Serotypes - Booster Phase of the Study
110,outcome_overview_time_frame_weeks,,43,,,6B,OG002,0.46,Antibody Concentrations Against Pneumococcal Serotypes - Booster Phase of the Study
111,outcome_overview_dose_number,3,4,,,6B,OG003,0.25,Antibody Concentrations Against Pneumococcal Serotypes - Booster Phase of the Study
111,outcome_overview_dose_description,pre boost child,1m post boost child,,,6B,OG003,0.25,Antibody Concentrations Against Pneumococcal Serotypes - Booster Phase of the Study
111,outcome_overview_time_frame_weeks,,43,,,6B,OG003,0.25,Antibody Concentrations Against Pneumococcal Serotypes - Booster Phase of the Study
112,outcome_overview_dose_number,3,4,,,6B,OG000,2.04,Antibody Concentrations Against Pneumococcal Serotypes - Booster Phase of the Study
112,outcome_overview_dose_description,pre boost child,1m post boost child,,,6B,OG000,2.04,Antibody Concentrations Against Pneumococcal Serotypes - Booster Phase of the Study
112,outcome_overview_time_frame_weeks,,43,,,6B,OG000,2.04,Antibody Concentrations Against Pneumococcal Serotypes - Booster Phase of the Study
113,outcome_overview_dose_number,3,4,,,6B,OG001,1.96,Antibody Concentrations Against Pneumococcal Serotypes - Booster Phase of the Study
113,outcome_overview_dose_description,pre boost child,1m post boost child,,,6B,OG001,1.96,Antibody Concentrations Against Pneumococcal Serotypes - Booster Phase of the Study
113,outcome_overview_time_frame_weeks,,43,,,6B,OG001,1.96,Antibody Concentrations Against Pneumococcal Serotypes - Booster Phase of the Study
114,outcome_overview_dose_number,3,4,,,6B,OG002,2.28,Antibody Concentrations Against Pneumococcal Serotypes - Booster Phase of the Study
114,outcome_overview_dose_description,pre boost child,1m post boost child,,,6B,OG002,2.28,Antibody Concentrations Against Pneumococcal Serotypes - Booster Phase of the Study
114,outcome_overview_time_frame_weeks,,43,,,6B,OG002,2.28,Antibody Concentrations Against Pneumococcal Serotypes - Booster Phase of the Study
115,outcome_overview_dose_number,3,4,,,6B,OG003,3.11,Antibody Concentrations Against Pneumococcal Serotypes - Booster Phase of the Study
115,outcome_overview_dose_description,pre boost child,1m post boost child,,,6B,OG003,3.11,Antibody Concentrations Against Pneumococcal Serotypes - Booster Phase of the Study
115,outcome_overview_time_frame_weeks,,43,,,6B,OG003,3.11,Antibody Concentrations Against Pneumococcal Serotypes - Booster Phase of the Study
116,outcome_overview_dose_number,3,4,,,7F,OG000,0.94,Antibody Concentrations Against Pneumococcal Serotypes - Booster Phase of the Study
116,outcome_overview_dose_description,pre boost child,1m post boost child,,,7F,OG000,0.94,Antibody Concentrations Against Pneumococcal Serotypes - Booster Phase of the Study
116,outcome_overview_time_frame_weeks,,43,,,7F,OG000,0.94,Antibody Concentrations Against Pneumococcal Serotypes - Booster Phase of the Study
117,outcome_overview_dose_number,3,4,,,7F,OG001,1.00,Antibody Concentrations Against Pneumococcal Serotypes - Booster Phase of the Study
117,outcome_overview_dose_description,pre boost child,1m post boost child,,,7F,OG001,1.00,Antibody Concentrations Against Pneumococcal Serotypes - Booster Phase of the Study
117,outcome_overview_time_frame_weeks,,43,,,7F,OG001,1.00,Antibody Concentrations Against Pneumococcal Serotypes - Booster Phase of the Study
118,outcome_overview_dose_number,3,4,,,7F,OG002,0.98,Antibody Concentrations Against Pneumococcal Serotypes - Booster Phase of the Study
118,outcome_overview_dose_description,pre boost child,1m post boost child,,,7F,OG002,0.98,Antibody Concentrations Against Pneumococcal Serotypes - Booster Phase of the Study
118,outcome_overview_time_frame_weeks,,43,,,7F,OG002,0.98,Antibody Concentrations Against Pneumococcal Serotypes - Booster Phase of the Study
119,outcome_overview_dose_number,3,4,,,7F,OG003,1.34,Antibody Concentrations Against Pneumococcal Serotypes - Booster Phase of the Study
119,outcome_overview_dose_description,pre boost child,1m post boost child,,,7F,OG003,1.34,Antibody Concentrations Against Pneumococcal Serotypes - Booster Phase of the Study
119,outcome_overview_time_frame_weeks,,43,,,7F,OG003,1.34,Antibody Concentrations Against Pneumococcal Serotypes - Booster Phase of the Study
120,outcome_overview_dose_number,3,4,,,7F,OG000,4.72,Antibody Concentrations Against Pneumococcal Serotypes - Booster Phase of the Study
120,outcome_overview_dose_description,pre boost child,1m post boost child,,,7F,OG000,4.72,Antibody Concentrations Against Pneumococcal Serotypes - Booster Phase of the Study
120,outcome_overview_time_frame_weeks,,43,,,7F,OG000,4.72,Antibody Concentrations Against Pneumococcal Serotypes - Booster Phase of the Study
121,outcome_overview_dose_number,3,4,,,7F,OG001,4.70,Antibody Concentrations Against Pneumococcal Serotypes - Booster Phase of the Study
121,outcome_overview_dose_description,pre boost child,1m post boost child,,,7F,OG001,4.70,Antibody Concentrations Against Pneumococcal Serotypes - Booster Phase of the Study
121,outcome_overview_time_frame_weeks,,43,,,7F,OG001,4.70,Antibody Concentrations Against Pneumococcal Serotypes - Booster Phase of the Study
122,outcome_overview_dose_number,3,4,,,7F,OG002,4.87,Antibody Concentrations Against Pneumococcal Serotypes - Booster Phase of the Study
122,outcome_overview_dose_description,pre boost child,1m post boost child,,,7F,OG002,4.87,Antibody Concentrations Against Pneumococcal Serotypes - Booster Phase of the Study
122,outcome_overview_time_frame_weeks,,43,,,7F,OG002,4.87,Antibody Concentrations Against Pneumococcal Serotypes - Booster Phase of the Study
123,outcome_overview_dose_number,3,4,,,7F,OG003,7.68,Antibody Concentrations Against Pneumococcal Serotypes - Booster Phase of the Study
123,outcome_overview_dose_description,pre boost child,1m post boost child,,,7F,OG003,7.68,Antibody Concentrations Against Pneumococcal Serotypes - Booster Phase of the Study
123,outcome_overview_time_frame_weeks,,43,,,7F,OG003,7.68,Antibody Concentrations Against Pneumococcal Serotypes - Booster Phase of the Study
124,outcome_overview_dose_number,3,4,,,9V,OG000,0.77,Antibody Concentrations Against Pneumococcal Serotypes - Booster Phase of the Study
124,outcome_overview_dose_description,pre boost child,1m post boost child,,,9V,OG000,0.77,Antibody Concentrations Against Pneumococcal Serotypes - Booster Phase of the Study
124,outcome_overview_time_frame_weeks,,43,,,9V,OG000,0.77,Antibody Concentrations Against Pneumococcal Serotypes - Booster Phase of the Study
125,outcome_overview_dose_number,3,4,,,9V,OG001,0.97,Antibody Concentrations Against Pneumococcal Serotypes - Booster Phase of the Study
125,outcome_overview_dose_description,pre boost child,1m post boost child,,,9V,OG001,0.97,Antibody Concentrations Against Pneumococcal Serotypes - Booster Phase of the Study
125,outcome_overview_time_frame_weeks,,43,,,9V,OG001,0.97,Antibody Concentrations Against Pneumococcal Serotypes - Booster Phase of the Study
126,outcome_overview_dose_number,3,4,,,9V,OG002,0.99,Antibody Concentrations Against Pneumococcal Serotypes - Booster Phase of the Study
126,outcome_overview_dose_description,pre boost child,1m post boost child,,,9V,OG002,0.99,Antibody Concentrations Against Pneumococcal Serotypes - Booster Phase of the Study
126,outcome_overview_time_frame_weeks,,43,,,9V,OG002,0.99,Antibody Concentrations Against Pneumococcal Serotypes - Booster Phase of the Study
127,outcome_overview_dose_number,3,4,,,9V,OG003,0.58,Antibody Concentrations Against Pneumococcal Serotypes - Booster Phase of the Study
127,outcome_overview_dose_description,pre boost child,1m post boost child,,,9V,OG003,0.58,Antibody Concentrations Against Pneumococcal Serotypes - Booster Phase of the Study
127,outcome_overview_time_frame_weeks,,43,,,9V,OG003,0.58,Antibody Concentrations Against Pneumococcal Serotypes - Booster Phase of the Study
128,outcome_overview_dose_number,3,4,,,9V,OG000,4.48,Antibody Concentrations Against Pneumococcal Serotypes - Booster Phase of the Study
128,outcome_overview_dose_description,pre boost child,1m post boost child,,,9V,OG000,4.48,Antibody Concentrations Against Pneumococcal Serotypes - Booster Phase of the Study
128,outcome_overview_time_frame_weeks,,43,,,9V,OG000,4.48,Antibody Concentrations Against Pneumococcal Serotypes - Booster Phase of the Study
129,outcome_overview_dose_number,3,4,,,9V,OG001,4.91,Antibody Concentrations Against Pneumococcal Serotypes - Booster Phase of the Study
129,outcome_overview_dose_description,pre boost child,1m post boost child,,,9V,OG001,4.91,Antibody Concentrations Against Pneumococcal Serotypes - Booster Phase of the Study
129,outcome_overview_time_frame_weeks,,43,,,9V,OG001,4.91,Antibody Concentrations Against Pneumococcal Serotypes - Booster Phase of the Study
130,outcome_overview_dose_number,3,4,,,9V,OG002,5.20,Antibody Concentrations Against Pneumococcal Serotypes - Booster Phase of the Study
130,outcome_overview_dose_description,pre boost child,1m post boost child,,,9V,OG002,5.20,Antibody Concentrations Against Pneumococcal Serotypes - Booster Phase of the Study
130,outcome_overview_time_frame_weeks,,43,,,9V,OG002,5.20,Antibody Concentrations Against Pneumococcal Serotypes - Booster Phase of the Study
131,outcome_overview_dose_number,3,4,,,9V,OG003,6.57,Antibody Concentrations Against Pneumococcal Serotypes - Booster Phase of the Study
131,outcome_overview_dose_description,pre boost child,1m post boost child,,,9V,OG003,6.57,Antibody Concentrations Against Pneumococcal Serotypes - Booster Phase of the Study
131,outcome_overview_time_frame_weeks,,43,,,9V,OG003,6.57,Antibody Concentrations Against Pneumococcal Serotypes - Booster Phase of the Study
132,outcome_overview_dose_number,3,4,,,14,OG000,1.36,Antibody Concentrations Against Pneumococcal Serotypes - Booster Phase of the Study
132,outcome_overview_dose_description,pre boost child,1m post boost child,,,14,OG000,1.36,Antibody Concentrations Against Pneumococcal Serotypes - Booster Phase of the Study
132,outcome_overview_time_frame_weeks,,43,,,14,OG000,1.36,Antibody Concentrations Against Pneumococcal Serotypes - Booster Phase of the Study
133,outcome_overview_dose_number,3,4,,,14,OG001,1.43,Antibody Concentrations Against Pneumococcal Serotypes - Booster Phase of the Study
133,outcome_overview_dose_description,pre boost child,1m post boost child,,,14,OG001,1.43,Antibody Concentrations Against Pneumococcal Serotypes - Booster Phase of the Study
133,outcome_overview_time_frame_weeks,,43,,,14,OG001,1.43,Antibody Concentrations Against Pneumococcal Serotypes - Booster Phase of the Study
134,outcome_overview_dose_number,3,4,,,14,OG002,1.57,Antibody Concentrations Against Pneumococcal Serotypes - Booster Phase of the Study
134,outcome_overview_dose_description,pre boost child,1m post boost child,,,14,OG002,1.57,Antibody Concentrations Against Pneumococcal Serotypes - Booster Phase of the Study
134,outcome_overview_time_frame_weeks,,43,,,14,OG002,1.57,Antibody Concentrations Against Pneumococcal Serotypes - Booster Phase of the Study
135,outcome_overview_dose_number,3,4,,,14,OG003,2.06,Antibody Concentrations Against Pneumococcal Serotypes - Booster Phase of the Study
135,outcome_overview_dose_description,pre boost child,1m post boost child,,,14,OG003,2.06,Antibody Concentrations Against Pneumococcal Serotypes - Booster Phase of the Study
135,outcome_overview_time_frame_weeks,,43,,,14,OG003,2.06,Antibody Concentrations Against Pneumococcal Serotypes - Booster Phase of the Study
136,outcome_overview_dose_number,3,4,,,14,OG000,6.06,Antibody Concentrations Against Pneumococcal Serotypes - Booster Phase of the Study
136,outcome_overview_dose_description,pre boost child,1m post boost child,,,14,OG000,6.06,Antibody Concentrations Against Pneumococcal Serotypes - Booster Phase of the Study
136,outcome_overview_time_frame_weeks,,43,,,14,OG000,6.06,Antibody Concentrations Against Pneumococcal Serotypes - Booster Phase of the Study
137,outcome_overview_dose_number,3,4,,,14,OG001,7.18,Antibody Concentrations Against Pneumococcal Serotypes - Booster Phase of the Study
137,outcome_overview_dose_description,pre boost child,1m post boost child,,,14,OG001,7.18,Antibody Concentrations Against Pneumococcal Serotypes - Booster Phase of the Study
137,outcome_overview_time_frame_weeks,,43,,,14,OG001,7.18,Antibody Concentrations Against Pneumococcal Serotypes - Booster Phase of the Study
138,outcome_overview_dose_number,3,4,,,14,OG002,6.63,Antibody Concentrations Against Pneumococcal Serotypes - Booster Phase of the Study
138,outcome_overview_dose_description,pre boost child,1m post boost child,,,14,OG002,6.63,Antibody Concentrations Against Pneumococcal Serotypes - Booster Phase of the Study
138,outcome_overview_time_frame_weeks,,43,,,14,OG002,6.63,Antibody Concentrations Against Pneumococcal Serotypes - Booster Phase of the Study
139,outcome_overview_dose_number,3,4,,,14,OG003,11.43,Antibody Concentrations Against Pneumococcal Serotypes - Booster Phase of the Study
139,outcome_overview_dose_description,pre boost child,1m post boost child,,,14,OG003,11.43,Antibody Concentrations Against Pneumococcal Serotypes - Booster Phase of the Study
139,outcome_overview_time_frame_weeks,,43,,,14,OG003,11.43,Antibody Concentrations Against Pneumococcal Serotypes - Booster Phase of the Study
140,outcome_overview_dose_number,3,4,,,18C,OG000,0.75,Antibody Concentrations Against Pneumococcal Serotypes - Booster Phase of the Study
140,outcome_overview_dose_description,pre boost child,1m post boost child,,,18C,OG000,0.75,Antibody Concentrations Against Pneumococcal Serotypes - Booster Phase of the Study
140,outcome_overview_time_frame_weeks,,43,,,18C,OG000,0.75,Antibody Concentrations Against Pneumococcal Serotypes - Booster Phase of the Study
141,outcome_overview_dose_number,3,4,,,18C,OG001,0.76,Antibody Concentrations Against Pneumococcal Serotypes - Booster Phase of the Study
141,outcome_overview_dose_description,pre boost child,1m post boost child,,,18C,OG001,0.76,Antibody Concentrations Against Pneumococcal Serotypes - Booster Phase of the Study
141,outcome_overview_time_frame_weeks,,43,,,18C,OG001,0.76,Antibody Concentrations Against Pneumococcal Serotypes - Booster Phase of the Study
142,outcome_overview_dose_number,3,4,,,18C,OG002,0.92,Antibody Concentrations Against Pneumococcal Serotypes - Booster Phase of the Study
142,outcome_overview_dose_description,pre boost child,1m post boost child,,,18C,OG002,0.92,Antibody Concentrations Against Pneumococcal Serotypes - Booster Phase of the Study
142,outcome_overview_time_frame_weeks,,43,,,18C,OG002,0.92,Antibody Concentrations Against Pneumococcal Serotypes - Booster Phase of the Study
143,outcome_overview_dose_number,3,4,,,18C,OG003,0.75,Antibody Concentrations Against Pneumococcal Serotypes - Booster Phase of the Study
143,outcome_overview_dose_description,pre boost child,1m post boost child,,,18C,OG003,0.75,Antibody Concentrations Against Pneumococcal Serotypes - Booster Phase of the Study
143,outcome_overview_time_frame_weeks,,43,,,18C,OG003,0.75,Antibody Concentrations Against Pneumococcal Serotypes - Booster Phase of the Study
144,outcome_overview_dose_number,3,4,,,18C,OG000,6.68,Antibody Concentrations Against Pneumococcal Serotypes - Booster Phase of the Study
144,outcome_overview_dose_description,pre boost child,1m post boost child,,,18C,OG000,6.68,Antibody Concentrations Against Pneumococcal Serotypes - Booster Phase of the Study
144,outcome_overview_time_frame_weeks,,43,,,18C,OG000,6.68,Antibody Concentrations Against Pneumococcal Serotypes - Booster Phase of the Study
145,outcome_overview_dose_number,3,4,,,18C,OG001,6.38,Antibody Concentrations Against Pneumococcal Serotypes - Booster Phase of the Study
145,outcome_overview_dose_description,pre boost child,1m post boost child,,,18C,OG001,6.38,Antibody Concentrations Against Pneumococcal Serotypes - Booster Phase of the Study
145,outcome_overview_time_frame_weeks,,43,,,18C,OG001,6.38,Antibody Concentrations Against Pneumococcal Serotypes - Booster Phase of the Study
146,outcome_overview_dose_number,3,4,,,18C,OG002,7.65,Antibody Concentrations Against Pneumococcal Serotypes - Booster Phase of the Study
146,outcome_overview_dose_description,pre boost child,1m post boost child,,,18C,OG002,7.65,Antibody Concentrations Against Pneumococcal Serotypes - Booster Phase of the Study
146,outcome_overview_time_frame_weeks,,43,,,18C,OG002,7.65,Antibody Concentrations Against Pneumococcal Serotypes - Booster Phase of the Study
147,outcome_overview_dose_number,3,4,,,18C,OG003,6.40,Antibody Concentrations Against Pneumococcal Serotypes - Booster Phase of the Study
147,outcome_overview_dose_description,pre boost child,1m post boost child,,,18C,OG003,6.40,Antibody Concentrations Against Pneumococcal Serotypes - Booster Phase of the Study
147,outcome_overview_time_frame_weeks,,43,,,18C,OG003,6.40,Antibody Concentrations Against Pneumococcal Serotypes - Booster Phase of the Study
148,outcome_overview_dose_number,3,4,,,19F,OG000,1.25,Antibody Concentrations Against Pneumococcal Serotypes - Booster Phase of the Study
148,outcome_overview_dose_description,pre boost child,1m post boost child,,,19F,OG000,1.25,Antibody Concentrations Against Pneumococcal Serotypes - Booster Phase of the Study
148,outcome_overview_time_frame_weeks,,43,,,19F,OG000,1.25,Antibody Concentrations Against Pneumococcal Serotypes - Booster Phase of the Study
149,outcome_overview_dose_number,3,4,,,19F,OG001,1.13,Antibody Concentrations Against Pneumococcal Serotypes - Booster Phase of the Study
149,outcome_overview_dose_description,pre boost child,1m post boost child,,,19F,OG001,1.13,Antibody Concentrations Against Pneumococcal Serotypes - Booster Phase of the Study
149,outcome_overview_time_frame_weeks,,43,,,19F,OG001,1.13,Antibody Concentrations Against Pneumococcal Serotypes - Booster Phase of the Study
150,outcome_overview_dose_number,3,4,,,19F,OG002,1.30,Antibody Concentrations Against Pneumococcal Serotypes - Booster Phase of the Study
150,outcome_overview_dose_description,pre boost child,1m post boost child,,,19F,OG002,1.30,Antibody Concentrations Against Pneumococcal Serotypes - Booster Phase of the Study
150,outcome_overview_time_frame_weeks,,43,,,19F,OG002,1.30,Antibody Concentrations Against Pneumococcal Serotypes - Booster Phase of the Study
151,outcome_overview_dose_number,3,4,,,19F,OG003,0.66,Antibody Concentrations Against Pneumococcal Serotypes - Booster Phase of the Study
151,outcome_overview_dose_description,pre boost child,1m post boost child,,,19F,OG003,0.66,Antibody Concentrations Against Pneumococcal Serotypes - Booster Phase of the Study
151,outcome_overview_time_frame_weeks,,43,,,19F,OG003,0.66,Antibody Concentrations Against Pneumococcal Serotypes - Booster Phase of the Study
152,outcome_overview_dose_number,3,4,,,19F,OG000,6.73,Antibody Concentrations Against Pneumococcal Serotypes - Booster Phase of the Study
152,outcome_overview_dose_description,pre boost child,1m post boost child,,,19F,OG000,6.73,Antibody Concentrations Against Pneumococcal Serotypes - Booster Phase of the Study
152,outcome_overview_time_frame_weeks,,43,,,19F,OG000,6.73,Antibody Concentrations Against Pneumococcal Serotypes - Booster Phase of the Study
153,outcome_overview_dose_number,3,4,,,19F,OG001,7.22,Antibody Concentrations Against Pneumococcal Serotypes - Booster Phase of the Study
153,outcome_overview_dose_description,pre boost child,1m post boost child,,,19F,OG001,7.22,Antibody Concentrations Against Pneumococcal Serotypes - Booster Phase of the Study
153,outcome_overview_time_frame_weeks,,43,,,19F,OG001,7.22,Antibody Concentrations Against Pneumococcal Serotypes - Booster Phase of the Study
154,outcome_overview_dose_number,3,4,,,19F,OG002,7.84,Antibody Concentrations Against Pneumococcal Serotypes - Booster Phase of the Study
154,outcome_overview_dose_description,pre boost child,1m post boost child,,,19F,OG002,7.84,Antibody Concentrations Against Pneumococcal Serotypes - Booster Phase of the Study
154,outcome_overview_time_frame_weeks,,43,,,19F,OG002,7.84,Antibody Concentrations Against Pneumococcal Serotypes - Booster Phase of the Study
155,outcome_overview_dose_number,3,4,,,19F,OG003,7.43,Antibody Concentrations Against Pneumococcal Serotypes - Booster Phase of the Study
155,outcome_overview_dose_description,pre boost child,1m post boost child,,,19F,OG003,7.43,Antibody Concentrations Against Pneumococcal Serotypes - Booster Phase of the Study
155,outcome_overview_time_frame_weeks,,43,,,19F,OG003,7.43,Antibody Concentrations Against Pneumococcal Serotypes - Booster Phase of the Study
156,outcome_overview_dose_number,3,4,,,23F,OG000,0.46,Antibody Concentrations Against Pneumococcal Serotypes - Booster Phase of the Study
156,outcome_overview_dose_description,pre boost child,1m post boost child,,,23F,OG000,0.46,Antibody Concentrations Against Pneumococcal Serotypes - Booster Phase of the Study
156,outcome_overview_time_frame_weeks,,43,,,23F,OG000,0.46,Antibody Concentrations Against Pneumococcal Serotypes - Booster Phase of the Study
157,outcome_overview_dose_number,3,4,,,23F,OG001,0.47,Antibody Concentrations Against Pneumococcal Serotypes - Booster Phase of the Study
157,outcome_overview_dose_description,pre boost child,1m post boost child,,,23F,OG001,0.47,Antibody Concentrations Against Pneumococcal Serotypes - Booster Phase of the Study
157,outcome_overview_time_frame_weeks,,43,,,23F,OG001,0.47,Antibody Concentrations Against Pneumococcal Serotypes - Booster Phase of the Study
158,outcome_overview_dose_number,3,4,,,23F,OG002,0.57,Antibody Concentrations Against Pneumococcal Serotypes - Booster Phase of the Study
158,outcome_overview_dose_description,pre boost child,1m post boost child,,,23F,OG002,0.57,Antibody Concentrations Against Pneumococcal Serotypes - Booster Phase of the Study
158,outcome_overview_time_frame_weeks,,43,,,23F,OG002,0.57,Antibody Concentrations Against Pneumococcal Serotypes - Booster Phase of the Study
159,outcome_overview_dose_number,3,4,,,23F,OG003,0.37,Antibody Concentrations Against Pneumococcal Serotypes - Booster Phase of the Study
159,outcome_overview_dose_description,pre boost child,1m post boost child,,,23F,OG003,0.37,Antibody Concentrations Against Pneumococcal Serotypes - Booster Phase of the Study
159,outcome_overview_time_frame_weeks,,43,,,23F,OG003,0.37,Antibody Concentrations Against Pneumococcal Serotypes - Booster Phase of the Study
160,outcome_overview_dose_number,3,4,,,23F,OG000,3.20,Antibody Concentrations Against Pneumococcal Serotypes - Booster Phase of the Study
160,outcome_overview_dose_description,pre boost child,1m post boost child,,,23F,OG000,3.20,Antibody Concentrations Against Pneumococcal Serotypes - Booster Phase of the Study
160,outcome_overview_time_frame_weeks,,43,,,23F,OG000,3.20,Antibody Concentrations Against Pneumococcal Serotypes - Booster Phase of the Study
161,outcome_overview_dose_number,3,4,,,23F,OG001,3.20,Antibody Concentrations Against Pneumococcal Serotypes - Booster Phase of the Study
161,outcome_overview_dose_description,pre boost child,1m post boost child,,,23F,OG001,3.20,Antibody Concentrations Against Pneumococcal Serotypes - Booster Phase of the Study
161,outcome_overview_time_frame_weeks,,43,,,23F,OG001,3.20,Antibody Concentrations Against Pneumococcal Serotypes - Booster Phase of the Study
162,outcome_overview_dose_number,3,4,,,23F,OG002,3.72,Antibody Concentrations Against Pneumococcal Serotypes - Booster Phase of the Study
162,outcome_overview_dose_description,pre boost child,1m post boost child,,,23F,OG002,3.72,Antibody Concentrations Against Pneumococcal Serotypes - Booster Phase of the Study
162,outcome_overview_time_frame_weeks,,43,,,23F,OG002,3.72,Antibody Concentrations Against Pneumococcal Serotypes - Booster Phase of the Study
163,outcome_overview_dose_number,3,4,,,23F,OG003,7.10,Antibody Concentrations Against Pneumococcal Serotypes - Booster Phase of the Study
163,outcome_overview_dose_description,pre boost child,1m post boost child,,,23F,OG003,7.10,Antibody Concentrations Against Pneumococcal Serotypes - Booster Phase of the Study
163,outcome_overview_time_frame_weeks,,43,,,23F,OG003,7.10,Antibody Concentrations Against Pneumococcal Serotypes - Booster Phase of the Study
164,outcome_overview_dose_number,3,4,,,3,OG000,0.05,Antibody Concentrations Against Pneumococcal Serotypes - Booster Phase of the Study
164,outcome_overview_dose_description,pre boost child,1m post boost child,,,3,OG000,0.05,Antibody Concentrations Against Pneumococcal Serotypes - Booster Phase of the Study
164,outcome_overview_time_frame_weeks,,43,,,3,OG000,0.05,Antibody Concentrations Against Pneumococcal Serotypes - Booster Phase of the Study
165,outcome_overview_dose_number,3,4,,,3,OG001,0.05,Antibody Concentrations Against Pneumococcal Serotypes - Booster Phase of the Study
165,outcome_overview_dose_description,pre boost child,1m post boost child,,,3,OG001,0.05,Antibody Concentrations Against Pneumococcal Serotypes - Booster Phase of the Study
165,outcome_overview_time_frame_weeks,,43,,,3,OG001,0.05,Antibody Concentrations Against Pneumococcal Serotypes - Booster Phase of the Study
166,outcome_overview_dose_number,3,4,,,3,OG002,0.05,Antibody Concentrations Against Pneumococcal Serotypes - Booster Phase of the Study
166,outcome_overview_dose_description,pre boost child,1m post boost child,,,3,OG002,0.05,Antibody Concentrations Against Pneumococcal Serotypes - Booster Phase of the Study
166,outcome_overview_time_frame_weeks,,43,,,3,OG002,0.05,Antibody Concentrations Against Pneumococcal Serotypes - Booster Phase of the Study
167,outcome_overview_dose_number,3,4,,,3,OG003,0.32,Antibody Concentrations Against Pneumococcal Serotypes - Booster Phase of the Study
167,outcome_overview_dose_description,pre boost child,1m post boost child,,,3,OG003,0.32,Antibody Concentrations Against Pneumococcal Serotypes - Booster Phase of the Study
167,outcome_overview_time_frame_weeks,,43,,,3,OG003,0.32,Antibody Concentrations Against Pneumococcal Serotypes - Booster Phase of the Study
168,outcome_overview_dose_number,3,4,,,3,OG000,0.06,Antibody Concentrations Against Pneumococcal Serotypes - Booster Phase of the Study
168,outcome_overview_dose_description,pre boost child,1m post boost child,,,3,OG000,0.06,Antibody Concentrations Against Pneumococcal Serotypes - Booster Phase of the Study
168,outcome_overview_time_frame_weeks,,43,,,3,OG000,0.06,Antibody Concentrations Against Pneumococcal Serotypes - Booster Phase of the Study
169,outcome_overview_dose_number,3,4,,,3,OG001,0.05,Antibody Concentrations Against Pneumococcal Serotypes - Booster Phase of the Study
169,outcome_overview_dose_description,pre boost child,1m post boost child,,,3,OG001,0.05,Antibody Concentrations Against Pneumococcal Serotypes - Booster Phase of the Study
169,outcome_overview_time_frame_weeks,,43,,,3,OG001,0.05,Antibody Concentrations Against Pneumococcal Serotypes - Booster Phase of the Study
170,outcome_overview_dose_number,3,4,,,3,OG002,0.06,Antibody Concentrations Against Pneumococcal Serotypes - Booster Phase of the Study
170,outcome_overview_dose_description,pre boost child,1m post boost child,,,3,OG002,0.06,Antibody Concentrations Against Pneumococcal Serotypes - Booster Phase of the Study
170,outcome_overview_time_frame_weeks,,43,,,3,OG002,0.06,Antibody Concentrations Against Pneumococcal Serotypes - Booster Phase of the Study
171,outcome_overview_dose_number,3,4,,,3,OG003,1.83,Antibody Concentrations Against Pneumococcal Serotypes - Booster Phase of the Study
171,outcome_overview_dose_description,pre boost child,1m post boost child,,,3,OG003,1.83,Antibody Concentrations Against Pneumococcal Serotypes - Booster Phase of the Study
171,outcome_overview_time_frame_weeks,,43,,,3,OG003,1.83,Antibody Concentrations Against Pneumococcal Serotypes - Booster Phase of the Study
172,outcome_overview_dose_number,3,4,,,6A,OG000,0.19,Antibody Concentrations Against Pneumococcal Serotypes - Booster Phase of the Study
172,outcome_overview_dose_description,pre boost child,1m post boost child,,,6A,OG000,0.19,Antibody Concentrations Against Pneumococcal Serotypes - Booster Phase of the Study
172,outcome_overview_time_frame_weeks,,43,,,6A,OG000,0.19,Antibody Concentrations Against Pneumococcal Serotypes - Booster Phase of the Study
173,outcome_overview_dose_number,3,4,,,6A,OG001,0.18,Antibody Concentrations Against Pneumococcal Serotypes - Booster Phase of the Study
173,outcome_overview_dose_description,pre boost child,1m post boost child,,,6A,OG001,0.18,Antibody Concentrations Against Pneumococcal Serotypes - Booster Phase of the Study
173,outcome_overview_time_frame_weeks,,43,,,6A,OG001,0.18,Antibody Concentrations Against Pneumococcal Serotypes - Booster Phase of the Study
174,outcome_overview_dose_number,3,4,,,6A,OG002,0.20,Antibody Concentrations Against Pneumococcal Serotypes - Booster Phase of the Study
174,outcome_overview_dose_description,pre boost child,1m post boost child,,,6A,OG002,0.20,Antibody Concentrations Against Pneumococcal Serotypes - Booster Phase of the Study
174,outcome_overview_time_frame_weeks,,43,,,6A,OG002,0.20,Antibody Concentrations Against Pneumococcal Serotypes - Booster Phase of the Study
175,outcome_overview_dose_number,3,4,,,6A,OG003,0.70,Antibody Concentrations Against Pneumococcal Serotypes - Booster Phase of the Study
175,outcome_overview_dose_description,pre boost child,1m post boost child,,,6A,OG003,0.70,Antibody Concentrations Against Pneumococcal Serotypes - Booster Phase of the Study
175,outcome_overview_time_frame_weeks,,43,,,6A,OG003,0.70,Antibody Concentrations Against Pneumococcal Serotypes - Booster Phase of the Study
176,outcome_overview_dose_number,3,4,,,6A,OG000,0.89,Antibody Concentrations Against Pneumococcal Serotypes - Booster Phase of the Study
176,outcome_overview_dose_description,pre boost child,1m post boost child,,,6A,OG000,0.89,Antibody Concentrations Against Pneumococcal Serotypes - Booster Phase of the Study
176,outcome_overview_time_frame_weeks,,43,,,6A,OG000,0.89,Antibody Concentrations Against Pneumococcal Serotypes - Booster Phase of the Study
177,outcome_overview_dose_number,3,4,,,6A,OG001,0.74,Antibody Concentrations Against Pneumococcal Serotypes - Booster Phase of the Study
177,outcome_overview_dose_description,pre boost child,1m post boost child,,,6A,OG001,0.74,Antibody Concentrations Against Pneumococcal Serotypes - Booster Phase of the Study
177,outcome_overview_time_frame_weeks,,43,,,6A,OG001,0.74,Antibody Concentrations Against Pneumococcal Serotypes - Booster Phase of the Study
178,outcome_overview_dose_number,3,4,,,6A,OG002,0.99,Antibody Concentrations Against Pneumococcal Serotypes - Booster Phase of the Study
178,outcome_overview_dose_description,pre boost child,1m post boost child,,,6A,OG002,0.99,Antibody Concentrations Against Pneumococcal Serotypes - Booster Phase of the Study
178,outcome_overview_time_frame_weeks,,43,,,6A,OG002,0.99,Antibody Concentrations Against Pneumococcal Serotypes - Booster Phase of the Study
179,outcome_overview_dose_number,3,4,,,6A,OG003,7.77,Antibody Concentrations Against Pneumococcal Serotypes - Booster Phase of the Study
179,outcome_overview_dose_description,pre boost child,1m post boost child,,,6A,OG003,7.77,Antibody Concentrations Against Pneumococcal Serotypes - Booster Phase of the Study
179,outcome_overview_time_frame_weeks,,43,,,6A,OG003,7.77,Antibody Concentrations Against Pneumococcal Serotypes - Booster Phase of the Study
180,outcome_overview_dose_number,3,4,,,19A,OG000,0.18,Antibody Concentrations Against Pneumococcal Serotypes - Booster Phase of the Study
180,outcome_overview_dose_description,pre boost child,1m post boost child,,,19A,OG000,0.18,Antibody Concentrations Against Pneumococcal Serotypes - Booster Phase of the Study
180,outcome_overview_time_frame_weeks,,43,,,19A,OG000,0.18,Antibody Concentrations Against Pneumococcal Serotypes - Booster Phase of the Study
181,outcome_overview_dose_number,3,4,,,19A,OG001,0.15,Antibody Concentrations Against Pneumococcal Serotypes - Booster Phase of the Study
181,outcome_overview_dose_description,pre boost child,1m post boost child,,,19A,OG001,0.15,Antibody Concentrations Against Pneumococcal Serotypes - Booster Phase of the Study
181,outcome_overview_time_frame_weeks,,43,,,19A,OG001,0.15,Antibody Concentrations Against Pneumococcal Serotypes - Booster Phase of the Study
182,outcome_overview_dose_number,3,4,,,19A,OG002,0.18,Antibody Concentrations Against Pneumococcal Serotypes - Booster Phase of the Study
182,outcome_overview_dose_description,pre boost child,1m post boost child,,,19A,OG002,0.18,Antibody Concentrations Against Pneumococcal Serotypes - Booster Phase of the Study
182,outcome_overview_time_frame_weeks,,43,,,19A,OG002,0.18,Antibody Concentrations Against Pneumococcal Serotypes - Booster Phase of the Study
183,outcome_overview_dose_number,3,4,,,19A,OG003,0.57,Antibody Concentrations Against Pneumococcal Serotypes - Booster Phase of the Study
183,outcome_overview_dose_description,pre boost child,1m post boost child,,,19A,OG003,0.57,Antibody Concentrations Against Pneumococcal Serotypes - Booster Phase of the Study
183,outcome_overview_time_frame_weeks,,43,,,19A,OG003,0.57,Antibody Concentrations Against Pneumococcal Serotypes - Booster Phase of the Study
184,outcome_overview_dose_number,3,4,,,19A,OG000,1.12,Antibody Concentrations Against Pneumococcal Serotypes - Booster Phase of the Study
184,outcome_overview_dose_description,pre boost child,1m post boost child,,,19A,OG000,1.12,Antibody Concentrations Against Pneumococcal Serotypes - Booster Phase of the Study
184,outcome_overview_time_frame_weeks,,43,,,19A,OG000,1.12,Antibody Concentrations Against Pneumococcal Serotypes - Booster Phase of the Study
185,outcome_overview_dose_number,3,4,,,19A,OG001,1.03,Antibody Concentrations Against Pneumococcal Serotypes - Booster Phase of the Study
185,outcome_overview_dose_description,pre boost child,1m post boost child,,,19A,OG001,1.03,Antibody Concentrations Against Pneumococcal Serotypes - Booster Phase of the Study
185,outcome_overview_time_frame_weeks,,43,,,19A,OG001,1.03,Antibody Concentrations Against Pneumococcal Serotypes - Booster Phase of the Study
186,outcome_overview_dose_number,3,4,,,19A,OG002,1.23,Antibody Concentrations Against Pneumococcal Serotypes - Booster Phase of the Study
186,outcome_overview_dose_description,pre boost child,1m post boost child,,,19A,OG002,1.23,Antibody Concentrations Against Pneumococcal Serotypes - Booster Phase of the Study
186,outcome_overview_time_frame_weeks,,43,,,19A,OG002,1.23,Antibody Concentrations Against Pneumococcal Serotypes - Booster Phase of the Study
187,outcome_overview_dose_number,3,4,,,19A,OG003,7.77,Antibody Concentrations Against Pneumococcal Serotypes - Booster Phase of the Study
187,outcome_overview_dose_description,pre boost child,1m post boost child,,,19A,OG003,7.77,Antibody Concentrations Against Pneumococcal Serotypes - Booster Phase of the Study
187,outcome_overview_time_frame_weeks,,43,,,19A,OG003,7.77,Antibody Concentrations Against Pneumococcal Serotypes - Booster Phase of the Study
240,outcome_overview_dose_number,3,4,,,1,OG000,12.4,Titers for Opsonophagocytic Activity Against Pneumococcal Serotypes - Booster Phase of the Study
240,outcome_overview_dose_description,pre boost child,1m post boost child,,,1,OG000,12.4,Titers for Opsonophagocytic Activity Against Pneumococcal Serotypes - Booster Phase of the Study
240,outcome_overview_time_frame_weeks,,43,,,1,OG000,12.4,Titers for Opsonophagocytic Activity Against Pneumococcal Serotypes - Booster Phase of the Study
241,outcome_overview_dose_number,3,4,,,1,OG001,13.2,Titers for Opsonophagocytic Activity Against Pneumococcal Serotypes - Booster Phase of the Study
241,outcome_overview_dose_description,pre boost child,1m post boost child,,,1,OG001,13.2,Titers for Opsonophagocytic Activity Against Pneumococcal Serotypes - Booster Phase of the Study
241,outcome_overview_time_frame_weeks,,43,,,1,OG001,13.2,Titers for Opsonophagocytic Activity Against Pneumococcal Serotypes - Booster Phase of the Study
242,outcome_overview_dose_number,3,4,,,1,OG002,18.7,Titers for Opsonophagocytic Activity Against Pneumococcal Serotypes - Booster Phase of the Study
242,outcome_overview_dose_description,pre boost child,1m post boost child,,,1,OG002,18.7,Titers for Opsonophagocytic Activity Against Pneumococcal Serotypes - Booster Phase of the Study
242,outcome_overview_time_frame_weeks,,43,,,1,OG002,18.7,Titers for Opsonophagocytic Activity Against Pneumococcal Serotypes - Booster Phase of the Study
243,outcome_overview_dose_number,3,4,,,1,OG003,10.3,Titers for Opsonophagocytic Activity Against Pneumococcal Serotypes - Booster Phase of the Study
243,outcome_overview_dose_description,pre boost child,1m post boost child,,,1,OG003,10.3,Titers for Opsonophagocytic Activity Against Pneumococcal Serotypes - Booster Phase of the Study
243,outcome_overview_time_frame_weeks,,43,,,1,OG003,10.3,Titers for Opsonophagocytic Activity Against Pneumococcal Serotypes - Booster Phase of the Study
244,outcome_overview_dose_number,3,4,,,1,OG000,373.5,Titers for Opsonophagocytic Activity Against Pneumococcal Serotypes - Booster Phase of the Study
244,outcome_overview_dose_description,pre boost child,1m post boost child,,,1,OG000,373.5,Titers for Opsonophagocytic Activity Against Pneumococcal Serotypes - Booster Phase of the Study
244,outcome_overview_time_frame_weeks,,43,,,1,OG000,373.5,Titers for Opsonophagocytic Activity Against Pneumococcal Serotypes - Booster Phase of the Study
245,outcome_overview_dose_number,3,4,,,1,OG001,369.2,Titers for Opsonophagocytic Activity Against Pneumococcal Serotypes - Booster Phase of the Study
245,outcome_overview_dose_description,pre boost child,1m post boost child,,,1,OG001,369.2,Titers for Opsonophagocytic Activity Against Pneumococcal Serotypes - Booster Phase of the Study
245,outcome_overview_time_frame_weeks,,43,,,1,OG001,369.2,Titers for Opsonophagocytic Activity Against Pneumococcal Serotypes - Booster Phase of the Study
246,outcome_overview_dose_number,3,4,,,1,OG002,300.0,Titers for Opsonophagocytic Activity Against Pneumococcal Serotypes - Booster Phase of the Study
246,outcome_overview_dose_description,pre boost child,1m post boost child,,,1,OG002,300.0,Titers for Opsonophagocytic Activity Against Pneumococcal Serotypes - Booster Phase of the Study
246,outcome_overview_time_frame_weeks,,43,,,1,OG002,300.0,Titers for Opsonophagocytic Activity Against Pneumococcal Serotypes - Booster Phase of the Study
247,outcome_overview_dose_number,3,4,,,1,OG003,369.3,Titers for Opsonophagocytic Activity Against Pneumococcal Serotypes - Booster Phase of the Study
247,outcome_overview_dose_description,pre boost child,1m post boost child,,,1,OG003,369.3,Titers for Opsonophagocytic Activity Against Pneumococcal Serotypes - Booster Phase of the Study
247,outcome_overview_time_frame_weeks,,43,,,1,OG003,369.3,Titers for Opsonophagocytic Activity Against Pneumococcal Serotypes - Booster Phase of the Study
248,outcome_overview_dose_number,3,4,,,4,OG000,36.2,Titers for Opsonophagocytic Activity Against Pneumococcal Serotypes - Booster Phase of the Study
248,outcome_overview_dose_description,pre boost child,1m post boost child,,,4,OG000,36.2,Titers for Opsonophagocytic Activity Against Pneumococcal Serotypes - Booster Phase of the Study
248,outcome_overview_time_frame_weeks,,43,,,4,OG000,36.2,Titers for Opsonophagocytic Activity Against Pneumococcal Serotypes - Booster Phase of the Study
249,outcome_overview_dose_number,3,4,,,4,OG001,48.3,Titers for Opsonophagocytic Activity Against Pneumococcal Serotypes - Booster Phase of the Study
249,outcome_overview_dose_description,pre boost child,1m post boost child,,,4,OG001,48.3,Titers for Opsonophagocytic Activity Against Pneumococcal Serotypes - Booster Phase of the Study
249,outcome_overview_time_frame_weeks,,43,,,4,OG001,48.3,Titers for Opsonophagocytic Activity Against Pneumococcal Serotypes - Booster Phase of the Study
250,outcome_overview_dose_number,3,4,,,4,OG002,122.3,Titers for Opsonophagocytic Activity Against Pneumococcal Serotypes - Booster Phase of the Study
250,outcome_overview_dose_description,pre boost child,1m post boost child,,,4,OG002,122.3,Titers for Opsonophagocytic Activity Against Pneumococcal Serotypes - Booster Phase of the Study
250,outcome_overview_time_frame_weeks,,43,,,4,OG002,122.3,Titers for Opsonophagocytic Activity Against Pneumococcal Serotypes - Booster Phase of the Study
251,outcome_overview_dose_number,3,4,,,4,OG003,18.5,Titers for Opsonophagocytic Activity Against Pneumococcal Serotypes - Booster Phase of the Study
251,outcome_overview_dose_description,pre boost child,1m post boost child,,,4,OG003,18.5,Titers for Opsonophagocytic Activity Against Pneumococcal Serotypes - Booster Phase of the Study
251,outcome_overview_time_frame_weeks,,43,,,4,OG003,18.5,Titers for Opsonophagocytic Activity Against Pneumococcal Serotypes - Booster Phase of the Study
252,outcome_overview_dose_number,3,4,,,4,OG000,1370.7,Titers for Opsonophagocytic Activity Against Pneumococcal Serotypes - Booster Phase of the Study
252,outcome_overview_dose_description,pre boost child,1m post boost child,,,4,OG000,1370.7,Titers for Opsonophagocytic Activity Against Pneumococcal Serotypes - Booster Phase of the Study
252,outcome_overview_time_frame_weeks,,43,,,4,OG000,1370.7,Titers for Opsonophagocytic Activity Against Pneumococcal Serotypes - Booster Phase of the Study
253,outcome_overview_dose_number,3,4,,,4,OG001,1634.8,Titers for Opsonophagocytic Activity Against Pneumococcal Serotypes - Booster Phase of the Study
253,outcome_overview_dose_description,pre boost child,1m post boost child,,,4,OG001,1634.8,Titers for Opsonophagocytic Activity Against Pneumococcal Serotypes - Booster Phase of the Study
253,outcome_overview_time_frame_weeks,,43,,,4,OG001,1634.8,Titers for Opsonophagocytic Activity Against Pneumococcal Serotypes - Booster Phase of the Study
254,outcome_overview_dose_number,3,4,,,4,OG002,2043.3,Titers for Opsonophagocytic Activity Against Pneumococcal Serotypes - Booster Phase of the Study
254,outcome_overview_dose_description,pre boost child,1m post boost child,,,4,OG002,2043.3,Titers for Opsonophagocytic Activity Against Pneumococcal Serotypes - Booster Phase of the Study
254,outcome_overview_time_frame_weeks,,43,,,4,OG002,2043.3,Titers for Opsonophagocytic Activity Against Pneumococcal Serotypes - Booster Phase of the Study
255,outcome_overview_dose_number,3,4,,,4,OG003,2882.6,Titers for Opsonophagocytic Activity Against Pneumococcal Serotypes - Booster Phase of the Study
255,outcome_overview_dose_description,pre boost child,1m post boost child,,,4,OG003,2882.6,Titers for Opsonophagocytic Activity Against Pneumococcal Serotypes - Booster Phase of the Study
255,outcome_overview_time_frame_weeks,,43,,,4,OG003,2882.6,Titers for Opsonophagocytic Activity Against Pneumococcal Serotypes - Booster Phase of the Study
256,outcome_overview_dose_number,3,4,,,5,OG000,9.3,Titers for Opsonophagocytic Activity Against Pneumococcal Serotypes - Booster Phase of the Study
256,outcome_overview_dose_description,pre boost child,1m post boost child,,,5,OG000,9.3,Titers for Opsonophagocytic Activity Against Pneumococcal Serotypes - Booster Phase of the Study
256,outcome_overview_time_frame_weeks,,43,,,5,OG000,9.3,Titers for Opsonophagocytic Activity Against Pneumococcal Serotypes - Booster Phase of the Study
257,outcome_overview_dose_number,3,4,,,5,OG001,10.5,Titers for Opsonophagocytic Activity Against Pneumococcal Serotypes - Booster Phase of the Study
257,outcome_overview_dose_description,pre boost child,1m post boost child,,,5,OG001,10.5,Titers for Opsonophagocytic Activity Against Pneumococcal Serotypes - Booster Phase of the Study
257,outcome_overview_time_frame_weeks,,43,,,5,OG001,10.5,Titers for Opsonophagocytic Activity Against Pneumococcal Serotypes - Booster Phase of the Study
258,outcome_overview_dose_number,3,4,,,5,OG002,9.5,Titers for Opsonophagocytic Activity Against Pneumococcal Serotypes - Booster Phase of the Study
258,outcome_overview_dose_description,pre boost child,1m post boost child,,,5,OG002,9.5,Titers for Opsonophagocytic Activity Against Pneumococcal Serotypes - Booster Phase of the Study
258,outcome_overview_time_frame_weeks,,43,,,5,OG002,9.5,Titers for Opsonophagocytic Activity Against Pneumococcal Serotypes - Booster Phase of the Study
259,outcome_overview_dose_number,3,4,,,5,OG003,8.7,Titers for Opsonophagocytic Activity Against Pneumococcal Serotypes - Booster Phase of the Study
259,outcome_overview_dose_description,pre boost child,1m post boost child,,,5,OG003,8.7,Titers for Opsonophagocytic Activity Against Pneumococcal Serotypes - Booster Phase of the Study
259,outcome_overview_time_frame_weeks,,43,,,5,OG003,8.7,Titers for Opsonophagocytic Activity Against Pneumococcal Serotypes - Booster Phase of the Study
260,outcome_overview_dose_number,3,4,,,5,OG000,154.5,Titers for Opsonophagocytic Activity Against Pneumococcal Serotypes - Booster Phase of the Study
260,outcome_overview_dose_description,pre boost child,1m post boost child,,,5,OG000,154.5,Titers for Opsonophagocytic Activity Against Pneumococcal Serotypes - Booster Phase of the Study
260,outcome_overview_time_frame_weeks,,43,,,5,OG000,154.5,Titers for Opsonophagocytic Activity Against Pneumococcal Serotypes - Booster Phase of the Study
261,outcome_overview_dose_number,3,4,,,5,OG001,166.8,Titers for Opsonophagocytic Activity Against Pneumococcal Serotypes - Booster Phase of the Study
261,outcome_overview_dose_description,pre boost child,1m post boost child,,,5,OG001,166.8,Titers for Opsonophagocytic Activity Against Pneumococcal Serotypes - Booster Phase of the Study
261,outcome_overview_time_frame_weeks,,43,,,5,OG001,166.8,Titers for Opsonophagocytic Activity Against Pneumococcal Serotypes - Booster Phase of the Study
262,outcome_overview_dose_number,3,4,,,5,OG002,139.3,Titers for Opsonophagocytic Activity Against Pneumococcal Serotypes - Booster Phase of the Study
262,outcome_overview_dose_description,pre boost child,1m post boost child,,,5,OG002,139.3,Titers for Opsonophagocytic Activity Against Pneumococcal Serotypes - Booster Phase of the Study
262,outcome_overview_time_frame_weeks,,43,,,5,OG002,139.3,Titers for Opsonophagocytic Activity Against Pneumococcal Serotypes - Booster Phase of the Study
263,outcome_overview_dose_number,3,4,,,5,OG003,327.4,Titers for Opsonophagocytic Activity Against Pneumococcal Serotypes - Booster Phase of the Study
263,outcome_overview_dose_description,pre boost child,1m post boost child,,,5,OG003,327.4,Titers for Opsonophagocytic Activity Against Pneumococcal Serotypes - Booster Phase of the Study
263,outcome_overview_time_frame_weeks,,43,,,5,OG003,327.4,Titers for Opsonophagocytic Activity Against Pneumococcal Serotypes - Booster Phase of the Study
264,outcome_overview_dose_number,3,4,,,6B,OG000,103.2,Titers for Opsonophagocytic Activity Against Pneumococcal Serotypes - Booster Phase of the Study
264,outcome_overview_dose_description,pre boost child,1m post boost child,,,6B,OG000,103.2,Titers for Opsonophagocytic Activity Against Pneumococcal Serotypes - Booster Phase of the Study
264,outcome_overview_time_frame_weeks,,43,,,6B,OG000,103.2,Titers for Opsonophagocytic Activity Against Pneumococcal Serotypes - Booster Phase of the Study
265,outcome_overview_dose_number,3,4,,,6B,OG001,174.5,Titers for Opsonophagocytic Activity Against Pneumococcal Serotypes - Booster Phase of the Study
265,outcome_overview_dose_description,pre boost child,1m post boost child,,,6B,OG001,174.5,Titers for Opsonophagocytic Activity Against Pneumococcal Serotypes - Booster Phase of the Study
265,outcome_overview_time_frame_weeks,,43,,,6B,OG001,174.5,Titers for Opsonophagocytic Activity Against Pneumococcal Serotypes - Booster Phase of the Study
266,outcome_overview_dose_number,3,4,,,6B,OG002,136.9,Titers for Opsonophagocytic Activity Against Pneumococcal Serotypes - Booster Phase of the Study
266,outcome_overview_dose_description,pre boost child,1m post boost child,,,6B,OG002,136.9,Titers for Opsonophagocytic Activity Against Pneumococcal Serotypes - Booster Phase of the Study
266,outcome_overview_time_frame_weeks,,43,,,6B,OG002,136.9,Titers for Opsonophagocytic Activity Against Pneumococcal Serotypes - Booster Phase of the Study
267,outcome_overview_dose_number,3,4,,,6B,OG003,113.8,Titers for Opsonophagocytic Activity Against Pneumococcal Serotypes - Booster Phase of the Study
267,outcome_overview_dose_description,pre boost child,1m post boost child,,,6B,OG003,113.8,Titers for Opsonophagocytic Activity Against Pneumococcal Serotypes - Booster Phase of the Study
267,outcome_overview_time_frame_weeks,,43,,,6B,OG003,113.8,Titers for Opsonophagocytic Activity Against Pneumococcal Serotypes - Booster Phase of the Study
268,outcome_overview_dose_number,3,4,,,6B,OG000,802.1,Titers for Opsonophagocytic Activity Against Pneumococcal Serotypes - Booster Phase of the Study
268,outcome_overview_dose_description,pre boost child,1m post boost child,,,6B,OG000,802.1,Titers for Opsonophagocytic Activity Against Pneumococcal Serotypes - Booster Phase of the Study
268,outcome_overview_time_frame_weeks,,43,,,6B,OG000,802.1,Titers for Opsonophagocytic Activity Against Pneumococcal Serotypes - Booster Phase of the Study
269,outcome_overview_dose_number,3,4,,,6B,OG001,700.3,Titers for Opsonophagocytic Activity Against Pneumococcal Serotypes - Booster Phase of the Study
269,outcome_overview_dose_description,pre boost child,1m post boost child,,,6B,OG001,700.3,Titers for Opsonophagocytic Activity Against Pneumococcal Serotypes - Booster Phase of the Study
269,outcome_overview_time_frame_weeks,,43,,,6B,OG001,700.3,Titers for Opsonophagocytic Activity Against Pneumococcal Serotypes - Booster Phase of the Study
270,outcome_overview_dose_number,3,4,,,6B,OG002,1013.8,Titers for Opsonophagocytic Activity Against Pneumococcal Serotypes - Booster Phase of the Study
270,outcome_overview_dose_description,pre boost child,1m post boost child,,,6B,OG002,1013.8,Titers for Opsonophagocytic Activity Against Pneumococcal Serotypes - Booster Phase of the Study
270,outcome_overview_time_frame_weeks,,43,,,6B,OG002,1013.8,Titers for Opsonophagocytic Activity Against Pneumococcal Serotypes - Booster Phase of the Study
271,outcome_overview_dose_number,3,4,,,6B,OG003,2731.1,Titers for Opsonophagocytic Activity Against Pneumococcal Serotypes - Booster Phase of the Study
271,outcome_overview_dose_description,pre boost child,1m post boost child,,,6B,OG003,2731.1,Titers for Opsonophagocytic Activity Against Pneumococcal Serotypes - Booster Phase of the Study
271,outcome_overview_time_frame_weeks,,43,,,6B,OG003,2731.1,Titers for Opsonophagocytic Activity Against Pneumococcal Serotypes - Booster Phase of the Study
272,outcome_overview_dose_number,3,4,,,7F,OG000,795.5,Titers for Opsonophagocytic Activity Against Pneumococcal Serotypes - Booster Phase of the Study
272,outcome_overview_dose_description,pre boost child,1m post boost child,,,7F,OG000,795.5,Titers for Opsonophagocytic Activity Against Pneumococcal Serotypes - Booster Phase of the Study
272,outcome_overview_time_frame_weeks,,43,,,7F,OG000,795.5,Titers for Opsonophagocytic Activity Against Pneumococcal Serotypes - Booster Phase of the Study
273,outcome_overview_dose_number,3,4,,,7F,OG001,886.4,Titers for Opsonophagocytic Activity Against Pneumococcal Serotypes - Booster Phase of the Study
273,outcome_overview_dose_description,pre boost child,1m post boost child,,,7F,OG001,886.4,Titers for Opsonophagocytic Activity Against Pneumococcal Serotypes - Booster Phase of the Study
273,outcome_overview_time_frame_weeks,,43,,,7F,OG001,886.4,Titers for Opsonophagocytic Activity Against Pneumococcal Serotypes - Booster Phase of the Study
274,outcome_overview_dose_number,3,4,,,7F,OG002,1322.5,Titers for Opsonophagocytic Activity Against Pneumococcal Serotypes - Booster Phase of the Study
274,outcome_overview_dose_description,pre boost child,1m post boost child,,,7F,OG002,1322.5,Titers for Opsonophagocytic Activity Against Pneumococcal Serotypes - Booster Phase of the Study
274,outcome_overview_time_frame_weeks,,43,,,7F,OG002,1322.5,Titers for Opsonophagocytic Activity Against Pneumococcal Serotypes - Booster Phase of the Study
275,outcome_overview_dose_number,3,4,,,7F,OG003,1895.8,Titers for Opsonophagocytic Activity Against Pneumococcal Serotypes - Booster Phase of the Study
275,outcome_overview_dose_description,pre boost child,1m post boost child,,,7F,OG003,1895.8,Titers for Opsonophagocytic Activity Against Pneumococcal Serotypes - Booster Phase of the Study
275,outcome_overview_time_frame_weeks,,43,,,7F,OG003,1895.8,Titers for Opsonophagocytic Activity Against Pneumococcal Serotypes - Booster Phase of the Study
276,outcome_overview_dose_number,3,4,,,7F,OG000,5819.9,Titers for Opsonophagocytic Activity Against Pneumococcal Serotypes - Booster Phase of the Study
276,outcome_overview_dose_description,pre boost child,1m post boost child,,,7F,OG000,5819.9,Titers for Opsonophagocytic Activity Against Pneumococcal Serotypes - Booster Phase of the Study
276,outcome_overview_time_frame_weeks,,43,,,7F,OG000,5819.9,Titers for Opsonophagocytic Activity Against Pneumococcal Serotypes - Booster Phase of the Study
277,outcome_overview_dose_number,3,4,,,7F,OG001,5733.8,Titers for Opsonophagocytic Activity Against Pneumococcal Serotypes - Booster Phase of the Study
277,outcome_overview_dose_description,pre boost child,1m post boost child,,,7F,OG001,5733.8,Titers for Opsonophagocytic Activity Against Pneumococcal Serotypes - Booster Phase of the Study
277,outcome_overview_time_frame_weeks,,43,,,7F,OG001,5733.8,Titers for Opsonophagocytic Activity Against Pneumococcal Serotypes - Booster Phase of the Study
278,outcome_overview_dose_number,3,4,,,7F,OG002,8336.9,Titers for Opsonophagocytic Activity Against Pneumococcal Serotypes - Booster Phase of the Study
278,outcome_overview_dose_description,pre boost child,1m post boost child,,,7F,OG002,8336.9,Titers for Opsonophagocytic Activity Against Pneumococcal Serotypes - Booster Phase of the Study
278,outcome_overview_time_frame_weeks,,43,,,7F,OG002,8336.9,Titers for Opsonophagocytic Activity Against Pneumococcal Serotypes - Booster Phase of the Study
279,outcome_overview_dose_number,3,4,,,7F,OG003,18012.3,Titers for Opsonophagocytic Activity Against Pneumococcal Serotypes - Booster Phase of the Study
279,outcome_overview_dose_description,pre boost child,1m post boost child,,,7F,OG003,18012.3,Titers for Opsonophagocytic Activity Against Pneumococcal Serotypes - Booster Phase of the Study
279,outcome_overview_time_frame_weeks,,43,,,7F,OG003,18012.3,Titers for Opsonophagocytic Activity Against Pneumococcal Serotypes - Booster Phase of the Study
280,outcome_overview_dose_number,3,4,,,9V,OG000,281.5,Titers for Opsonophagocytic Activity Against Pneumococcal Serotypes - Booster Phase of the Study
280,outcome_overview_dose_description,pre boost child,1m post boost child,,,9V,OG000,281.5,Titers for Opsonophagocytic Activity Against Pneumococcal Serotypes - Booster Phase of the Study
280,outcome_overview_time_frame_weeks,,43,,,9V,OG000,281.5,Titers for Opsonophagocytic Activity Against Pneumococcal Serotypes - Booster Phase of the Study
281,outcome_overview_dose_number,3,4,,,9V,OG001,340.8,Titers for Opsonophagocytic Activity Against Pneumococcal Serotypes - Booster Phase of the Study
281,outcome_overview_dose_description,pre boost child,1m post boost child,,,9V,OG001,340.8,Titers for Opsonophagocytic Activity Against Pneumococcal Serotypes - Booster Phase of the Study
281,outcome_overview_time_frame_weeks,,43,,,9V,OG001,340.8,Titers for Opsonophagocytic Activity Against Pneumococcal Serotypes - Booster Phase of the Study
282,outcome_overview_dose_number,3,4,,,9V,OG002,433.7,Titers for Opsonophagocytic Activity Against Pneumococcal Serotypes - Booster Phase of the Study
282,outcome_overview_dose_description,pre boost child,1m post boost child,,,9V,OG002,433.7,Titers for Opsonophagocytic Activity Against Pneumococcal Serotypes - Booster Phase of the Study
282,outcome_overview_time_frame_weeks,,43,,,9V,OG002,433.7,Titers for Opsonophagocytic Activity Against Pneumococcal Serotypes - Booster Phase of the Study
283,outcome_overview_dose_number,3,4,,,9V,OG003,510.4,Titers for Opsonophagocytic Activity Against Pneumococcal Serotypes - Booster Phase of the Study
283,outcome_overview_dose_description,pre boost child,1m post boost child,,,9V,OG003,510.4,Titers for Opsonophagocytic Activity Against Pneumococcal Serotypes - Booster Phase of the Study
283,outcome_overview_time_frame_weeks,,43,,,9V,OG003,510.4,Titers for Opsonophagocytic Activity Against Pneumococcal Serotypes - Booster Phase of the Study
284,outcome_overview_dose_number,3,4,,,9V,OG000,2001.6,Titers for Opsonophagocytic Activity Against Pneumococcal Serotypes - Booster Phase of the Study
284,outcome_overview_dose_description,pre boost child,1m post boost child,,,9V,OG000,2001.6,Titers for Opsonophagocytic Activity Against Pneumococcal Serotypes - Booster Phase of the Study
284,outcome_overview_time_frame_weeks,,43,,,9V,OG000,2001.6,Titers for Opsonophagocytic Activity Against Pneumococcal Serotypes - Booster Phase of the Study
285,outcome_overview_dose_number,3,4,,,9V,OG001,2436.5,Titers for Opsonophagocytic Activity Against Pneumococcal Serotypes - Booster Phase of the Study
285,outcome_overview_dose_description,pre boost child,1m post boost child,,,9V,OG001,2436.5,Titers for Opsonophagocytic Activity Against Pneumococcal Serotypes - Booster Phase of the Study
285,outcome_overview_time_frame_weeks,,43,,,9V,OG001,2436.5,Titers for Opsonophagocytic Activity Against Pneumococcal Serotypes - Booster Phase of the Study
286,outcome_overview_dose_number,3,4,,,9V,OG002,3711.7,Titers for Opsonophagocytic Activity Against Pneumococcal Serotypes - Booster Phase of the Study
286,outcome_overview_dose_description,pre boost child,1m post boost child,,,9V,OG002,3711.7,Titers for Opsonophagocytic Activity Against Pneumococcal Serotypes - Booster Phase of the Study
286,outcome_overview_time_frame_weeks,,43,,,9V,OG002,3711.7,Titers for Opsonophagocytic Activity Against Pneumococcal Serotypes - Booster Phase of the Study
287,outcome_overview_dose_number,3,4,,,9V,OG003,6839.2,Titers for Opsonophagocytic Activity Against Pneumococcal Serotypes - Booster Phase of the Study
287,outcome_overview_dose_description,pre boost child,1m post boost child,,,9V,OG003,6839.2,Titers for Opsonophagocytic Activity Against Pneumococcal Serotypes - Booster Phase of the Study
287,outcome_overview_time_frame_weeks,,43,,,9V,OG003,6839.2,Titers for Opsonophagocytic Activity Against Pneumococcal Serotypes - Booster Phase of the Study
288,outcome_overview_dose_number,3,4,,,14,OG000,275.8,Titers for Opsonophagocytic Activity Against Pneumococcal Serotypes - Booster Phase of the Study
288,outcome_overview_dose_description,pre boost child,1m post boost child,,,14,OG000,275.8,Titers for Opsonophagocytic Activity Against Pneumococcal Serotypes - Booster Phase of the Study
288,outcome_overview_time_frame_weeks,,43,,,14,OG000,275.8,Titers for Opsonophagocytic Activity Against Pneumococcal Serotypes - Booster Phase of the Study
289,outcome_overview_dose_number,3,4,,,14,OG001,208.1,Titers for Opsonophagocytic Activity Against Pneumococcal Serotypes - Booster Phase of the Study
289,outcome_overview_dose_description,pre boost child,1m post boost child,,,14,OG001,208.1,Titers for Opsonophagocytic Activity Against Pneumococcal Serotypes - Booster Phase of the Study
289,outcome_overview_time_frame_weeks,,43,,,14,OG001,208.1,Titers for Opsonophagocytic Activity Against Pneumococcal Serotypes - Booster Phase of the Study
290,outcome_overview_dose_number,3,4,,,14,OG002,355.6,Titers for Opsonophagocytic Activity Against Pneumococcal Serotypes - Booster Phase of the Study
290,outcome_overview_dose_description,pre boost child,1m post boost child,,,14,OG002,355.6,Titers for Opsonophagocytic Activity Against Pneumococcal Serotypes - Booster Phase of the Study
290,outcome_overview_time_frame_weeks,,43,,,14,OG002,355.6,Titers for Opsonophagocytic Activity Against Pneumococcal Serotypes - Booster Phase of the Study
291,outcome_overview_dose_number,3,4,,,14,OG003,483.0,Titers for Opsonophagocytic Activity Against Pneumococcal Serotypes - Booster Phase of the Study
291,outcome_overview_dose_description,pre boost child,1m post boost child,,,14,OG003,483.0,Titers for Opsonophagocytic Activity Against Pneumococcal Serotypes - Booster Phase of the Study
291,outcome_overview_time_frame_weeks,,43,,,14,OG003,483.0,Titers for Opsonophagocytic Activity Against Pneumococcal Serotypes - Booster Phase of the Study
292,outcome_overview_dose_number,3,4,,,14,OG000,2216.9,Titers for Opsonophagocytic Activity Against Pneumococcal Serotypes - Booster Phase of the Study
292,outcome_overview_dose_description,pre boost child,1m post boost child,,,14,OG000,2216.9,Titers for Opsonophagocytic Activity Against Pneumococcal Serotypes - Booster Phase of the Study
292,outcome_overview_time_frame_weeks,,43,,,14,OG000,2216.9,Titers for Opsonophagocytic Activity Against Pneumococcal Serotypes - Booster Phase of the Study
293,outcome_overview_dose_number,3,4,,,14,OG001,2297.4,Titers for Opsonophagocytic Activity Against Pneumococcal Serotypes - Booster Phase of the Study
293,outcome_overview_dose_description,pre boost child,1m post boost child,,,14,OG001,2297.4,Titers for Opsonophagocytic Activity Against Pneumococcal Serotypes - Booster Phase of the Study
293,outcome_overview_time_frame_weeks,,43,,,14,OG001,2297.4,Titers for Opsonophagocytic Activity Against Pneumococcal Serotypes - Booster Phase of the Study
294,outcome_overview_dose_number,3,4,,,14,OG002,2488.9,Titers for Opsonophagocytic Activity Against Pneumococcal Serotypes - Booster Phase of the Study
294,outcome_overview_dose_description,pre boost child,1m post boost child,,,14,OG002,2488.9,Titers for Opsonophagocytic Activity Against Pneumococcal Serotypes - Booster Phase of the Study
294,outcome_overview_time_frame_weeks,,43,,,14,OG002,2488.9,Titers for Opsonophagocytic Activity Against Pneumococcal Serotypes - Booster Phase of the Study
295,outcome_overview_dose_number,3,4,,,14,OG003,3545.0,Titers for Opsonophagocytic Activity Against Pneumococcal Serotypes - Booster Phase of the Study
295,outcome_overview_dose_description,pre boost child,1m post boost child,,,14,OG003,3545.0,Titers for Opsonophagocytic Activity Against Pneumococcal Serotypes - Booster Phase of the Study
295,outcome_overview_time_frame_weeks,,43,,,14,OG003,3545.0,Titers for Opsonophagocytic Activity Against Pneumococcal Serotypes - Booster Phase of the Study
296,outcome_overview_dose_number,3,4,,,18C,OG000,5.1,Titers for Opsonophagocytic Activity Against Pneumococcal Serotypes - Booster Phase of the Study
296,outcome_overview_dose_description,pre boost child,1m post boost child,,,18C,OG000,5.1,Titers for Opsonophagocytic Activity Against Pneumococcal Serotypes - Booster Phase of the Study
296,outcome_overview_time_frame_weeks,,43,,,18C,OG000,5.1,Titers for Opsonophagocytic Activity Against Pneumococcal Serotypes - Booster Phase of the Study
297,outcome_overview_dose_number,3,4,,,18C,OG001,6.3,Titers for Opsonophagocytic Activity Against Pneumococcal Serotypes - Booster Phase of the Study
297,outcome_overview_dose_description,pre boost child,1m post boost child,,,18C,OG001,6.3,Titers for Opsonophagocytic Activity Against Pneumococcal Serotypes - Booster Phase of the Study
297,outcome_overview_time_frame_weeks,,43,,,18C,OG001,6.3,Titers for Opsonophagocytic Activity Against Pneumococcal Serotypes - Booster Phase of the Study
298,outcome_overview_dose_number,3,4,,,18C,OG002,6.7,Titers for Opsonophagocytic Activity Against Pneumococcal Serotypes - Booster Phase of the Study
298,outcome_overview_dose_description,pre boost child,1m post boost child,,,18C,OG002,6.7,Titers for Opsonophagocytic Activity Against Pneumococcal Serotypes - Booster Phase of the Study
298,outcome_overview_time_frame_weeks,,43,,,18C,OG002,6.7,Titers for Opsonophagocytic Activity Against Pneumococcal Serotypes - Booster Phase of the Study
299,outcome_overview_dose_number,3,4,,,18C,OG003,4.8,Titers for Opsonophagocytic Activity Against Pneumococcal Serotypes - Booster Phase of the Study
299,outcome_overview_dose_description,pre boost child,1m post boost child,,,18C,OG003,4.8,Titers for Opsonophagocytic Activity Against Pneumococcal Serotypes - Booster Phase of the Study
299,outcome_overview_time_frame_weeks,,43,,,18C,OG003,4.8,Titers for Opsonophagocytic Activity Against Pneumococcal Serotypes - Booster Phase of the Study
300,outcome_overview_dose_number,3,4,,,18C,OG000,374.6,Titers for Opsonophagocytic Activity Against Pneumococcal Serotypes - Booster Phase of the Study
300,outcome_overview_dose_description,pre boost child,1m post boost child,,,18C,OG000,374.6,Titers for Opsonophagocytic Activity Against Pneumococcal Serotypes - Booster Phase of the Study
300,outcome_overview_time_frame_weeks,,43,,,18C,OG000,374.6,Titers for Opsonophagocytic Activity Against Pneumococcal Serotypes - Booster Phase of the Study
301,outcome_overview_dose_number,3,4,,,18C,OG001,303.6,Titers for Opsonophagocytic Activity Against Pneumococcal Serotypes - Booster Phase of the Study
301,outcome_overview_dose_description,pre boost child,1m post boost child,,,18C,OG001,303.6,Titers for Opsonophagocytic Activity Against Pneumococcal Serotypes - Booster Phase of the Study
301,outcome_overview_time_frame_weeks,,43,,,18C,OG001,303.6,Titers for Opsonophagocytic Activity Against Pneumococcal Serotypes - Booster Phase of the Study
302,outcome_overview_dose_number,3,4,,,18C,OG002,511.0,Titers for Opsonophagocytic Activity Against Pneumococcal Serotypes - Booster Phase of the Study
302,outcome_overview_dose_description,pre boost child,1m post boost child,,,18C,OG002,511.0,Titers for Opsonophagocytic Activity Against Pneumococcal Serotypes - Booster Phase of the Study
302,outcome_overview_time_frame_weeks,,43,,,18C,OG002,511.0,Titers for Opsonophagocytic Activity Against Pneumococcal Serotypes - Booster Phase of the Study
303,outcome_overview_dose_number,3,4,,,18C,OG003,464.4,Titers for Opsonophagocytic Activity Against Pneumococcal Serotypes - Booster Phase of the Study
303,outcome_overview_dose_description,pre boost child,1m post boost child,,,18C,OG003,464.4,Titers for Opsonophagocytic Activity Against Pneumococcal Serotypes - Booster Phase of the Study
303,outcome_overview_time_frame_weeks,,43,,,18C,OG003,464.4,Titers for Opsonophagocytic Activity Against Pneumococcal Serotypes - Booster Phase of the Study
304,outcome_overview_dose_number,3,4,,,19F,OG000,18.0,Titers for Opsonophagocytic Activity Against Pneumococcal Serotypes - Booster Phase of the Study
304,outcome_overview_dose_description,pre boost child,1m post boost child,,,19F,OG000,18.0,Titers for Opsonophagocytic Activity Against Pneumococcal Serotypes - Booster Phase of the Study
304,outcome_overview_time_frame_weeks,,43,,,19F,OG000,18.0,Titers for Opsonophagocytic Activity Against Pneumococcal Serotypes - Booster Phase of the Study
305,outcome_overview_dose_number,3,4,,,19F,OG001,31.0,Titers for Opsonophagocytic Activity Against Pneumococcal Serotypes - Booster Phase of the Study
305,outcome_overview_dose_description,pre boost child,1m post boost child,,,19F,OG001,31.0,Titers for Opsonophagocytic Activity Against Pneumococcal Serotypes - Booster Phase of the Study
305,outcome_overview_time_frame_weeks,,43,,,19F,OG001,31.0,Titers for Opsonophagocytic Activity Against Pneumococcal Serotypes - Booster Phase of the Study
306,outcome_overview_dose_number,3,4,,,19F,OG002,30.7,Titers for Opsonophagocytic Activity Against Pneumococcal Serotypes - Booster Phase of the Study
306,outcome_overview_dose_description,pre boost child,1m post boost child,,,19F,OG002,30.7,Titers for Opsonophagocytic Activity Against Pneumococcal Serotypes - Booster Phase of the Study
306,outcome_overview_time_frame_weeks,,43,,,19F,OG002,30.7,Titers for Opsonophagocytic Activity Against Pneumococcal Serotypes - Booster Phase of the Study
307,outcome_overview_dose_number,3,4,,,19F,OG003,7.4,Titers for Opsonophagocytic Activity Against Pneumococcal Serotypes - Booster Phase of the Study
307,outcome_overview_dose_description,pre boost child,1m post boost child,,,19F,OG003,7.4,Titers for Opsonophagocytic Activity Against Pneumococcal Serotypes - Booster Phase of the Study
307,outcome_overview_time_frame_weeks,,43,,,19F,OG003,7.4,Titers for Opsonophagocytic Activity Against Pneumococcal Serotypes - Booster Phase of the Study
308,outcome_overview_dose_number,3,4,,,19F,OG000,650.2,Titers for Opsonophagocytic Activity Against Pneumococcal Serotypes - Booster Phase of the Study
308,outcome_overview_dose_description,pre boost child,1m post boost child,,,19F,OG000,650.2,Titers for Opsonophagocytic Activity Against Pneumococcal Serotypes - Booster Phase of the Study
308,outcome_overview_time_frame_weeks,,43,,,19F,OG000,650.2,Titers for Opsonophagocytic Activity Against Pneumococcal Serotypes - Booster Phase of the Study
309,outcome_overview_dose_number,3,4,,,19F,OG001,778.9,Titers for Opsonophagocytic Activity Against Pneumococcal Serotypes - Booster Phase of the Study
309,outcome_overview_dose_description,pre boost child,1m post boost child,,,19F,OG001,778.9,Titers for Opsonophagocytic Activity Against Pneumococcal Serotypes - Booster Phase of the Study
309,outcome_overview_time_frame_weeks,,43,,,19F,OG001,778.9,Titers for Opsonophagocytic Activity Against Pneumococcal Serotypes - Booster Phase of the Study
310,outcome_overview_dose_number,3,4,,,19F,OG002,1053.9,Titers for Opsonophagocytic Activity Against Pneumococcal Serotypes - Booster Phase of the Study
310,outcome_overview_dose_description,pre boost child,1m post boost child,,,19F,OG002,1053.9,Titers for Opsonophagocytic Activity Against Pneumococcal Serotypes - Booster Phase of the Study
310,outcome_overview_time_frame_weeks,,43,,,19F,OG002,1053.9,Titers for Opsonophagocytic Activity Against Pneumococcal Serotypes - Booster Phase of the Study
311,outcome_overview_dose_number,3,4,,,19F,OG003,767.1,Titers for Opsonophagocytic Activity Against Pneumococcal Serotypes - Booster Phase of the Study
311,outcome_overview_dose_description,pre boost child,1m post boost child,,,19F,OG003,767.1,Titers for Opsonophagocytic Activity Against Pneumococcal Serotypes - Booster Phase of the Study
311,outcome_overview_time_frame_weeks,,43,,,19F,OG003,767.1,Titers for Opsonophagocytic Activity Against Pneumococcal Serotypes - Booster Phase of the Study
312,outcome_overview_dose_number,3,4,,,23F,OG000,189.6,Titers for Opsonophagocytic Activity Against Pneumococcal Serotypes - Booster Phase of the Study
312,outcome_overview_dose_description,pre boost child,1m post boost child,,,23F,OG000,189.6,Titers for Opsonophagocytic Activity Against Pneumococcal Serotypes - Booster Phase of the Study
312,outcome_overview_time_frame_weeks,,43,,,23F,OG000,189.6,Titers for Opsonophagocytic Activity Against Pneumococcal Serotypes - Booster Phase of the Study
313,outcome_overview_dose_number,3,4,,,23F,OG001,281.4,Titers for Opsonophagocytic Activity Against Pneumococcal Serotypes - Booster Phase of the Study
313,outcome_overview_dose_description,pre boost child,1m post boost child,,,23F,OG001,281.4,Titers for Opsonophagocytic Activity Against Pneumococcal Serotypes - Booster Phase of the Study
313,outcome_overview_time_frame_weeks,,43,,,23F,OG001,281.4,Titers for Opsonophagocytic Activity Against Pneumococcal Serotypes - Booster Phase of the Study
314,outcome_overview_dose_number,3,4,,,23F,OG002,242.5,Titers for Opsonophagocytic Activity Against Pneumococcal Serotypes - Booster Phase of the Study
314,outcome_overview_dose_description,pre boost child,1m post boost child,,,23F,OG002,242.5,Titers for Opsonophagocytic Activity Against Pneumococcal Serotypes - Booster Phase of the Study
314,outcome_overview_time_frame_weeks,,43,,,23F,OG002,242.5,Titers for Opsonophagocytic Activity Against Pneumococcal Serotypes - Booster Phase of the Study
315,outcome_overview_dose_number,3,4,,,23F,OG003,367.4,Titers for Opsonophagocytic Activity Against Pneumococcal Serotypes - Booster Phase of the Study
315,outcome_overview_dose_description,pre boost child,1m post boost child,,,23F,OG003,367.4,Titers for Opsonophagocytic Activity Against Pneumococcal Serotypes - Booster Phase of the Study
315,outcome_overview_time_frame_weeks,,43,,,23F,OG003,367.4,Titers for Opsonophagocytic Activity Against Pneumococcal Serotypes - Booster Phase of the Study
316,outcome_overview_dose_number,3,4,,,23F,OG000,3621.0,Titers for Opsonophagocytic Activity Against Pneumococcal Serotypes - Booster Phase of the Study
316,outcome_overview_dose_description,pre boost child,1m post boost child,,,23F,OG000,3621.0,Titers for Opsonophagocytic Activity Against Pneumococcal Serotypes - Booster Phase of the Study
316,outcome_overview_time_frame_weeks,,43,,,23F,OG000,3621.0,Titers for Opsonophagocytic Activity Against Pneumococcal Serotypes - Booster Phase of the Study
317,outcome_overview_dose_number,3,4,,,23F,OG001,2563.6,Titers for Opsonophagocytic Activity Against Pneumococcal Serotypes - Booster Phase of the Study
317,outcome_overview_dose_description,pre boost child,1m post boost child,,,23F,OG001,2563.6,Titers for Opsonophagocytic Activity Against Pneumococcal Serotypes - Booster Phase of the Study
317,outcome_overview_time_frame_weeks,,43,,,23F,OG001,2563.6,Titers for Opsonophagocytic Activity Against Pneumococcal Serotypes - Booster Phase of the Study
318,outcome_overview_dose_number,3,4,,,23F,OG002,4465.4,Titers for Opsonophagocytic Activity Against Pneumococcal Serotypes - Booster Phase of the Study
318,outcome_overview_dose_description,pre boost child,1m post boost child,,,23F,OG002,4465.4,Titers for Opsonophagocytic Activity Against Pneumococcal Serotypes - Booster Phase of the Study
318,outcome_overview_time_frame_weeks,,43,,,23F,OG002,4465.4,Titers for Opsonophagocytic Activity Against Pneumococcal Serotypes - Booster Phase of the Study
319,outcome_overview_dose_number,3,4,,,23F,OG003,32508.0,Titers for Opsonophagocytic Activity Against Pneumococcal Serotypes - Booster Phase of the Study
319,outcome_overview_dose_description,pre boost child,1m post boost child,,,23F,OG003,32508.0,Titers for Opsonophagocytic Activity Against Pneumococcal Serotypes - Booster Phase of the Study
319,outcome_overview_time_frame_weeks,,43,,,23F,OG003,32508.0,Titers for Opsonophagocytic Activity Against Pneumococcal Serotypes - Booster Phase of the Study
320,outcome_overview_dose_number,3,4,,,3,OG000,6.7,Titers for Opsonophagocytic Activity Against Pneumococcal Serotypes - Booster Phase of the Study
320,outcome_overview_dose_description,pre boost child,1m post boost child,,,3,OG000,6.7,Titers for Opsonophagocytic Activity Against Pneumococcal Serotypes - Booster Phase of the Study
320,outcome_overview_time_frame_weeks,,43,,,3,OG000,6.7,Titers for Opsonophagocytic Activity Against Pneumococcal Serotypes - Booster Phase of the Study
321,outcome_overview_dose_number,3,4,,,3,OG001,8.3,Titers for Opsonophagocytic Activity Against Pneumococcal Serotypes - Booster Phase of the Study
321,outcome_overview_dose_description,pre boost child,1m post boost child,,,3,OG001,8.3,Titers for Opsonophagocytic Activity Against Pneumococcal Serotypes - Booster Phase of the Study
321,outcome_overview_time_frame_weeks,,43,,,3,OG001,8.3,Titers for Opsonophagocytic Activity Against Pneumococcal Serotypes - Booster Phase of the Study
322,outcome_overview_dose_number,3,4,,,3,OG002,6.3,Titers for Opsonophagocytic Activity Against Pneumococcal Serotypes - Booster Phase of the Study
322,outcome_overview_dose_description,pre boost child,1m post boost child,,,3,OG002,6.3,Titers for Opsonophagocytic Activity Against Pneumococcal Serotypes - Booster Phase of the Study
322,outcome_overview_time_frame_weeks,,43,,,3,OG002,6.3,Titers for Opsonophagocytic Activity Against Pneumococcal Serotypes - Booster Phase of the Study
323,outcome_overview_dose_number,3,4,,,3,OG003,12.0,Titers for Opsonophagocytic Activity Against Pneumococcal Serotypes - Booster Phase of the Study
323,outcome_overview_dose_description,pre boost child,1m post boost child,,,3,OG003,12.0,Titers for Opsonophagocytic Activity Against Pneumococcal Serotypes - Booster Phase of the Study
323,outcome_overview_time_frame_weeks,,43,,,3,OG003,12.0,Titers for Opsonophagocytic Activity Against Pneumococcal Serotypes - Booster Phase of the Study
324,outcome_overview_dose_number,3,4,,,3,OG000,7.8,Titers for Opsonophagocytic Activity Against Pneumococcal Serotypes - Booster Phase of the Study
324,outcome_overview_dose_description,pre boost child,1m post boost child,,,3,OG000,7.8,Titers for Opsonophagocytic Activity Against Pneumococcal Serotypes - Booster Phase of the Study
324,outcome_overview_time_frame_weeks,,43,,,3,OG000,7.8,Titers for Opsonophagocytic Activity Against Pneumococcal Serotypes - Booster Phase of the Study
325,outcome_overview_dose_number,3,4,,,3,OG001,7.8,Titers for Opsonophagocytic Activity Against Pneumococcal Serotypes - Booster Phase of the Study
325,outcome_overview_dose_description,pre boost child,1m post boost child,,,3,OG001,7.8,Titers for Opsonophagocytic Activity Against Pneumococcal Serotypes - Booster Phase of the Study
325,outcome_overview_time_frame_weeks,,43,,,3,OG001,7.8,Titers for Opsonophagocytic Activity Against Pneumococcal Serotypes - Booster Phase of the Study
326,outcome_overview_dose_number,3,4,,,3,OG002,9.2,Titers for Opsonophagocytic Activity Against Pneumococcal Serotypes - Booster Phase of the Study
326,outcome_overview_dose_description,pre boost child,1m post boost child,,,3,OG002,9.2,Titers for Opsonophagocytic Activity Against Pneumococcal Serotypes - Booster Phase of the Study
326,outcome_overview_time_frame_weeks,,43,,,3,OG002,9.2,Titers for Opsonophagocytic Activity Against Pneumococcal Serotypes - Booster Phase of the Study
327,outcome_overview_dose_number,3,4,,,3,OG003,333.9,Titers for Opsonophagocytic Activity Against Pneumococcal Serotypes - Booster Phase of the Study
327,outcome_overview_dose_description,pre boost child,1m post boost child,,,3,OG003,333.9,Titers for Opsonophagocytic Activity Against Pneumococcal Serotypes - Booster Phase of the Study
327,outcome_overview_time_frame_weeks,,43,,,3,OG003,333.9,Titers for Opsonophagocytic Activity Against Pneumococcal Serotypes - Booster Phase of the Study
328,outcome_overview_dose_number,3,4,,,6A,OG000,26.5,Titers for Opsonophagocytic Activity Against Pneumococcal Serotypes - Booster Phase of the Study
328,outcome_overview_dose_description,pre boost child,1m post boost child,,,6A,OG000,26.5,Titers for Opsonophagocytic Activity Against Pneumococcal Serotypes - Booster Phase of the Study
328,outcome_overview_time_frame_weeks,,43,,,6A,OG000,26.5,Titers for Opsonophagocytic Activity Against Pneumococcal Serotypes - Booster Phase of the Study
329,outcome_overview_dose_number,3,4,,,6A,OG001,23.3,Titers for Opsonophagocytic Activity Against Pneumococcal Serotypes - Booster Phase of the Study
329,outcome_overview_dose_description,pre boost child,1m post boost child,,,6A,OG001,23.3,Titers for Opsonophagocytic Activity Against Pneumococcal Serotypes - Booster Phase of the Study
329,outcome_overview_time_frame_weeks,,43,,,6A,OG001,23.3,Titers for Opsonophagocytic Activity Against Pneumococcal Serotypes - Booster Phase of the Study
330,outcome_overview_dose_number,3,4,,,6A,OG002,18.7,Titers for Opsonophagocytic Activity Against Pneumococcal Serotypes - Booster Phase of the Study
330,outcome_overview_dose_description,pre boost child,1m post boost child,,,6A,OG002,18.7,Titers for Opsonophagocytic Activity Against Pneumococcal Serotypes - Booster Phase of the Study
330,outcome_overview_time_frame_weeks,,43,,,6A,OG002,18.7,Titers for Opsonophagocytic Activity Against Pneumococcal Serotypes - Booster Phase of the Study
331,outcome_overview_dose_number,3,4,,,6A,OG003,129.7,Titers for Opsonophagocytic Activity Against Pneumococcal Serotypes - Booster Phase of the Study
331,outcome_overview_dose_description,pre boost child,1m post boost child,,,6A,OG003,129.7,Titers for Opsonophagocytic Activity Against Pneumococcal Serotypes - Booster Phase of the Study
331,outcome_overview_time_frame_weeks,,43,,,6A,OG003,129.7,Titers for Opsonophagocytic Activity Against Pneumococcal Serotypes - Booster Phase of the Study
332,outcome_overview_dose_number,3,4,,,6A,OG000,163.1,Titers for Opsonophagocytic Activity Against Pneumococcal Serotypes - Booster Phase of the Study
332,outcome_overview_dose_description,pre boost child,1m post boost child,,,6A,OG000,163.1,Titers for Opsonophagocytic Activity Against Pneumococcal Serotypes - Booster Phase of the Study
332,outcome_overview_time_frame_weeks,,43,,,6A,OG000,163.1,Titers for Opsonophagocytic Activity Against Pneumococcal Serotypes - Booster Phase of the Study
333,outcome_overview_dose_number,3,4,,,6A,OG001,190.0,Titers for Opsonophagocytic Activity Against Pneumococcal Serotypes - Booster Phase of the Study
333,outcome_overview_dose_description,pre boost child,1m post boost child,,,6A,OG001,190.0,Titers for Opsonophagocytic Activity Against Pneumococcal Serotypes - Booster Phase of the Study
333,outcome_overview_time_frame_weeks,,43,,,6A,OG001,190.0,Titers for Opsonophagocytic Activity Against Pneumococcal Serotypes - Booster Phase of the Study
334,outcome_overview_dose_number,3,4,,,6A,OG002,276.2,Titers for Opsonophagocytic Activity Against Pneumococcal Serotypes - Booster Phase of the Study
334,outcome_overview_dose_description,pre boost child,1m post boost child,,,6A,OG002,276.2,Titers for Opsonophagocytic Activity Against Pneumococcal Serotypes - Booster Phase of the Study
334,outcome_overview_time_frame_weeks,,43,,,6A,OG002,276.2,Titers for Opsonophagocytic Activity Against Pneumococcal Serotypes - Booster Phase of the Study
335,outcome_overview_dose_number,3,4,,,6A,OG003,4855.3,Titers for Opsonophagocytic Activity Against Pneumococcal Serotypes - Booster Phase of the Study
335,outcome_overview_dose_description,pre boost child,1m post boost child,,,6A,OG003,4855.3,Titers for Opsonophagocytic Activity Against Pneumococcal Serotypes - Booster Phase of the Study
335,outcome_overview_time_frame_weeks,,43,,,6A,OG003,4855.3,Titers for Opsonophagocytic Activity Against Pneumococcal Serotypes - Booster Phase of the Study
336,outcome_overview_dose_number,3,4,,,19A,OG000,211.8,Titers for Opsonophagocytic Activity Against Pneumococcal Serotypes - Booster Phase of the Study
336,outcome_overview_dose_description,pre boost child,1m post boost child,,,19A,OG000,211.8,Titers for Opsonophagocytic Activity Against Pneumococcal Serotypes - Booster Phase of the Study
336,outcome_overview_time_frame_weeks,,43,,,19A,OG000,211.8,Titers for Opsonophagocytic Activity Against Pneumococcal Serotypes - Booster Phase of the Study
337,outcome_overview_dose_number,3,4,,,19A,OG001,262.0,Titers for Opsonophagocytic Activity Against Pneumococcal Serotypes - Booster Phase of the Study
337,outcome_overview_dose_description,pre boost child,1m post boost child,,,19A,OG001,262.0,Titers for Opsonophagocytic Activity Against Pneumococcal Serotypes - Booster Phase of the Study
337,outcome_overview_time_frame_weeks,,43,,,19A,OG001,262.0,Titers for Opsonophagocytic Activity Against Pneumococcal Serotypes - Booster Phase of the Study
338,outcome_overview_dose_number,3,4,,,19A,OG002,315.6,Titers for Opsonophagocytic Activity Against Pneumococcal Serotypes - Booster Phase of the Study
338,outcome_overview_dose_description,pre boost child,1m post boost child,,,19A,OG002,315.6,Titers for Opsonophagocytic Activity Against Pneumococcal Serotypes - Booster Phase of the Study
338,outcome_overview_time_frame_weeks,,43,,,19A,OG002,315.6,Titers for Opsonophagocytic Activity Against Pneumococcal Serotypes - Booster Phase of the Study
339,outcome_overview_dose_number,3,4,,,19A,OG003,776.3,Titers for Opsonophagocytic Activity Against Pneumococcal Serotypes - Booster Phase of the Study
339,outcome_overview_dose_description,pre boost child,1m post boost child,,,19A,OG003,776.3,Titers for Opsonophagocytic Activity Against Pneumococcal Serotypes - Booster Phase of the Study
339,outcome_overview_time_frame_weeks,,43,,,19A,OG003,776.3,Titers for Opsonophagocytic Activity Against Pneumococcal Serotypes - Booster Phase of the Study
340,outcome_overview_dose_number,3,4,,,19A,OG000,2006.3,Titers for Opsonophagocytic Activity Against Pneumococcal Serotypes - Booster Phase of the Study
340,outcome_overview_dose_description,pre boost child,1m post boost child,,,19A,OG000,2006.3,Titers for Opsonophagocytic Activity Against Pneumococcal Serotypes - Booster Phase of the Study
340,outcome_overview_time_frame_weeks,,43,,,19A,OG000,2006.3,Titers for Opsonophagocytic Activity Against Pneumococcal Serotypes - Booster Phase of the Study
341,outcome_overview_dose_number,3,4,,,19A,OG001,2609.5,Titers for Opsonophagocytic Activity Against Pneumococcal Serotypes - Booster Phase of the Study
341,outcome_overview_dose_description,pre boost child,1m post boost child,,,19A,OG001,2609.5,Titers for Opsonophagocytic Activity Against Pneumococcal Serotypes - Booster Phase of the Study
341,outcome_overview_time_frame_weeks,,43,,,19A,OG001,2609.5,Titers for Opsonophagocytic Activity Against Pneumococcal Serotypes - Booster Phase of the Study
342,outcome_overview_dose_number,3,4,,,19A,OG002,2699.1,Titers for Opsonophagocytic Activity Against Pneumococcal Serotypes - Booster Phase of the Study
342,outcome_overview_dose_description,pre boost child,1m post boost child,,,19A,OG002,2699.1,Titers for Opsonophagocytic Activity Against Pneumococcal Serotypes - Booster Phase of the Study
342,outcome_overview_time_frame_weeks,,43,,,19A,OG002,2699.1,Titers for Opsonophagocytic Activity Against Pneumococcal Serotypes - Booster Phase of the Study
343,outcome_overview_dose_number,3,4,,,19A,OG003,7137.0,Titers for Opsonophagocytic Activity Against Pneumococcal Serotypes - Booster Phase of the Study
343,outcome_overview_dose_description,pre boost child,1m post boost child,,,19A,OG003,7137.0,Titers for Opsonophagocytic Activity Against Pneumococcal Serotypes - Booster Phase of the Study
343,outcome_overview_time_frame_weeks,,43,,,19A,OG003,7137.0,Titers for Opsonophagocytic Activity Against Pneumococcal Serotypes - Booster Phase of the Study
352,outcome_overview_dose_number,3,4,,,D,OG000,0.731,Concentrations of Antibodies Against Diphtheria (Anti-D) and Tetanus (Anti-T) - Booster Phase of the Study
352,outcome_overview_dose_description,pre boost child,1m post boost child,,,D,OG000,0.731,Concentrations of Antibodies Against Diphtheria (Anti-D) and Tetanus (Anti-T) - Booster Phase of the Study
352,outcome_overview_time_frame_weeks,,43,,,D,OG000,0.731,Concentrations of Antibodies Against Diphtheria (Anti-D) and Tetanus (Anti-T) - Booster Phase of the Study
353,outcome_overview_dose_number,3,4,,,D,OG001,0.587,Concentrations of Antibodies Against Diphtheria (Anti-D) and Tetanus (Anti-T) - Booster Phase of the Study
353,outcome_overview_dose_description,pre boost child,1m post boost child,,,D,OG001,0.587,Concentrations of Antibodies Against Diphtheria (Anti-D) and Tetanus (Anti-T) - Booster Phase of the Study
353,outcome_overview_time_frame_weeks,,43,,,D,OG001,0.587,Concentrations of Antibodies Against Diphtheria (Anti-D) and Tetanus (Anti-T) - Booster Phase of the Study
354,outcome_overview_dose_number,3,4,,,D,OG002,0.651,Concentrations of Antibodies Against Diphtheria (Anti-D) and Tetanus (Anti-T) - Booster Phase of the Study
354,outcome_overview_dose_description,pre boost child,1m post boost child,,,D,OG002,0.651,Concentrations of Antibodies Against Diphtheria (Anti-D) and Tetanus (Anti-T) - Booster Phase of the Study
354,outcome_overview_time_frame_weeks,,43,,,D,OG002,0.651,Concentrations of Antibodies Against Diphtheria (Anti-D) and Tetanus (Anti-T) - Booster Phase of the Study
355,outcome_overview_dose_number,3,4,,,D,OG003,0.614,Concentrations of Antibodies Against Diphtheria (Anti-D) and Tetanus (Anti-T) - Booster Phase of the Study
355,outcome_overview_dose_description,pre boost child,1m post boost child,,,D,OG003,0.614,Concentrations of Antibodies Against Diphtheria (Anti-D) and Tetanus (Anti-T) - Booster Phase of the Study
355,outcome_overview_time_frame_weeks,,43,,,D,OG003,0.614,Concentrations of Antibodies Against Diphtheria (Anti-D) and Tetanus (Anti-T) - Booster Phase of the Study
356,outcome_overview_dose_number,3,4,,,D,OG000,9.872,Concentrations of Antibodies Against Diphtheria (Anti-D) and Tetanus (Anti-T) - Booster Phase of the Study
356,outcome_overview_dose_description,pre boost child,1m post boost child,,,D,OG000,9.872,Concentrations of Antibodies Against Diphtheria (Anti-D) and Tetanus (Anti-T) - Booster Phase of the Study
356,outcome_overview_time_frame_weeks,,43,,,D,OG000,9.872,Concentrations of Antibodies Against Diphtheria (Anti-D) and Tetanus (Anti-T) - Booster Phase of the Study
357,outcome_overview_dose_number,3,4,,,D,OG001,8.688,Concentrations of Antibodies Against Diphtheria (Anti-D) and Tetanus (Anti-T) - Booster Phase of the Study
357,outcome_overview_dose_description,pre boost child,1m post boost child,,,D,OG001,8.688,Concentrations of Antibodies Against Diphtheria (Anti-D) and Tetanus (Anti-T) - Booster Phase of the Study
357,outcome_overview_time_frame_weeks,,43,,,D,OG001,8.688,Concentrations of Antibodies Against Diphtheria (Anti-D) and Tetanus (Anti-T) - Booster Phase of the Study
358,outcome_overview_dose_number,3,4,,,D,OG002,9.742,Concentrations of Antibodies Against Diphtheria (Anti-D) and Tetanus (Anti-T) - Booster Phase of the Study
358,outcome_overview_dose_description,pre boost child,1m post boost child,,,D,OG002,9.742,Concentrations of Antibodies Against Diphtheria (Anti-D) and Tetanus (Anti-T) - Booster Phase of the Study
358,outcome_overview_time_frame_weeks,,43,,,D,OG002,9.742,Concentrations of Antibodies Against Diphtheria (Anti-D) and Tetanus (Anti-T) - Booster Phase of the Study
359,outcome_overview_dose_number,3,4,,,D,OG003,8.290,Concentrations of Antibodies Against Diphtheria (Anti-D) and Tetanus (Anti-T) - Booster Phase of the Study
359,outcome_overview_dose_description,pre boost child,1m post boost child,,,D,OG003,8.290,Concentrations of Antibodies Against Diphtheria (Anti-D) and Tetanus (Anti-T) - Booster Phase of the Study
359,outcome_overview_time_frame_weeks,,43,,,D,OG003,8.290,Concentrations of Antibodies Against Diphtheria (Anti-D) and Tetanus (Anti-T) - Booster Phase of the Study
360,outcome_overview_dose_number,3,4,,,T,OG000,0.815,Concentrations of Antibodies Against Diphtheria (Anti-D) and Tetanus (Anti-T) - Booster Phase of the Study
360,outcome_overview_dose_description,pre boost child,1m post boost child,,,T,OG000,0.815,Concentrations of Antibodies Against Diphtheria (Anti-D) and Tetanus (Anti-T) - Booster Phase of the Study
360,outcome_overview_time_frame_weeks,,43,,,T,OG000,0.815,Concentrations of Antibodies Against Diphtheria (Anti-D) and Tetanus (Anti-T) - Booster Phase of the Study
361,outcome_overview_dose_number,3,4,,,T,OG001,0.727,Concentrations of Antibodies Against Diphtheria (Anti-D) and Tetanus (Anti-T) - Booster Phase of the Study
361,outcome_overview_dose_description,pre boost child,1m post boost child,,,T,OG001,0.727,Concentrations of Antibodies Against Diphtheria (Anti-D) and Tetanus (Anti-T) - Booster Phase of the Study
361,outcome_overview_time_frame_weeks,,43,,,T,OG001,0.727,Concentrations of Antibodies Against Diphtheria (Anti-D) and Tetanus (Anti-T) - Booster Phase of the Study
362,outcome_overview_dose_number,3,4,,,T,OG002,0.726,Concentrations of Antibodies Against Diphtheria (Anti-D) and Tetanus (Anti-T) - Booster Phase of the Study
362,outcome_overview_dose_description,pre boost child,1m post boost child,,,T,OG002,0.726,Concentrations of Antibodies Against Diphtheria (Anti-D) and Tetanus (Anti-T) - Booster Phase of the Study
362,outcome_overview_time_frame_weeks,,43,,,T,OG002,0.726,Concentrations of Antibodies Against Diphtheria (Anti-D) and Tetanus (Anti-T) - Booster Phase of the Study
363,outcome_overview_dose_number,3,4,,,T,OG003,0.371,Concentrations of Antibodies Against Diphtheria (Anti-D) and Tetanus (Anti-T) - Booster Phase of the Study
363,outcome_overview_dose_description,pre boost child,1m post boost child,,,T,OG003,0.371,Concentrations of Antibodies Against Diphtheria (Anti-D) and Tetanus (Anti-T) - Booster Phase of the Study
363,outcome_overview_time_frame_weeks,,43,,,T,OG003,0.371,Concentrations of Antibodies Against Diphtheria (Anti-D) and Tetanus (Anti-T) - Booster Phase of the Study
364,outcome_overview_dose_number,3,4,,,T,OG000,8.725,Concentrations of Antibodies Against Diphtheria (Anti-D) and Tetanus (Anti-T) - Booster Phase of the Study
364,outcome_overview_dose_description,pre boost child,1m post boost child,,,T,OG000,8.725,Concentrations of Antibodies Against Diphtheria (Anti-D) and Tetanus (Anti-T) - Booster Phase of the Study
364,outcome_overview_time_frame_weeks,,43,,,T,OG000,8.725,Concentrations of Antibodies Against Diphtheria (Anti-D) and Tetanus (Anti-T) - Booster Phase of the Study
365,outcome_overview_dose_number,3,4,,,T,OG001,8.703,Concentrations of Antibodies Against Diphtheria (Anti-D) and Tetanus (Anti-T) - Booster Phase of the Study
365,outcome_overview_dose_description,pre boost child,1m post boost child,,,T,OG001,8.703,Concentrations of Antibodies Against Diphtheria (Anti-D) and Tetanus (Anti-T) - Booster Phase of the Study
365,outcome_overview_time_frame_weeks,,43,,,T,OG001,8.703,Concentrations of Antibodies Against Diphtheria (Anti-D) and Tetanus (Anti-T) - Booster Phase of the Study
366,outcome_overview_dose_number,3,4,,,T,OG002,9.929,Concentrations of Antibodies Against Diphtheria (Anti-D) and Tetanus (Anti-T) - Booster Phase of the Study
366,outcome_overview_dose_description,pre boost child,1m post boost child,,,T,OG002,9.929,Concentrations of Antibodies Against Diphtheria (Anti-D) and Tetanus (Anti-T) - Booster Phase of the Study
366,outcome_overview_time_frame_weeks,,43,,,T,OG002,9.929,Concentrations of Antibodies Against Diphtheria (Anti-D) and Tetanus (Anti-T) - Booster Phase of the Study
367,outcome_overview_dose_number,3,4,,,T,OG003,5.040,Concentrations of Antibodies Against Diphtheria (Anti-D) and Tetanus (Anti-T) - Booster Phase of the Study
367,outcome_overview_dose_description,pre boost child,1m post boost child,,,T,OG003,5.040,Concentrations of Antibodies Against Diphtheria (Anti-D) and Tetanus (Anti-T) - Booster Phase of the Study
367,outcome_overview_time_frame_weeks,,43,,,T,OG003,5.040,Concentrations of Antibodies Against Diphtheria (Anti-D) and Tetanus (Anti-T) - Booster Phase of the Study
380,outcome_overview_dose_number,3,4,,,PT,OG000,17.5,"Concentrations of Antibodies Against Pertussis Toxoid (Anti-PT), Filamentous Haemagglutinin (Anti-FHA), Pertactin (Anti-PRN) - Booster Phase of the Study"
380,outcome_overview_dose_description,pre boost child,1m post boost child,,,PT,OG000,17.5,"Concentrations of Antibodies Against Pertussis Toxoid (Anti-PT), Filamentous Haemagglutinin (Anti-FHA), Pertactin (Anti-PRN) - Booster Phase of the Study"
380,outcome_overview_time_frame_weeks,,43,,,PT,OG000,17.5,"Concentrations of Antibodies Against Pertussis Toxoid (Anti-PT), Filamentous Haemagglutinin (Anti-FHA), Pertactin (Anti-PRN) - Booster Phase of the Study"
381,outcome_overview_dose_number,3,4,,,PT,OG001,12.7,"Concentrations of Antibodies Against Pertussis Toxoid (Anti-PT), Filamentous Haemagglutinin (Anti-FHA), Pertactin (Anti-PRN) - Booster Phase of the Study"
381,outcome_overview_dose_description,pre boost child,1m post boost child,,,PT,OG001,12.7,"Concentrations of Antibodies Against Pertussis Toxoid (Anti-PT), Filamentous Haemagglutinin (Anti-FHA), Pertactin (Anti-PRN) - Booster Phase of the Study"
381,outcome_overview_time_frame_weeks,,43,,,PT,OG001,12.7,"Concentrations of Antibodies Against Pertussis Toxoid (Anti-PT), Filamentous Haemagglutinin (Anti-FHA), Pertactin (Anti-PRN) - Booster Phase of the Study"
382,outcome_overview_dose_number,3,4,,,PT,OG002,12.1,"Concentrations of Antibodies Against Pertussis Toxoid (Anti-PT), Filamentous Haemagglutinin (Anti-FHA), Pertactin (Anti-PRN) - Booster Phase of the Study"
382,outcome_overview_dose_description,pre boost child,1m post boost child,,,PT,OG002,12.1,"Concentrations of Antibodies Against Pertussis Toxoid (Anti-PT), Filamentous Haemagglutinin (Anti-FHA), Pertactin (Anti-PRN) - Booster Phase of the Study"
382,outcome_overview_time_frame_weeks,,43,,,PT,OG002,12.1,"Concentrations of Antibodies Against Pertussis Toxoid (Anti-PT), Filamentous Haemagglutinin (Anti-FHA), Pertactin (Anti-PRN) - Booster Phase of the Study"
383,outcome_overview_dose_number,3,4,,,PT,OG003,12.2,"Concentrations of Antibodies Against Pertussis Toxoid (Anti-PT), Filamentous Haemagglutinin (Anti-FHA), Pertactin (Anti-PRN) - Booster Phase of the Study"
383,outcome_overview_dose_description,pre boost child,1m post boost child,,,PT,OG003,12.2,"Concentrations of Antibodies Against Pertussis Toxoid (Anti-PT), Filamentous Haemagglutinin (Anti-FHA), Pertactin (Anti-PRN) - Booster Phase of the Study"
383,outcome_overview_time_frame_weeks,,43,,,PT,OG003,12.2,"Concentrations of Antibodies Against Pertussis Toxoid (Anti-PT), Filamentous Haemagglutinin (Anti-FHA), Pertactin (Anti-PRN) - Booster Phase of the Study"
384,outcome_overview_dose_number,3,4,,,PT,OG000,93.8,"Concentrations of Antibodies Against Pertussis Toxoid (Anti-PT), Filamentous Haemagglutinin (Anti-FHA), Pertactin (Anti-PRN) - Booster Phase of the Study"
384,outcome_overview_dose_description,pre boost child,1m post boost child,,,PT,OG000,93.8,"Concentrations of Antibodies Against Pertussis Toxoid (Anti-PT), Filamentous Haemagglutinin (Anti-FHA), Pertactin (Anti-PRN) - Booster Phase of the Study"
384,outcome_overview_time_frame_weeks,,43,,,PT,OG000,93.8,"Concentrations of Antibodies Against Pertussis Toxoid (Anti-PT), Filamentous Haemagglutinin (Anti-FHA), Pertactin (Anti-PRN) - Booster Phase of the Study"
385,outcome_overview_dose_number,3,4,,,PT,OG001,90.6,"Concentrations of Antibodies Against Pertussis Toxoid (Anti-PT), Filamentous Haemagglutinin (Anti-FHA), Pertactin (Anti-PRN) - Booster Phase of the Study"
385,outcome_overview_dose_description,pre boost child,1m post boost child,,,PT,OG001,90.6,"Concentrations of Antibodies Against Pertussis Toxoid (Anti-PT), Filamentous Haemagglutinin (Anti-FHA), Pertactin (Anti-PRN) - Booster Phase of the Study"
385,outcome_overview_time_frame_weeks,,43,,,PT,OG001,90.6,"Concentrations of Antibodies Against Pertussis Toxoid (Anti-PT), Filamentous Haemagglutinin (Anti-FHA), Pertactin (Anti-PRN) - Booster Phase of the Study"
386,outcome_overview_dose_number,3,4,,,PT,OG002,95.7,"Concentrations of Antibodies Against Pertussis Toxoid (Anti-PT), Filamentous Haemagglutinin (Anti-FHA), Pertactin (Anti-PRN) - Booster Phase of the Study"
386,outcome_overview_dose_description,pre boost child,1m post boost child,,,PT,OG002,95.7,"Concentrations of Antibodies Against Pertussis Toxoid (Anti-PT), Filamentous Haemagglutinin (Anti-FHA), Pertactin (Anti-PRN) - Booster Phase of the Study"
386,outcome_overview_time_frame_weeks,,43,,,PT,OG002,95.7,"Concentrations of Antibodies Against Pertussis Toxoid (Anti-PT), Filamentous Haemagglutinin (Anti-FHA), Pertactin (Anti-PRN) - Booster Phase of the Study"
387,outcome_overview_dose_number,3,4,,,PT,OG003,85.2,"Concentrations of Antibodies Against Pertussis Toxoid (Anti-PT), Filamentous Haemagglutinin (Anti-FHA), Pertactin (Anti-PRN) - Booster Phase of the Study"
387,outcome_overview_dose_description,pre boost child,1m post boost child,,,PT,OG003,85.2,"Concentrations of Antibodies Against Pertussis Toxoid (Anti-PT), Filamentous Haemagglutinin (Anti-FHA), Pertactin (Anti-PRN) - Booster Phase of the Study"
387,outcome_overview_time_frame_weeks,,43,,,PT,OG003,85.2,"Concentrations of Antibodies Against Pertussis Toxoid (Anti-PT), Filamentous Haemagglutinin (Anti-FHA), Pertactin (Anti-PRN) - Booster Phase of the Study"
388,outcome_overview_dose_number,3,4,,,FHA,OG000,63.0,"Concentrations of Antibodies Against Pertussis Toxoid (Anti-PT), Filamentous Haemagglutinin (Anti-FHA), Pertactin (Anti-PRN) - Booster Phase of the Study"
388,outcome_overview_dose_description,pre boost child,1m post boost child,,,FHA,OG000,63.0,"Concentrations of Antibodies Against Pertussis Toxoid (Anti-PT), Filamentous Haemagglutinin (Anti-FHA), Pertactin (Anti-PRN) - Booster Phase of the Study"
388,outcome_overview_time_frame_weeks,,43,,,FHA,OG000,63.0,"Concentrations of Antibodies Against Pertussis Toxoid (Anti-PT), Filamentous Haemagglutinin (Anti-FHA), Pertactin (Anti-PRN) - Booster Phase of the Study"
389,outcome_overview_dose_number,3,4,,,FHA,OG001,51.7,"Concentrations of Antibodies Against Pertussis Toxoid (Anti-PT), Filamentous Haemagglutinin (Anti-FHA), Pertactin (Anti-PRN) - Booster Phase of the Study"
389,outcome_overview_dose_description,pre boost child,1m post boost child,,,FHA,OG001,51.7,"Concentrations of Antibodies Against Pertussis Toxoid (Anti-PT), Filamentous Haemagglutinin (Anti-FHA), Pertactin (Anti-PRN) - Booster Phase of the Study"
389,outcome_overview_time_frame_weeks,,43,,,FHA,OG001,51.7,"Concentrations of Antibodies Against Pertussis Toxoid (Anti-PT), Filamentous Haemagglutinin (Anti-FHA), Pertactin (Anti-PRN) - Booster Phase of the Study"
390,outcome_overview_dose_number,3,4,,,FHA,OG002,48.5,"Concentrations of Antibodies Against Pertussis Toxoid (Anti-PT), Filamentous Haemagglutinin (Anti-FHA), Pertactin (Anti-PRN) - Booster Phase of the Study"
390,outcome_overview_dose_description,pre boost child,1m post boost child,,,FHA,OG002,48.5,"Concentrations of Antibodies Against Pertussis Toxoid (Anti-PT), Filamentous Haemagglutinin (Anti-FHA), Pertactin (Anti-PRN) - Booster Phase of the Study"
390,outcome_overview_time_frame_weeks,,43,,,FHA,OG002,48.5,"Concentrations of Antibodies Against Pertussis Toxoid (Anti-PT), Filamentous Haemagglutinin (Anti-FHA), Pertactin (Anti-PRN) - Booster Phase of the Study"
391,outcome_overview_dose_number,3,4,,,FHA,OG003,54.2,"Concentrations of Antibodies Against Pertussis Toxoid (Anti-PT), Filamentous Haemagglutinin (Anti-FHA), Pertactin (Anti-PRN) - Booster Phase of the Study"
391,outcome_overview_dose_description,pre boost child,1m post boost child,,,FHA,OG003,54.2,"Concentrations of Antibodies Against Pertussis Toxoid (Anti-PT), Filamentous Haemagglutinin (Anti-FHA), Pertactin (Anti-PRN) - Booster Phase of the Study"
391,outcome_overview_time_frame_weeks,,43,,,FHA,OG003,54.2,"Concentrations of Antibodies Against Pertussis Toxoid (Anti-PT), Filamentous Haemagglutinin (Anti-FHA), Pertactin (Anti-PRN) - Booster Phase of the Study"
392,outcome_overview_dose_number,3,4,,,FHA,OG000,359.4,"Concentrations of Antibodies Against Pertussis Toxoid (Anti-PT), Filamentous Haemagglutinin (Anti-FHA), Pertactin (Anti-PRN) - Booster Phase of the Study"
392,outcome_overview_dose_description,pre boost child,1m post boost child,,,FHA,OG000,359.4,"Concentrations of Antibodies Against Pertussis Toxoid (Anti-PT), Filamentous Haemagglutinin (Anti-FHA), Pertactin (Anti-PRN) - Booster Phase of the Study"
392,outcome_overview_time_frame_weeks,,43,,,FHA,OG000,359.4,"Concentrations of Antibodies Against Pertussis Toxoid (Anti-PT), Filamentous Haemagglutinin (Anti-FHA), Pertactin (Anti-PRN) - Booster Phase of the Study"
393,outcome_overview_dose_number,3,4,,,FHA,OG001,380.1,"Concentrations of Antibodies Against Pertussis Toxoid (Anti-PT), Filamentous Haemagglutinin (Anti-FHA), Pertactin (Anti-PRN) - Booster Phase of the Study"
393,outcome_overview_dose_description,pre boost child,1m post boost child,,,FHA,OG001,380.1,"Concentrations of Antibodies Against Pertussis Toxoid (Anti-PT), Filamentous Haemagglutinin (Anti-FHA), Pertactin (Anti-PRN) - Booster Phase of the Study"
393,outcome_overview_time_frame_weeks,,43,,,FHA,OG001,380.1,"Concentrations of Antibodies Against Pertussis Toxoid (Anti-PT), Filamentous Haemagglutinin (Anti-FHA), Pertactin (Anti-PRN) - Booster Phase of the Study"
394,outcome_overview_dose_number,3,4,,,FHA,OG002,308.4,"Concentrations of Antibodies Against Pertussis Toxoid (Anti-PT), Filamentous Haemagglutinin (Anti-FHA), Pertactin (Anti-PRN) - Booster Phase of the Study"
394,outcome_overview_dose_description,pre boost child,1m post boost child,,,FHA,OG002,308.4,"Concentrations of Antibodies Against Pertussis Toxoid (Anti-PT), Filamentous Haemagglutinin (Anti-FHA), Pertactin (Anti-PRN) - Booster Phase of the Study"
394,outcome_overview_time_frame_weeks,,43,,,FHA,OG002,308.4,"Concentrations of Antibodies Against Pertussis Toxoid (Anti-PT), Filamentous Haemagglutinin (Anti-FHA), Pertactin (Anti-PRN) - Booster Phase of the Study"
395,outcome_overview_dose_number,3,4,,,FHA,OG003,376.7,"Concentrations of Antibodies Against Pertussis Toxoid (Anti-PT), Filamentous Haemagglutinin (Anti-FHA), Pertactin (Anti-PRN) - Booster Phase of the Study"
395,outcome_overview_dose_description,pre boost child,1m post boost child,,,FHA,OG003,376.7,"Concentrations of Antibodies Against Pertussis Toxoid (Anti-PT), Filamentous Haemagglutinin (Anti-FHA), Pertactin (Anti-PRN) - Booster Phase of the Study"
395,outcome_overview_time_frame_weeks,,43,,,FHA,OG003,376.7,"Concentrations of Antibodies Against Pertussis Toxoid (Anti-PT), Filamentous Haemagglutinin (Anti-FHA), Pertactin (Anti-PRN) - Booster Phase of the Study"
396,outcome_overview_dose_number,3,4,,,PRN,OG000,21.8,"Concentrations of Antibodies Against Pertussis Toxoid (Anti-PT), Filamentous Haemagglutinin (Anti-FHA), Pertactin (Anti-PRN) - Booster Phase of the Study"
396,outcome_overview_dose_description,pre boost child,1m post boost child,,,PRN,OG000,21.8,"Concentrations of Antibodies Against Pertussis Toxoid (Anti-PT), Filamentous Haemagglutinin (Anti-FHA), Pertactin (Anti-PRN) - Booster Phase of the Study"
396,outcome_overview_time_frame_weeks,,43,,,PRN,OG000,21.8,"Concentrations of Antibodies Against Pertussis Toxoid (Anti-PT), Filamentous Haemagglutinin (Anti-FHA), Pertactin (Anti-PRN) - Booster Phase of the Study"
397,outcome_overview_dose_number,3,4,,,PRN,OG001,16.1,"Concentrations of Antibodies Against Pertussis Toxoid (Anti-PT), Filamentous Haemagglutinin (Anti-FHA), Pertactin (Anti-PRN) - Booster Phase of the Study"
397,outcome_overview_dose_description,pre boost child,1m post boost child,,,PRN,OG001,16.1,"Concentrations of Antibodies Against Pertussis Toxoid (Anti-PT), Filamentous Haemagglutinin (Anti-FHA), Pertactin (Anti-PRN) - Booster Phase of the Study"
397,outcome_overview_time_frame_weeks,,43,,,PRN,OG001,16.1,"Concentrations of Antibodies Against Pertussis Toxoid (Anti-PT), Filamentous Haemagglutinin (Anti-FHA), Pertactin (Anti-PRN) - Booster Phase of the Study"
398,outcome_overview_dose_number,3,4,,,PRN,OG002,14.3,"Concentrations of Antibodies Against Pertussis Toxoid (Anti-PT), Filamentous Haemagglutinin (Anti-FHA), Pertactin (Anti-PRN) - Booster Phase of the Study"
398,outcome_overview_dose_description,pre boost child,1m post boost child,,,PRN,OG002,14.3,"Concentrations of Antibodies Against Pertussis Toxoid (Anti-PT), Filamentous Haemagglutinin (Anti-FHA), Pertactin (Anti-PRN) - Booster Phase of the Study"
398,outcome_overview_time_frame_weeks,,43,,,PRN,OG002,14.3,"Concentrations of Antibodies Against Pertussis Toxoid (Anti-PT), Filamentous Haemagglutinin (Anti-FHA), Pertactin (Anti-PRN) - Booster Phase of the Study"
399,outcome_overview_dose_number,3,4,,,PRN,OG003,14.3,"Concentrations of Antibodies Against Pertussis Toxoid (Anti-PT), Filamentous Haemagglutinin (Anti-FHA), Pertactin (Anti-PRN) - Booster Phase of the Study"
399,outcome_overview_dose_description,pre boost child,1m post boost child,,,PRN,OG003,14.3,"Concentrations of Antibodies Against Pertussis Toxoid (Anti-PT), Filamentous Haemagglutinin (Anti-FHA), Pertactin (Anti-PRN) - Booster Phase of the Study"
399,outcome_overview_time_frame_weeks,,43,,,PRN,OG003,14.3,"Concentrations of Antibodies Against Pertussis Toxoid (Anti-PT), Filamentous Haemagglutinin (Anti-FHA), Pertactin (Anti-PRN) - Booster Phase of the Study"
400,outcome_overview_dose_number,3,4,,,PRN,OG000,294.8,"Concentrations of Antibodies Against Pertussis Toxoid (Anti-PT), Filamentous Haemagglutinin (Anti-FHA), Pertactin (Anti-PRN) - Booster Phase of the Study"
400,outcome_overview_dose_description,pre boost child,1m post boost child,,,PRN,OG000,294.8,"Concentrations of Antibodies Against Pertussis Toxoid (Anti-PT), Filamentous Haemagglutinin (Anti-FHA), Pertactin (Anti-PRN) - Booster Phase of the Study"
400,outcome_overview_time_frame_weeks,,43,,,PRN,OG000,294.8,"Concentrations of Antibodies Against Pertussis Toxoid (Anti-PT), Filamentous Haemagglutinin (Anti-FHA), Pertactin (Anti-PRN) - Booster Phase of the Study"
401,outcome_overview_dose_number,3,4,,,PRN,OG001,228.5,"Concentrations of Antibodies Against Pertussis Toxoid (Anti-PT), Filamentous Haemagglutinin (Anti-FHA), Pertactin (Anti-PRN) - Booster Phase of the Study"
401,outcome_overview_dose_description,pre boost child,1m post boost child,,,PRN,OG001,228.5,"Concentrations of Antibodies Against Pertussis Toxoid (Anti-PT), Filamentous Haemagglutinin (Anti-FHA), Pertactin (Anti-PRN) - Booster Phase of the Study"
401,outcome_overview_time_frame_weeks,,43,,,PRN,OG001,228.5,"Concentrations of Antibodies Against Pertussis Toxoid (Anti-PT), Filamentous Haemagglutinin (Anti-FHA), Pertactin (Anti-PRN) - Booster Phase of the Study"
402,outcome_overview_dose_number,3,4,,,PRN,OG002,224.2,"Concentrations of Antibodies Against Pertussis Toxoid (Anti-PT), Filamentous Haemagglutinin (Anti-FHA), Pertactin (Anti-PRN) - Booster Phase of the Study"
402,outcome_overview_dose_description,pre boost child,1m post boost child,,,PRN,OG002,224.2,"Concentrations of Antibodies Against Pertussis Toxoid (Anti-PT), Filamentous Haemagglutinin (Anti-FHA), Pertactin (Anti-PRN) - Booster Phase of the Study"
402,outcome_overview_time_frame_weeks,,43,,,PRN,OG002,224.2,"Concentrations of Antibodies Against Pertussis Toxoid (Anti-PT), Filamentous Haemagglutinin (Anti-FHA), Pertactin (Anti-PRN) - Booster Phase of the Study"
403,outcome_overview_dose_number,3,4,,,PRN,OG003,197.3,"Concentrations of Antibodies Against Pertussis Toxoid (Anti-PT), Filamentous Haemagglutinin (Anti-FHA), Pertactin (Anti-PRN) - Booster Phase of the Study"
403,outcome_overview_dose_description,pre boost child,1m post boost child,,,PRN,OG003,197.3,"Concentrations of Antibodies Against Pertussis Toxoid (Anti-PT), Filamentous Haemagglutinin (Anti-FHA), Pertactin (Anti-PRN) - Booster Phase of the Study"
403,outcome_overview_time_frame_weeks,,43,,,PRN,OG003,197.3,"Concentrations of Antibodies Against Pertussis Toxoid (Anti-PT), Filamentous Haemagglutinin (Anti-FHA), Pertactin (Anti-PRN) - Booster Phase of the Study"
404,outcome_overview_dose_number,3,4,,,HBs,OG000,299.2,Concentrations of Antibodies Against Hepatitis B (Anti-HBs) - Booster Phase of the Study
404,outcome_overview_dose_description,pre boost child,1m post boost child,,,HBs,OG000,299.2,Concentrations of Antibodies Against Hepatitis B (Anti-HBs) - Booster Phase of the Study
404,outcome_overview_time_frame_weeks,,43,,,HBs,OG000,299.2,Concentrations of Antibodies Against Hepatitis B (Anti-HBs) - Booster Phase of the Study
405,outcome_overview_dose_number,3,4,,,HBs,OG001,287.1,Concentrations of Antibodies Against Hepatitis B (Anti-HBs) - Booster Phase of the Study
405,outcome_overview_dose_description,pre boost child,1m post boost child,,,HBs,OG001,287.1,Concentrations of Antibodies Against Hepatitis B (Anti-HBs) - Booster Phase of the Study
405,outcome_overview_time_frame_weeks,,43,,,HBs,OG001,287.1,Concentrations of Antibodies Against Hepatitis B (Anti-HBs) - Booster Phase of the Study
406,outcome_overview_dose_number,3,4,,,HBs,OG002,166.6,Concentrations of Antibodies Against Hepatitis B (Anti-HBs) - Booster Phase of the Study
406,outcome_overview_dose_description,pre boost child,1m post boost child,,,HBs,OG002,166.6,Concentrations of Antibodies Against Hepatitis B (Anti-HBs) - Booster Phase of the Study
406,outcome_overview_time_frame_weeks,,43,,,HBs,OG002,166.6,Concentrations of Antibodies Against Hepatitis B (Anti-HBs) - Booster Phase of the Study
407,outcome_overview_dose_number,3,4,,,HBs,OG003,174.5,Concentrations of Antibodies Against Hepatitis B (Anti-HBs) - Booster Phase of the Study
407,outcome_overview_dose_description,pre boost child,1m post boost child,,,HBs,OG003,174.5,Concentrations of Antibodies Against Hepatitis B (Anti-HBs) - Booster Phase of the Study
407,outcome_overview_time_frame_weeks,,43,,,HBs,OG003,174.5,Concentrations of Antibodies Against Hepatitis B (Anti-HBs) - Booster Phase of the Study
408,outcome_overview_dose_number,3,4,,,HBs,OG000,4110.9,Concentrations of Antibodies Against Hepatitis B (Anti-HBs) - Booster Phase of the Study
408,outcome_overview_dose_description,pre boost child,1m post boost child,,,HBs,OG000,4110.9,Concentrations of Antibodies Against Hepatitis B (Anti-HBs) - Booster Phase of the Study
408,outcome_overview_time_frame_weeks,,43,,,HBs,OG000,4110.9,Concentrations of Antibodies Against Hepatitis B (Anti-HBs) - Booster Phase of the Study
409,outcome_overview_dose_number,3,4,,,HBs,OG001,4234.8,Concentrations of Antibodies Against Hepatitis B (Anti-HBs) - Booster Phase of the Study
409,outcome_overview_dose_description,pre boost child,1m post boost child,,,HBs,OG001,4234.8,Concentrations of Antibodies Against Hepatitis B (Anti-HBs) - Booster Phase of the Study
409,outcome_overview_time_frame_weeks,,43,,,HBs,OG001,4234.8,Concentrations of Antibodies Against Hepatitis B (Anti-HBs) - Booster Phase of the Study
410,outcome_overview_dose_number,3,4,,,HBs,OG002,3142.4,Concentrations of Antibodies Against Hepatitis B (Anti-HBs) - Booster Phase of the Study
410,outcome_overview_dose_description,pre boost child,1m post boost child,,,HBs,OG002,3142.4,Concentrations of Antibodies Against Hepatitis B (Anti-HBs) - Booster Phase of the Study
410,outcome_overview_time_frame_weeks,,43,,,HBs,OG002,3142.4,Concentrations of Antibodies Against Hepatitis B (Anti-HBs) - Booster Phase of the Study
411,outcome_overview_dose_number,3,4,,,HBs,OG003,3116.4,Concentrations of Antibodies Against Hepatitis B (Anti-HBs) - Booster Phase of the Study
411,outcome_overview_dose_description,pre boost child,1m post boost child,,,HBs,OG003,3116.4,Concentrations of Antibodies Against Hepatitis B (Anti-HBs) - Booster Phase of the Study
411,outcome_overview_time_frame_weeks,,43,,,HBs,OG003,3116.4,Concentrations of Antibodies Against Hepatitis B (Anti-HBs) - Booster Phase of the Study
412,outcome_overview_dose_number,3,4,,,PRP,OG000,0.390,Concentrations of Antibodies Against Polyribosyl Ribitol Phosphate (Anti-PRP) - Booster Phase of the Study
412,outcome_overview_dose_description,pre boost child,1m post boost child,,,PRP,OG000,0.390,Concentrations of Antibodies Against Polyribosyl Ribitol Phosphate (Anti-PRP) - Booster Phase of the Study
412,outcome_overview_time_frame_weeks,,43,,,PRP,OG000,0.390,Concentrations of Antibodies Against Polyribosyl Ribitol Phosphate (Anti-PRP) - Booster Phase of the Study
413,outcome_overview_dose_number,3,4,,,PRP,OG001,0.446,Concentrations of Antibodies Against Polyribosyl Ribitol Phosphate (Anti-PRP) - Booster Phase of the Study
413,outcome_overview_dose_description,pre boost child,1m post boost child,,,PRP,OG001,0.446,Concentrations of Antibodies Against Polyribosyl Ribitol Phosphate (Anti-PRP) - Booster Phase of the Study
413,outcome_overview_time_frame_weeks,,43,,,PRP,OG001,0.446,Concentrations of Antibodies Against Polyribosyl Ribitol Phosphate (Anti-PRP) - Booster Phase of the Study
414,outcome_overview_dose_number,3,4,,,PRP,OG002,0.503,Concentrations of Antibodies Against Polyribosyl Ribitol Phosphate (Anti-PRP) - Booster Phase of the Study
414,outcome_overview_dose_description,pre boost child,1m post boost child,,,PRP,OG002,0.503,Concentrations of Antibodies Against Polyribosyl Ribitol Phosphate (Anti-PRP) - Booster Phase of the Study
414,outcome_overview_time_frame_weeks,,43,,,PRP,OG002,0.503,Concentrations of Antibodies Against Polyribosyl Ribitol Phosphate (Anti-PRP) - Booster Phase of the Study
415,outcome_overview_dose_number,3,4,,,PRP,OG003,0.272,Concentrations of Antibodies Against Polyribosyl Ribitol Phosphate (Anti-PRP) - Booster Phase of the Study
415,outcome_overview_dose_description,pre boost child,1m post boost child,,,PRP,OG003,0.272,Concentrations of Antibodies Against Polyribosyl Ribitol Phosphate (Anti-PRP) - Booster Phase of the Study
415,outcome_overview_time_frame_weeks,,43,,,PRP,OG003,0.272,Concentrations of Antibodies Against Polyribosyl Ribitol Phosphate (Anti-PRP) - Booster Phase of the Study
416,outcome_overview_dose_number,3,4,,,PRP,OG000,16.961,Concentrations of Antibodies Against Polyribosyl Ribitol Phosphate (Anti-PRP) - Booster Phase of the Study
416,outcome_overview_dose_description,pre boost child,1m post boost child,,,PRP,OG000,16.961,Concentrations of Antibodies Against Polyribosyl Ribitol Phosphate (Anti-PRP) - Booster Phase of the Study
416,outcome_overview_time_frame_weeks,,43,,,PRP,OG000,16.961,Concentrations of Antibodies Against Polyribosyl Ribitol Phosphate (Anti-PRP) - Booster Phase of the Study
417,outcome_overview_dose_number,3,4,,,PRP,OG001,28.168,Concentrations of Antibodies Against Polyribosyl Ribitol Phosphate (Anti-PRP) - Booster Phase of the Study
417,outcome_overview_dose_description,pre boost child,1m post boost child,,,PRP,OG001,28.168,Concentrations of Antibodies Against Polyribosyl Ribitol Phosphate (Anti-PRP) - Booster Phase of the Study
417,outcome_overview_time_frame_weeks,,43,,,PRP,OG001,28.168,Concentrations of Antibodies Against Polyribosyl Ribitol Phosphate (Anti-PRP) - Booster Phase of the Study
418,outcome_overview_dose_number,3,4,,,PRP,OG002,24.549,Concentrations of Antibodies Against Polyribosyl Ribitol Phosphate (Anti-PRP) - Booster Phase of the Study
418,outcome_overview_dose_description,pre boost child,1m post boost child,,,PRP,OG002,24.549,Concentrations of Antibodies Against Polyribosyl Ribitol Phosphate (Anti-PRP) - Booster Phase of the Study
418,outcome_overview_time_frame_weeks,,43,,,PRP,OG002,24.549,Concentrations of Antibodies Against Polyribosyl Ribitol Phosphate (Anti-PRP) - Booster Phase of the Study
419,outcome_overview_dose_number,3,4,,,PRP,OG003,12.853,Concentrations of Antibodies Against Polyribosyl Ribitol Phosphate (Anti-PRP) - Booster Phase of the Study
419,outcome_overview_dose_description,pre boost child,1m post boost child,,,PRP,OG003,12.853,Concentrations of Antibodies Against Polyribosyl Ribitol Phosphate (Anti-PRP) - Booster Phase of the Study
419,outcome_overview_time_frame_weeks,,43,,,PRP,OG003,12.853,Concentrations of Antibodies Against Polyribosyl Ribitol Phosphate (Anti-PRP) - Booster Phase of the Study
432,outcome_overview_dose_number,3,4,,,Polio 1,OG000,41.7,"Titers of Antibodies Against Poliovirus Types 1, 2 and 3 (Anti-1, Anti-2 and Anti-3) - Booster Phase of the Study"
432,outcome_overview_dose_description,pre boost child,1m post boost child,,,Polio 1,OG000,41.7,"Titers of Antibodies Against Poliovirus Types 1, 2 and 3 (Anti-1, Anti-2 and Anti-3) - Booster Phase of the Study"
432,outcome_overview_time_frame_weeks,,43,,,Polio 1,OG000,41.7,"Titers of Antibodies Against Poliovirus Types 1, 2 and 3 (Anti-1, Anti-2 and Anti-3) - Booster Phase of the Study"
433,outcome_overview_dose_number,3,4,,,Polio 1,OG001,58.3,"Titers of Antibodies Against Poliovirus Types 1, 2 and 3 (Anti-1, Anti-2 and Anti-3) - Booster Phase of the Study"
433,outcome_overview_dose_description,pre boost child,1m post boost child,,,Polio 1,OG001,58.3,"Titers of Antibodies Against Poliovirus Types 1, 2 and 3 (Anti-1, Anti-2 and Anti-3) - Booster Phase of the Study"
433,outcome_overview_time_frame_weeks,,43,,,Polio 1,OG001,58.3,"Titers of Antibodies Against Poliovirus Types 1, 2 and 3 (Anti-1, Anti-2 and Anti-3) - Booster Phase of the Study"
434,outcome_overview_dose_number,3,4,,,Polio 1,OG002,55.5,"Titers of Antibodies Against Poliovirus Types 1, 2 and 3 (Anti-1, Anti-2 and Anti-3) - Booster Phase of the Study"
434,outcome_overview_dose_description,pre boost child,1m post boost child,,,Polio 1,OG002,55.5,"Titers of Antibodies Against Poliovirus Types 1, 2 and 3 (Anti-1, Anti-2 and Anti-3) - Booster Phase of the Study"
434,outcome_overview_time_frame_weeks,,43,,,Polio 1,OG002,55.5,"Titers of Antibodies Against Poliovirus Types 1, 2 and 3 (Anti-1, Anti-2 and Anti-3) - Booster Phase of the Study"
435,outcome_overview_dose_number,3,4,,,Polio 1,OG003,55.4,"Titers of Antibodies Against Poliovirus Types 1, 2 and 3 (Anti-1, Anti-2 and Anti-3) - Booster Phase of the Study"
435,outcome_overview_dose_description,pre boost child,1m post boost child,,,Polio 1,OG003,55.4,"Titers of Antibodies Against Poliovirus Types 1, 2 and 3 (Anti-1, Anti-2 and Anti-3) - Booster Phase of the Study"
435,outcome_overview_time_frame_weeks,,43,,,Polio 1,OG003,55.4,"Titers of Antibodies Against Poliovirus Types 1, 2 and 3 (Anti-1, Anti-2 and Anti-3) - Booster Phase of the Study"
436,outcome_overview_dose_number,3,4,,,Polio 1,OG000,1116.0,"Titers of Antibodies Against Poliovirus Types 1, 2 and 3 (Anti-1, Anti-2 and Anti-3) - Booster Phase of the Study"
436,outcome_overview_dose_description,pre boost child,1m post boost child,,,Polio 1,OG000,1116.0,"Titers of Antibodies Against Poliovirus Types 1, 2 and 3 (Anti-1, Anti-2 and Anti-3) - Booster Phase of the Study"
436,outcome_overview_time_frame_weeks,,43,,,Polio 1,OG000,1116.0,"Titers of Antibodies Against Poliovirus Types 1, 2 and 3 (Anti-1, Anti-2 and Anti-3) - Booster Phase of the Study"
437,outcome_overview_dose_number,3,4,,,Polio 1,OG001,1222.0,"Titers of Antibodies Against Poliovirus Types 1, 2 and 3 (Anti-1, Anti-2 and Anti-3) - Booster Phase of the Study"
437,outcome_overview_dose_description,pre boost child,1m post boost child,,,Polio 1,OG001,1222.0,"Titers of Antibodies Against Poliovirus Types 1, 2 and 3 (Anti-1, Anti-2 and Anti-3) - Booster Phase of the Study"
437,outcome_overview_time_frame_weeks,,43,,,Polio 1,OG001,1222.0,"Titers of Antibodies Against Poliovirus Types 1, 2 and 3 (Anti-1, Anti-2 and Anti-3) - Booster Phase of the Study"
438,outcome_overview_dose_number,3,4,,,Polio 1,OG002,1149.6,"Titers of Antibodies Against Poliovirus Types 1, 2 and 3 (Anti-1, Anti-2 and Anti-3) - Booster Phase of the Study"
438,outcome_overview_dose_description,pre boost child,1m post boost child,,,Polio 1,OG002,1149.6,"Titers of Antibodies Against Poliovirus Types 1, 2 and 3 (Anti-1, Anti-2 and Anti-3) - Booster Phase of the Study"
438,outcome_overview_time_frame_weeks,,43,,,Polio 1,OG002,1149.6,"Titers of Antibodies Against Poliovirus Types 1, 2 and 3 (Anti-1, Anti-2 and Anti-3) - Booster Phase of the Study"
439,outcome_overview_dose_number,3,4,,,Polio 1,OG003,1233.2,"Titers of Antibodies Against Poliovirus Types 1, 2 and 3 (Anti-1, Anti-2 and Anti-3) - Booster Phase of the Study"
439,outcome_overview_dose_description,pre boost child,1m post boost child,,,Polio 1,OG003,1233.2,"Titers of Antibodies Against Poliovirus Types 1, 2 and 3 (Anti-1, Anti-2 and Anti-3) - Booster Phase of the Study"
439,outcome_overview_time_frame_weeks,,43,,,Polio 1,OG003,1233.2,"Titers of Antibodies Against Poliovirus Types 1, 2 and 3 (Anti-1, Anti-2 and Anti-3) - Booster Phase of the Study"
440,outcome_overview_dose_number,3,4,,,Polio 2,OG000,50.4,"Titers of Antibodies Against Poliovirus Types 1, 2 and 3 (Anti-1, Anti-2 and Anti-3) - Booster Phase of the Study"
440,outcome_overview_dose_description,pre boost child,1m post boost child,,,Polio 2,OG000,50.4,"Titers of Antibodies Against Poliovirus Types 1, 2 and 3 (Anti-1, Anti-2 and Anti-3) - Booster Phase of the Study"
440,outcome_overview_time_frame_weeks,,43,,,Polio 2,OG000,50.4,"Titers of Antibodies Against Poliovirus Types 1, 2 and 3 (Anti-1, Anti-2 and Anti-3) - Booster Phase of the Study"
441,outcome_overview_dose_number,3,4,,,Polio 2,OG001,55.9,"Titers of Antibodies Against Poliovirus Types 1, 2 and 3 (Anti-1, Anti-2 and Anti-3) - Booster Phase of the Study"
441,outcome_overview_dose_description,pre boost child,1m post boost child,,,Polio 2,OG001,55.9,"Titers of Antibodies Against Poliovirus Types 1, 2 and 3 (Anti-1, Anti-2 and Anti-3) - Booster Phase of the Study"
441,outcome_overview_time_frame_weeks,,43,,,Polio 2,OG001,55.9,"Titers of Antibodies Against Poliovirus Types 1, 2 and 3 (Anti-1, Anti-2 and Anti-3) - Booster Phase of the Study"
442,outcome_overview_dose_number,3,4,,,Polio 2,OG002,61.0,"Titers of Antibodies Against Poliovirus Types 1, 2 and 3 (Anti-1, Anti-2 and Anti-3) - Booster Phase of the Study"
442,outcome_overview_dose_description,pre boost child,1m post boost child,,,Polio 2,OG002,61.0,"Titers of Antibodies Against Poliovirus Types 1, 2 and 3 (Anti-1, Anti-2 and Anti-3) - Booster Phase of the Study"
442,outcome_overview_time_frame_weeks,,43,,,Polio 2,OG002,61.0,"Titers of Antibodies Against Poliovirus Types 1, 2 and 3 (Anti-1, Anti-2 and Anti-3) - Booster Phase of the Study"
443,outcome_overview_dose_number,3,4,,,Polio 2,OG003,66.8,"Titers of Antibodies Against Poliovirus Types 1, 2 and 3 (Anti-1, Anti-2 and Anti-3) - Booster Phase of the Study"
443,outcome_overview_dose_description,pre boost child,1m post boost child,,,Polio 2,OG003,66.8,"Titers of Antibodies Against Poliovirus Types 1, 2 and 3 (Anti-1, Anti-2 and Anti-3) - Booster Phase of the Study"
443,outcome_overview_time_frame_weeks,,43,,,Polio 2,OG003,66.8,"Titers of Antibodies Against Poliovirus Types 1, 2 and 3 (Anti-1, Anti-2 and Anti-3) - Booster Phase of the Study"
444,outcome_overview_dose_number,3,4,,,Polio 2,OG000,1998.1,"Titers of Antibodies Against Poliovirus Types 1, 2 and 3 (Anti-1, Anti-2 and Anti-3) - Booster Phase of the Study"
444,outcome_overview_dose_description,pre boost child,1m post boost child,,,Polio 2,OG000,1998.1,"Titers of Antibodies Against Poliovirus Types 1, 2 and 3 (Anti-1, Anti-2 and Anti-3) - Booster Phase of the Study"
444,outcome_overview_time_frame_weeks,,43,,,Polio 2,OG000,1998.1,"Titers of Antibodies Against Poliovirus Types 1, 2 and 3 (Anti-1, Anti-2 and Anti-3) - Booster Phase of the Study"
445,outcome_overview_dose_number,3,4,,,Polio 2,OG001,2332.2,"Titers of Antibodies Against Poliovirus Types 1, 2 and 3 (Anti-1, Anti-2 and Anti-3) - Booster Phase of the Study"
445,outcome_overview_dose_description,pre boost child,1m post boost child,,,Polio 2,OG001,2332.2,"Titers of Antibodies Against Poliovirus Types 1, 2 and 3 (Anti-1, Anti-2 and Anti-3) - Booster Phase of the Study"
445,outcome_overview_time_frame_weeks,,43,,,Polio 2,OG001,2332.2,"Titers of Antibodies Against Poliovirus Types 1, 2 and 3 (Anti-1, Anti-2 and Anti-3) - Booster Phase of the Study"
446,outcome_overview_dose_number,3,4,,,Polio 2,OG002,2048.3,"Titers of Antibodies Against Poliovirus Types 1, 2 and 3 (Anti-1, Anti-2 and Anti-3) - Booster Phase of the Study"
446,outcome_overview_dose_description,pre boost child,1m post boost child,,,Polio 2,OG002,2048.3,"Titers of Antibodies Against Poliovirus Types 1, 2 and 3 (Anti-1, Anti-2 and Anti-3) - Booster Phase of the Study"
446,outcome_overview_time_frame_weeks,,43,,,Polio 2,OG002,2048.3,"Titers of Antibodies Against Poliovirus Types 1, 2 and 3 (Anti-1, Anti-2 and Anti-3) - Booster Phase of the Study"
447,outcome_overview_dose_number,3,4,,,Polio 2,OG003,2284.8,"Titers of Antibodies Against Poliovirus Types 1, 2 and 3 (Anti-1, Anti-2 and Anti-3) - Booster Phase of the Study"
447,outcome_overview_dose_description,pre boost child,1m post boost child,,,Polio 2,OG003,2284.8,"Titers of Antibodies Against Poliovirus Types 1, 2 and 3 (Anti-1, Anti-2 and Anti-3) - Booster Phase of the Study"
447,outcome_overview_time_frame_weeks,,43,,,Polio 2,OG003,2284.8,"Titers of Antibodies Against Poliovirus Types 1, 2 and 3 (Anti-1, Anti-2 and Anti-3) - Booster Phase of the Study"
448,outcome_overview_dose_number,3,4,,,Polio 3,OG000,167.7,"Titers of Antibodies Against Poliovirus Types 1, 2 and 3 (Anti-1, Anti-2 and Anti-3) - Booster Phase of the Study"
448,outcome_overview_dose_description,pre boost child,1m post boost child,,,Polio 3,OG000,167.7,"Titers of Antibodies Against Poliovirus Types 1, 2 and 3 (Anti-1, Anti-2 and Anti-3) - Booster Phase of the Study"
448,outcome_overview_time_frame_weeks,,43,,,Polio 3,OG000,167.7,"Titers of Antibodies Against Poliovirus Types 1, 2 and 3 (Anti-1, Anti-2 and Anti-3) - Booster Phase of the Study"
449,outcome_overview_dose_number,3,4,,,Polio 3,OG001,104.9,"Titers of Antibodies Against Poliovirus Types 1, 2 and 3 (Anti-1, Anti-2 and Anti-3) - Booster Phase of the Study"
449,outcome_overview_dose_description,pre boost child,1m post boost child,,,Polio 3,OG001,104.9,"Titers of Antibodies Against Poliovirus Types 1, 2 and 3 (Anti-1, Anti-2 and Anti-3) - Booster Phase of the Study"
449,outcome_overview_time_frame_weeks,,43,,,Polio 3,OG001,104.9,"Titers of Antibodies Against Poliovirus Types 1, 2 and 3 (Anti-1, Anti-2 and Anti-3) - Booster Phase of the Study"
450,outcome_overview_dose_number,3,4,,,Polio 3,OG002,125.4,"Titers of Antibodies Against Poliovirus Types 1, 2 and 3 (Anti-1, Anti-2 and Anti-3) - Booster Phase of the Study"
450,outcome_overview_dose_description,pre boost child,1m post boost child,,,Polio 3,OG002,125.4,"Titers of Antibodies Against Poliovirus Types 1, 2 and 3 (Anti-1, Anti-2 and Anti-3) - Booster Phase of the Study"
450,outcome_overview_time_frame_weeks,,43,,,Polio 3,OG002,125.4,"Titers of Antibodies Against Poliovirus Types 1, 2 and 3 (Anti-1, Anti-2 and Anti-3) - Booster Phase of the Study"
451,outcome_overview_dose_number,3,4,,,Polio 3,OG003,93.1,"Titers of Antibodies Against Poliovirus Types 1, 2 and 3 (Anti-1, Anti-2 and Anti-3) - Booster Phase of the Study"
451,outcome_overview_dose_description,pre boost child,1m post boost child,,,Polio 3,OG003,93.1,"Titers of Antibodies Against Poliovirus Types 1, 2 and 3 (Anti-1, Anti-2 and Anti-3) - Booster Phase of the Study"
451,outcome_overview_time_frame_weeks,,43,,,Polio 3,OG003,93.1,"Titers of Antibodies Against Poliovirus Types 1, 2 and 3 (Anti-1, Anti-2 and Anti-3) - Booster Phase of the Study"
452,outcome_overview_dose_number,3,4,,,Polio 3,OG000,2995.8,"Titers of Antibodies Against Poliovirus Types 1, 2 and 3 (Anti-1, Anti-2 and Anti-3) - Booster Phase of the Study"
452,outcome_overview_dose_description,pre boost child,1m post boost child,,,Polio 3,OG000,2995.8,"Titers of Antibodies Against Poliovirus Types 1, 2 and 3 (Anti-1, Anti-2 and Anti-3) - Booster Phase of the Study"
452,outcome_overview_time_frame_weeks,,43,,,Polio 3,OG000,2995.8,"Titers of Antibodies Against Poliovirus Types 1, 2 and 3 (Anti-1, Anti-2 and Anti-3) - Booster Phase of the Study"
453,outcome_overview_dose_number,3,4,,,Polio 3,OG001,3626.3,"Titers of Antibodies Against Poliovirus Types 1, 2 and 3 (Anti-1, Anti-2 and Anti-3) - Booster Phase of the Study"
453,outcome_overview_dose_description,pre boost child,1m post boost child,,,Polio 3,OG001,3626.3,"Titers of Antibodies Against Poliovirus Types 1, 2 and 3 (Anti-1, Anti-2 and Anti-3) - Booster Phase of the Study"
453,outcome_overview_time_frame_weeks,,43,,,Polio 3,OG001,3626.3,"Titers of Antibodies Against Poliovirus Types 1, 2 and 3 (Anti-1, Anti-2 and Anti-3) - Booster Phase of the Study"
454,outcome_overview_dose_number,3,4,,,Polio 3,OG002,2696.8,"Titers of Antibodies Against Poliovirus Types 1, 2 and 3 (Anti-1, Anti-2 and Anti-3) - Booster Phase of the Study"
454,outcome_overview_dose_description,pre boost child,1m post boost child,,,Polio 3,OG002,2696.8,"Titers of Antibodies Against Poliovirus Types 1, 2 and 3 (Anti-1, Anti-2 and Anti-3) - Booster Phase of the Study"
454,outcome_overview_time_frame_weeks,,43,,,Polio 3,OG002,2696.8,"Titers of Antibodies Against Poliovirus Types 1, 2 and 3 (Anti-1, Anti-2 and Anti-3) - Booster Phase of the Study"
455,outcome_overview_dose_number,3,4,,,Polio 3,OG003,2820.0,"Titers of Antibodies Against Poliovirus Types 1, 2 and 3 (Anti-1, Anti-2 and Anti-3) - Booster Phase of the Study"
455,outcome_overview_dose_description,pre boost child,1m post boost child,,,Polio 3,OG003,2820.0,"Titers of Antibodies Against Poliovirus Types 1, 2 and 3 (Anti-1, Anti-2 and Anti-3) - Booster Phase of the Study"
455,outcome_overview_time_frame_weeks,,43,,,Polio 3,OG003,2820.0,"Titers of Antibodies Against Poliovirus Types 1, 2 and 3 (Anti-1, Anti-2 and Anti-3) - Booster Phase of the Study"
