row_index,field,agent_a_value,agent_b_value,chosen_value,notes,serotype,group_id,context_value,outcome_title
0,outcome_overview_dose_description,0w post dose 1 child,8w post dose 1 child,,,Baseline,OG000,2083.27,Geometric Mean Concentrations (GMC) of IgG Antibodies Against Pneumolysoid (L460D) Pneumococcal Protein: ELISA Assay
0,outcome_overview_time_frame_weeks,0,8,,,Baseline,OG000,2083.27,Geometric Mean Concentrations (GMC) of IgG Antibodies Against Pneumolysoid (L460D) Pneumococcal Protein: ELISA Assay
1,outcome_overview_dose_description,0w post dose 1 child,8w post dose 1 child,,,Baseline,OG001,1569.91,Geometric Mean Concentrations (GMC) of IgG Antibodies Against Pneumolysoid (L460D) Pneumococcal Protein: ELISA Assay
1,outcome_overview_time_frame_weeks,0,8,,,Baseline,OG001,1569.91,Geometric Mean Concentrations (GMC) of IgG Antibodies Against Pneumolysoid (L460D) Pneumococcal Protein: ELISA Assay
2,outcome_overview_dose_description,0w post dose 1 child,8w post dose 1 child,,,Baseline,OG002,1998.33,Geometric Mean Concentrations (GMC) of IgG Antibodies Against Pneumolysoid (L460D) Pneumococcal Protein: ELISA Assay
2,outcome_overview_time_frame_weeks,0,8,,,Baseline,OG002,1998.33,Geometric Mean Concentrations (GMC) of IgG Antibodies Against Pneumolysoid (L460D) Pneumococcal Protein: ELISA Assay
3,outcome_overview_dose_description,0w post dose 1 child,8w post dose 1 child,,,Baseline,OG003,400.00,Geometric Mean Concentrations (GMC) of IgG Antibodies Against Pneumolysoid (L460D) Pneumococcal Protein: ELISA Assay
3,outcome_overview_time_frame_weeks,0,8,,,Baseline,OG003,400.00,Geometric Mean Concentrations (GMC) of IgG Antibodies Against Pneumolysoid (L460D) Pneumococcal Protein: ELISA Assay
4,outcome_overview_dose_description,0w post dose 1 child,8w post dose 1 child,,,Baseline,OG004,311.30,Geometric Mean Concentrations (GMC) of IgG Antibodies Against Pneumolysoid (L460D) Pneumococcal Protein: ELISA Assay
4,outcome_overview_time_frame_weeks,0,8,,,Baseline,OG004,311.30,Geometric Mean Concentrations (GMC) of IgG Antibodies Against Pneumolysoid (L460D) Pneumococcal Protein: ELISA Assay
5,outcome_overview_dose_description,0w post dose 1 child,8w post dose 1 child,,,Baseline,OG005,755.10,Geometric Mean Concentrations (GMC) of IgG Antibodies Against Pneumolysoid (L460D) Pneumococcal Protein: ELISA Assay
5,outcome_overview_time_frame_weeks,0,8,,,Baseline,OG005,755.10,Geometric Mean Concentrations (GMC) of IgG Antibodies Against Pneumolysoid (L460D) Pneumococcal Protein: ELISA Assay
6,outcome_overview_dose_description,0w post dose 1 child,8w post dose 1 child,,,Baseline,OG006,848.61,Geometric Mean Concentrations (GMC) of IgG Antibodies Against Pneumolysoid (L460D) Pneumococcal Protein: ELISA Assay
6,outcome_overview_time_frame_weeks,0,8,,,Baseline,OG006,848.61,Geometric Mean Concentrations (GMC) of IgG Antibodies Against Pneumolysoid (L460D) Pneumococcal Protein: ELISA Assay
7,outcome_overview_dose_description,0w post dose 1 child,8w post dose 1 child,,,Baseline,OG007,455.52,Geometric Mean Concentrations (GMC) of IgG Antibodies Against Pneumolysoid (L460D) Pneumococcal Protein: ELISA Assay
7,outcome_overview_time_frame_weeks,0,8,,,Baseline,OG007,455.52,Geometric Mean Concentrations (GMC) of IgG Antibodies Against Pneumolysoid (L460D) Pneumococcal Protein: ELISA Assay
8,outcome_overview_dose_description,0w post dose 1 child,8w post dose 1 child,,,Post-vaccination 1,OG000,2619.99,Geometric Mean Concentrations (GMC) of IgG Antibodies Against Pneumolysoid (L460D) Pneumococcal Protein: ELISA Assay
8,outcome_overview_time_frame_weeks,0,8,,,Post-vaccination 1,OG000,2619.99,Geometric Mean Concentrations (GMC) of IgG Antibodies Against Pneumolysoid (L460D) Pneumococcal Protein: ELISA Assay
9,outcome_overview_dose_description,0w post dose 1 child,8w post dose 1 child,,,Post-vaccination 1,OG001,2394.59,Geometric Mean Concentrations (GMC) of IgG Antibodies Against Pneumolysoid (L460D) Pneumococcal Protein: ELISA Assay
9,outcome_overview_time_frame_weeks,0,8,,,Post-vaccination 1,OG001,2394.59,Geometric Mean Concentrations (GMC) of IgG Antibodies Against Pneumolysoid (L460D) Pneumococcal Protein: ELISA Assay
10,outcome_overview_dose_description,0w post dose 1 child,8w post dose 1 child,,,Post-vaccination 1,OG002,1945.09,Geometric Mean Concentrations (GMC) of IgG Antibodies Against Pneumolysoid (L460D) Pneumococcal Protein: ELISA Assay
10,outcome_overview_time_frame_weeks,0,8,,,Post-vaccination 1,OG002,1945.09,Geometric Mean Concentrations (GMC) of IgG Antibodies Against Pneumolysoid (L460D) Pneumococcal Protein: ELISA Assay
11,outcome_overview_dose_description,0w post dose 1 child,8w post dose 1 child,,,Post-vaccination 1,OG003,516.79,Geometric Mean Concentrations (GMC) of IgG Antibodies Against Pneumolysoid (L460D) Pneumococcal Protein: ELISA Assay
11,outcome_overview_time_frame_weeks,0,8,,,Post-vaccination 1,OG003,516.79,Geometric Mean Concentrations (GMC) of IgG Antibodies Against Pneumolysoid (L460D) Pneumococcal Protein: ELISA Assay
12,outcome_overview_dose_description,0w post dose 1 child,8w post dose 1 child,,,Post-vaccination 1,OG004,506.45,Geometric Mean Concentrations (GMC) of IgG Antibodies Against Pneumolysoid (L460D) Pneumococcal Protein: ELISA Assay
12,outcome_overview_time_frame_weeks,0,8,,,Post-vaccination 1,OG004,506.45,Geometric Mean Concentrations (GMC) of IgG Antibodies Against Pneumolysoid (L460D) Pneumococcal Protein: ELISA Assay
13,outcome_overview_dose_description,0w post dose 1 child,8w post dose 1 child,,,Post-vaccination 1,OG005,897.97,Geometric Mean Concentrations (GMC) of IgG Antibodies Against Pneumolysoid (L460D) Pneumococcal Protein: ELISA Assay
13,outcome_overview_time_frame_weeks,0,8,,,Post-vaccination 1,OG005,897.97,Geometric Mean Concentrations (GMC) of IgG Antibodies Against Pneumolysoid (L460D) Pneumococcal Protein: ELISA Assay
14,outcome_overview_dose_description,0w post dose 1 child,8w post dose 1 child,,,Post-vaccination 1,OG006,1647.90,Geometric Mean Concentrations (GMC) of IgG Antibodies Against Pneumolysoid (L460D) Pneumococcal Protein: ELISA Assay
14,outcome_overview_time_frame_weeks,0,8,,,Post-vaccination 1,OG006,1647.90,Geometric Mean Concentrations (GMC) of IgG Antibodies Against Pneumolysoid (L460D) Pneumococcal Protein: ELISA Assay
15,outcome_overview_dose_description,0w post dose 1 child,8w post dose 1 child,,,Post-vaccination 1,OG007,489.62,Geometric Mean Concentrations (GMC) of IgG Antibodies Against Pneumolysoid (L460D) Pneumococcal Protein: ELISA Assay
15,outcome_overview_time_frame_weeks,0,8,,,Post-vaccination 1,OG007,489.62,Geometric Mean Concentrations (GMC) of IgG Antibodies Against Pneumolysoid (L460D) Pneumococcal Protein: ELISA Assay
16,outcome_overview_dose_description,0w post dose 1 child,8w post dose 1 child,,,Post-vaccination 2,OG000,3752.62,Geometric Mean Concentrations (GMC) of IgG Antibodies Against Pneumolysoid (L460D) Pneumococcal Protein: ELISA Assay
16,outcome_overview_time_frame_weeks,0,8,,,Post-vaccination 2,OG000,3752.62,Geometric Mean Concentrations (GMC) of IgG Antibodies Against Pneumolysoid (L460D) Pneumococcal Protein: ELISA Assay
17,outcome_overview_dose_description,0w post dose 1 child,8w post dose 1 child,,,Post-vaccination 2,OG001,2933.71,Geometric Mean Concentrations (GMC) of IgG Antibodies Against Pneumolysoid (L460D) Pneumococcal Protein: ELISA Assay
17,outcome_overview_time_frame_weeks,0,8,,,Post-vaccination 2,OG001,2933.71,Geometric Mean Concentrations (GMC) of IgG Antibodies Against Pneumolysoid (L460D) Pneumococcal Protein: ELISA Assay
18,outcome_overview_dose_description,0w post dose 1 child,8w post dose 1 child,,,Post-vaccination 2,OG002,1961.47,Geometric Mean Concentrations (GMC) of IgG Antibodies Against Pneumolysoid (L460D) Pneumococcal Protein: ELISA Assay
18,outcome_overview_time_frame_weeks,0,8,,,Post-vaccination 2,OG002,1961.47,Geometric Mean Concentrations (GMC) of IgG Antibodies Against Pneumolysoid (L460D) Pneumococcal Protein: ELISA Assay
19,outcome_overview_dose_description,0w post dose 1 child,8w post dose 1 child,,,Post-vaccination 2,OG003,800.00,Geometric Mean Concentrations (GMC) of IgG Antibodies Against Pneumolysoid (L460D) Pneumococcal Protein: ELISA Assay
19,outcome_overview_time_frame_weeks,0,8,,,Post-vaccination 2,OG003,800.00,Geometric Mean Concentrations (GMC) of IgG Antibodies Against Pneumolysoid (L460D) Pneumococcal Protein: ELISA Assay
20,outcome_overview_dose_description,0w post dose 1 child,8w post dose 1 child,,,Post-vaccination 2,OG004,732.25,Geometric Mean Concentrations (GMC) of IgG Antibodies Against Pneumolysoid (L460D) Pneumococcal Protein: ELISA Assay
20,outcome_overview_time_frame_weeks,0,8,,,Post-vaccination 2,OG004,732.25,Geometric Mean Concentrations (GMC) of IgG Antibodies Against Pneumolysoid (L460D) Pneumococcal Protein: ELISA Assay
21,outcome_overview_dose_description,0w post dose 1 child,8w post dose 1 child,,,Post-vaccination 2,OG005,1510.20,Geometric Mean Concentrations (GMC) of IgG Antibodies Against Pneumolysoid (L460D) Pneumococcal Protein: ELISA Assay
21,outcome_overview_time_frame_weeks,0,8,,,Post-vaccination 2,OG005,1510.20,Geometric Mean Concentrations (GMC) of IgG Antibodies Against Pneumolysoid (L460D) Pneumococcal Protein: ELISA Assay
22,outcome_overview_dose_description,0w post dose 1 child,8w post dose 1 child,,,Post-vaccination 2,OG006,2211.06,Geometric Mean Concentrations (GMC) of IgG Antibodies Against Pneumolysoid (L460D) Pneumococcal Protein: ELISA Assay
22,outcome_overview_time_frame_weeks,0,8,,,Post-vaccination 2,OG006,2211.06,Geometric Mean Concentrations (GMC) of IgG Antibodies Against Pneumolysoid (L460D) Pneumococcal Protein: ELISA Assay
23,outcome_overview_dose_description,0w post dose 1 child,8w post dose 1 child,,,Post-vaccination 2,OG007,526.28,Geometric Mean Concentrations (GMC) of IgG Antibodies Against Pneumolysoid (L460D) Pneumococcal Protein: ELISA Assay
23,outcome_overview_time_frame_weeks,0,8,,,Post-vaccination 2,OG007,526.28,Geometric Mean Concentrations (GMC) of IgG Antibodies Against Pneumolysoid (L460D) Pneumococcal Protein: ELISA Assay
24,outcome_overview_dose_description,0w post dose 1 child,8w post dose 1 child,,,Baseline,OG000,1899.32,Geometric Mean Concentrations (GMC) of IgG Antibodies Against PspA-Fam1 Pneumococcal Protein: ELISA Assay
24,outcome_overview_time_frame_weeks,0,8,,,Baseline,OG000,1899.32,Geometric Mean Concentrations (GMC) of IgG Antibodies Against PspA-Fam1 Pneumococcal Protein: ELISA Assay
25,outcome_overview_dose_description,0w post dose 1 child,8w post dose 1 child,,,Baseline,OG001,2042.68,Geometric Mean Concentrations (GMC) of IgG Antibodies Against PspA-Fam1 Pneumococcal Protein: ELISA Assay
25,outcome_overview_time_frame_weeks,0,8,,,Baseline,OG001,2042.68,Geometric Mean Concentrations (GMC) of IgG Antibodies Against PspA-Fam1 Pneumococcal Protein: ELISA Assay
26,outcome_overview_dose_description,0w post dose 1 child,8w post dose 1 child,,,Baseline,OG002,1793.44,Geometric Mean Concentrations (GMC) of IgG Antibodies Against PspA-Fam1 Pneumococcal Protein: ELISA Assay
26,outcome_overview_time_frame_weeks,0,8,,,Baseline,OG002,1793.44,Geometric Mean Concentrations (GMC) of IgG Antibodies Against PspA-Fam1 Pneumococcal Protein: ELISA Assay
27,outcome_overview_dose_description,0w post dose 1 child,8w post dose 1 child,,,Baseline,OG003,410.23,Geometric Mean Concentrations (GMC) of IgG Antibodies Against PspA-Fam1 Pneumococcal Protein: ELISA Assay
27,outcome_overview_time_frame_weeks,0,8,,,Baseline,OG003,410.23,Geometric Mean Concentrations (GMC) of IgG Antibodies Against PspA-Fam1 Pneumococcal Protein: ELISA Assay
28,outcome_overview_dose_description,0w post dose 1 child,8w post dose 1 child,,,Baseline,OG004,361.41,Geometric Mean Concentrations (GMC) of IgG Antibodies Against PspA-Fam1 Pneumococcal Protein: ELISA Assay
28,outcome_overview_time_frame_weeks,0,8,,,Baseline,OG004,361.41,Geometric Mean Concentrations (GMC) of IgG Antibodies Against PspA-Fam1 Pneumococcal Protein: ELISA Assay
29,outcome_overview_dose_description,0w post dose 1 child,8w post dose 1 child,,,Baseline,OG005,550.02,Geometric Mean Concentrations (GMC) of IgG Antibodies Against PspA-Fam1 Pneumococcal Protein: ELISA Assay
29,outcome_overview_time_frame_weeks,0,8,,,Baseline,OG005,550.02,Geometric Mean Concentrations (GMC) of IgG Antibodies Against PspA-Fam1 Pneumococcal Protein: ELISA Assay
30,outcome_overview_dose_description,0w post dose 1 child,8w post dose 1 child,,,Baseline,OG006,674.04,Geometric Mean Concentrations (GMC) of IgG Antibodies Against PspA-Fam1 Pneumococcal Protein: ELISA Assay
30,outcome_overview_time_frame_weeks,0,8,,,Baseline,OG006,674.04,Geometric Mean Concentrations (GMC) of IgG Antibodies Against PspA-Fam1 Pneumococcal Protein: ELISA Assay
31,outcome_overview_dose_description,0w post dose 1 child,8w post dose 1 child,,,Baseline,OG007,456.64,Geometric Mean Concentrations (GMC) of IgG Antibodies Against PspA-Fam1 Pneumococcal Protein: ELISA Assay
31,outcome_overview_time_frame_weeks,0,8,,,Baseline,OG007,456.64,Geometric Mean Concentrations (GMC) of IgG Antibodies Against PspA-Fam1 Pneumococcal Protein: ELISA Assay
32,outcome_overview_dose_description,0w post dose 1 child,8w post dose 1 child,,,Post-vaccination 1,OG000,2425.50,Geometric Mean Concentrations (GMC) of IgG Antibodies Against PspA-Fam1 Pneumococcal Protein: ELISA Assay
32,outcome_overview_time_frame_weeks,0,8,,,Post-vaccination 1,OG000,2425.50,Geometric Mean Concentrations (GMC) of IgG Antibodies Against PspA-Fam1 Pneumococcal Protein: ELISA Assay
33,outcome_overview_dose_description,0w post dose 1 child,8w post dose 1 child,,,Post-vaccination 1,OG001,3083.33,Geometric Mean Concentrations (GMC) of IgG Antibodies Against PspA-Fam1 Pneumococcal Protein: ELISA Assay
33,outcome_overview_time_frame_weeks,0,8,,,Post-vaccination 1,OG001,3083.33,Geometric Mean Concentrations (GMC) of IgG Antibodies Against PspA-Fam1 Pneumococcal Protein: ELISA Assay
34,outcome_overview_dose_description,0w post dose 1 child,8w post dose 1 child,,,Post-vaccination 1,OG002,1922.47,Geometric Mean Concentrations (GMC) of IgG Antibodies Against PspA-Fam1 Pneumococcal Protein: ELISA Assay
34,outcome_overview_time_frame_weeks,0,8,,,Post-vaccination 1,OG002,1922.47,Geometric Mean Concentrations (GMC) of IgG Antibodies Against PspA-Fam1 Pneumococcal Protein: ELISA Assay
35,outcome_overview_dose_description,0w post dose 1 child,8w post dose 1 child,,,Post-vaccination 1,OG003,565.40,Geometric Mean Concentrations (GMC) of IgG Antibodies Against PspA-Fam1 Pneumococcal Protein: ELISA Assay
35,outcome_overview_time_frame_weeks,0,8,,,Post-vaccination 1,OG003,565.40,Geometric Mean Concentrations (GMC) of IgG Antibodies Against PspA-Fam1 Pneumococcal Protein: ELISA Assay
36,outcome_overview_dose_description,0w post dose 1 child,8w post dose 1 child,,,Post-vaccination 1,OG004,557.07,Geometric Mean Concentrations (GMC) of IgG Antibodies Against PspA-Fam1 Pneumococcal Protein: ELISA Assay
36,outcome_overview_time_frame_weeks,0,8,,,Post-vaccination 1,OG004,557.07,Geometric Mean Concentrations (GMC) of IgG Antibodies Against PspA-Fam1 Pneumococcal Protein: ELISA Assay
37,outcome_overview_dose_description,0w post dose 1 child,8w post dose 1 child,,,Post-vaccination 1,OG005,637.63,Geometric Mean Concentrations (GMC) of IgG Antibodies Against PspA-Fam1 Pneumococcal Protein: ELISA Assay
37,outcome_overview_time_frame_weeks,0,8,,,Post-vaccination 1,OG005,637.63,Geometric Mean Concentrations (GMC) of IgG Antibodies Against PspA-Fam1 Pneumococcal Protein: ELISA Assay
38,outcome_overview_dose_description,0w post dose 1 child,8w post dose 1 child,,,Post-vaccination 1,OG006,1126.67,Geometric Mean Concentrations (GMC) of IgG Antibodies Against PspA-Fam1 Pneumococcal Protein: ELISA Assay
38,outcome_overview_time_frame_weeks,0,8,,,Post-vaccination 1,OG006,1126.67,Geometric Mean Concentrations (GMC) of IgG Antibodies Against PspA-Fam1 Pneumococcal Protein: ELISA Assay
39,outcome_overview_dose_description,0w post dose 1 child,8w post dose 1 child,,,Post-vaccination 1,OG007,417.09,Geometric Mean Concentrations (GMC) of IgG Antibodies Against PspA-Fam1 Pneumococcal Protein: ELISA Assay
39,outcome_overview_time_frame_weeks,0,8,,,Post-vaccination 1,OG007,417.09,Geometric Mean Concentrations (GMC) of IgG Antibodies Against PspA-Fam1 Pneumococcal Protein: ELISA Assay
40,outcome_overview_dose_description,0w post dose 1 child,8w post dose 1 child,,,Post-vaccination 2,OG000,3192.07,Geometric Mean Concentrations (GMC) of IgG Antibodies Against PspA-Fam1 Pneumococcal Protein: ELISA Assay
40,outcome_overview_time_frame_weeks,0,8,,,Post-vaccination 2,OG000,3192.07,Geometric Mean Concentrations (GMC) of IgG Antibodies Against PspA-Fam1 Pneumococcal Protein: ELISA Assay
41,outcome_overview_dose_description,0w post dose 1 child,8w post dose 1 child,,,Post-vaccination 2,OG001,3901.23,Geometric Mean Concentrations (GMC) of IgG Antibodies Against PspA-Fam1 Pneumococcal Protein: ELISA Assay
41,outcome_overview_time_frame_weeks,0,8,,,Post-vaccination 2,OG001,3901.23,Geometric Mean Concentrations (GMC) of IgG Antibodies Against PspA-Fam1 Pneumococcal Protein: ELISA Assay
42,outcome_overview_dose_description,0w post dose 1 child,8w post dose 1 child,,,Post-vaccination 2,OG002,2031.31,Geometric Mean Concentrations (GMC) of IgG Antibodies Against PspA-Fam1 Pneumococcal Protein: ELISA Assay
42,outcome_overview_time_frame_weeks,0,8,,,Post-vaccination 2,OG002,2031.31,Geometric Mean Concentrations (GMC) of IgG Antibodies Against PspA-Fam1 Pneumococcal Protein: ELISA Assay
43,outcome_overview_dose_description,0w post dose 1 child,8w post dose 1 child,,,Post-vaccination 2,OG003,724.42,Geometric Mean Concentrations (GMC) of IgG Antibodies Against PspA-Fam1 Pneumococcal Protein: ELISA Assay
43,outcome_overview_time_frame_weeks,0,8,,,Post-vaccination 2,OG003,724.42,Geometric Mean Concentrations (GMC) of IgG Antibodies Against PspA-Fam1 Pneumococcal Protein: ELISA Assay
44,outcome_overview_dose_description,0w post dose 1 child,8w post dose 1 child,,,Post-vaccination 2,OG004,541.73,Geometric Mean Concentrations (GMC) of IgG Antibodies Against PspA-Fam1 Pneumococcal Protein: ELISA Assay
44,outcome_overview_time_frame_weeks,0,8,,,Post-vaccination 2,OG004,541.73,Geometric Mean Concentrations (GMC) of IgG Antibodies Against PspA-Fam1 Pneumococcal Protein: ELISA Assay
45,outcome_overview_dose_description,0w post dose 1 child,8w post dose 1 child,,,Post-vaccination 2,OG005,889.48,Geometric Mean Concentrations (GMC) of IgG Antibodies Against PspA-Fam1 Pneumococcal Protein: ELISA Assay
45,outcome_overview_time_frame_weeks,0,8,,,Post-vaccination 2,OG005,889.48,Geometric Mean Concentrations (GMC) of IgG Antibodies Against PspA-Fam1 Pneumococcal Protein: ELISA Assay
46,outcome_overview_dose_description,0w post dose 1 child,8w post dose 1 child,,,Post-vaccination 2,OG006,1264.22,Geometric Mean Concentrations (GMC) of IgG Antibodies Against PspA-Fam1 Pneumococcal Protein: ELISA Assay
46,outcome_overview_time_frame_weeks,0,8,,,Post-vaccination 2,OG006,1264.22,Geometric Mean Concentrations (GMC) of IgG Antibodies Against PspA-Fam1 Pneumococcal Protein: ELISA Assay
47,outcome_overview_dose_description,0w post dose 1 child,8w post dose 1 child,,,Post-vaccination 2,OG007,487.03,Geometric Mean Concentrations (GMC) of IgG Antibodies Against PspA-Fam1 Pneumococcal Protein: ELISA Assay
47,outcome_overview_time_frame_weeks,0,8,,,Post-vaccination 2,OG007,487.03,Geometric Mean Concentrations (GMC) of IgG Antibodies Against PspA-Fam1 Pneumococcal Protein: ELISA Assay
48,outcome_overview_dose_description,0w post dose 1 child,8w post dose 1 child,,,Baseline,OG000,861.27,Geometric Mean Concentrations (GMC) of IgG Antibodies Against L460D Pneumococcal Protein
48,outcome_overview_time_frame_weeks,0,8,,,Baseline,OG000,861.27,Geometric Mean Concentrations (GMC) of IgG Antibodies Against L460D Pneumococcal Protein
49,outcome_overview_dose_description,0w post dose 1 child,8w post dose 1 child,,,Baseline,OG001,820.92,Geometric Mean Concentrations (GMC) of IgG Antibodies Against L460D Pneumococcal Protein
49,outcome_overview_time_frame_weeks,0,8,,,Baseline,OG001,820.92,Geometric Mean Concentrations (GMC) of IgG Antibodies Against L460D Pneumococcal Protein
50,outcome_overview_dose_description,0w post dose 1 child,8w post dose 1 child,,,Baseline,OG002,908.51,Geometric Mean Concentrations (GMC) of IgG Antibodies Against L460D Pneumococcal Protein
50,outcome_overview_time_frame_weeks,0,8,,,Baseline,OG002,908.51,Geometric Mean Concentrations (GMC) of IgG Antibodies Against L460D Pneumococcal Protein
51,outcome_overview_dose_description,0w post dose 1 child,8w post dose 1 child,,,Baseline,OG003,263.85,Geometric Mean Concentrations (GMC) of IgG Antibodies Against L460D Pneumococcal Protein
51,outcome_overview_time_frame_weeks,0,8,,,Baseline,OG003,263.85,Geometric Mean Concentrations (GMC) of IgG Antibodies Against L460D Pneumococcal Protein
52,outcome_overview_dose_description,0w post dose 1 child,8w post dose 1 child,,,Baseline,OG004,210.15,Geometric Mean Concentrations (GMC) of IgG Antibodies Against L460D Pneumococcal Protein
52,outcome_overview_time_frame_weeks,0,8,,,Baseline,OG004,210.15,Geometric Mean Concentrations (GMC) of IgG Antibodies Against L460D Pneumococcal Protein
53,outcome_overview_dose_description,0w post dose 1 child,8w post dose 1 child,,,Baseline,OG005,309.74,Geometric Mean Concentrations (GMC) of IgG Antibodies Against L460D Pneumococcal Protein
53,outcome_overview_time_frame_weeks,0,8,,,Baseline,OG005,309.74,Geometric Mean Concentrations (GMC) of IgG Antibodies Against L460D Pneumococcal Protein
54,outcome_overview_dose_description,0w post dose 1 child,8w post dose 1 child,,,Baseline,OG006,331.08,Geometric Mean Concentrations (GMC) of IgG Antibodies Against L460D Pneumococcal Protein
54,outcome_overview_time_frame_weeks,0,8,,,Baseline,OG006,331.08,Geometric Mean Concentrations (GMC) of IgG Antibodies Against L460D Pneumococcal Protein
55,outcome_overview_dose_description,0w post dose 1 child,8w post dose 1 child,,,Baseline,OG007,216.45,Geometric Mean Concentrations (GMC) of IgG Antibodies Against L460D Pneumococcal Protein
55,outcome_overview_time_frame_weeks,0,8,,,Baseline,OG007,216.45,Geometric Mean Concentrations (GMC) of IgG Antibodies Against L460D Pneumococcal Protein
56,outcome_overview_dose_description,0w post dose 1 child,8w post dose 1 child,,,Post-vaccination 1,OG000,1127.59,Geometric Mean Concentrations (GMC) of IgG Antibodies Against L460D Pneumococcal Protein
56,outcome_overview_time_frame_weeks,0,8,,,Post-vaccination 1,OG000,1127.59,Geometric Mean Concentrations (GMC) of IgG Antibodies Against L460D Pneumococcal Protein
57,outcome_overview_dose_description,0w post dose 1 child,8w post dose 1 child,,,Post-vaccination 1,OG001,998.09,Geometric Mean Concentrations (GMC) of IgG Antibodies Against L460D Pneumococcal Protein
57,outcome_overview_time_frame_weeks,0,8,,,Post-vaccination 1,OG001,998.09,Geometric Mean Concentrations (GMC) of IgG Antibodies Against L460D Pneumococcal Protein
58,outcome_overview_dose_description,0w post dose 1 child,8w post dose 1 child,,,Post-vaccination 1,OG002,886.15,Geometric Mean Concentrations (GMC) of IgG Antibodies Against L460D Pneumococcal Protein
58,outcome_overview_time_frame_weeks,0,8,,,Post-vaccination 1,OG002,886.15,Geometric Mean Concentrations (GMC) of IgG Antibodies Against L460D Pneumococcal Protein
59,outcome_overview_dose_description,0w post dose 1 child,8w post dose 1 child,,,Post-vaccination 1,OG003,329.38,Geometric Mean Concentrations (GMC) of IgG Antibodies Against L460D Pneumococcal Protein
59,outcome_overview_time_frame_weeks,0,8,,,Post-vaccination 1,OG003,329.38,Geometric Mean Concentrations (GMC) of IgG Antibodies Against L460D Pneumococcal Protein
60,outcome_overview_dose_description,0w post dose 1 child,8w post dose 1 child,,,Post-vaccination 1,OG004,328.35,Geometric Mean Concentrations (GMC) of IgG Antibodies Against L460D Pneumococcal Protein
60,outcome_overview_time_frame_weeks,0,8,,,Post-vaccination 1,OG004,328.35,Geometric Mean Concentrations (GMC) of IgG Antibodies Against L460D Pneumococcal Protein
61,outcome_overview_dose_description,0w post dose 1 child,8w post dose 1 child,,,Post-vaccination 1,OG005,386.92,Geometric Mean Concentrations (GMC) of IgG Antibodies Against L460D Pneumococcal Protein
61,outcome_overview_time_frame_weeks,0,8,,,Post-vaccination 1,OG005,386.92,Geometric Mean Concentrations (GMC) of IgG Antibodies Against L460D Pneumococcal Protein
62,outcome_overview_dose_description,0w post dose 1 child,8w post dose 1 child,,,Post-vaccination 1,OG006,602.20,Geometric Mean Concentrations (GMC) of IgG Antibodies Against L460D Pneumococcal Protein
62,outcome_overview_time_frame_weeks,0,8,,,Post-vaccination 1,OG006,602.20,Geometric Mean Concentrations (GMC) of IgG Antibodies Against L460D Pneumococcal Protein
63,outcome_overview_dose_description,0w post dose 1 child,8w post dose 1 child,,,Post-vaccination 1,OG007,247.77,Geometric Mean Concentrations (GMC) of IgG Antibodies Against L460D Pneumococcal Protein
63,outcome_overview_time_frame_weeks,0,8,,,Post-vaccination 1,OG007,247.77,Geometric Mean Concentrations (GMC) of IgG Antibodies Against L460D Pneumococcal Protein
64,outcome_overview_dose_description,0w post dose 1 child,8w post dose 1 child,,,Post-vaccination 2,OG000,1391.66,Geometric Mean Concentrations (GMC) of IgG Antibodies Against L460D Pneumococcal Protein
64,outcome_overview_time_frame_weeks,0,8,,,Post-vaccination 2,OG000,1391.66,Geometric Mean Concentrations (GMC) of IgG Antibodies Against L460D Pneumococcal Protein
65,outcome_overview_dose_description,0w post dose 1 child,8w post dose 1 child,,,Post-vaccination 2,OG001,1410.11,Geometric Mean Concentrations (GMC) of IgG Antibodies Against L460D Pneumococcal Protein
65,outcome_overview_time_frame_weeks,0,8,,,Post-vaccination 2,OG001,1410.11,Geometric Mean Concentrations (GMC) of IgG Antibodies Against L460D Pneumococcal Protein
66,outcome_overview_dose_description,0w post dose 1 child,8w post dose 1 child,,,Post-vaccination 2,OG002,963.25,Geometric Mean Concentrations (GMC) of IgG Antibodies Against L460D Pneumococcal Protein
66,outcome_overview_time_frame_weeks,0,8,,,Post-vaccination 2,OG002,963.25,Geometric Mean Concentrations (GMC) of IgG Antibodies Against L460D Pneumococcal Protein
67,outcome_overview_dose_description,0w post dose 1 child,8w post dose 1 child,,,Post-vaccination 2,OG003,462.54,Geometric Mean Concentrations (GMC) of IgG Antibodies Against L460D Pneumococcal Protein
67,outcome_overview_time_frame_weeks,0,8,,,Post-vaccination 2,OG003,462.54,Geometric Mean Concentrations (GMC) of IgG Antibodies Against L460D Pneumococcal Protein
68,outcome_overview_dose_description,0w post dose 1 child,8w post dose 1 child,,,Post-vaccination 2,OG004,408.40,Geometric Mean Concentrations (GMC) of IgG Antibodies Against L460D Pneumococcal Protein
68,outcome_overview_time_frame_weeks,0,8,,,Post-vaccination 2,OG004,408.40,Geometric Mean Concentrations (GMC) of IgG Antibodies Against L460D Pneumococcal Protein
69,outcome_overview_dose_description,0w post dose 1 child,8w post dose 1 child,,,Post-vaccination 2,OG005,631.63,Geometric Mean Concentrations (GMC) of IgG Antibodies Against L460D Pneumococcal Protein
69,outcome_overview_time_frame_weeks,0,8,,,Post-vaccination 2,OG005,631.63,Geometric Mean Concentrations (GMC) of IgG Antibodies Against L460D Pneumococcal Protein
70,outcome_overview_dose_description,0w post dose 1 child,8w post dose 1 child,,,Post-vaccination 2,OG006,803.61,Geometric Mean Concentrations (GMC) of IgG Antibodies Against L460D Pneumococcal Protein
70,outcome_overview_time_frame_weeks,0,8,,,Post-vaccination 2,OG006,803.61,Geometric Mean Concentrations (GMC) of IgG Antibodies Against L460D Pneumococcal Protein
71,outcome_overview_dose_description,0w post dose 1 child,8w post dose 1 child,,,Post-vaccination 2,OG007,279.43,Geometric Mean Concentrations (GMC) of IgG Antibodies Against L460D Pneumococcal Protein
71,outcome_overview_time_frame_weeks,0,8,,,Post-vaccination 2,OG007,279.43,Geometric Mean Concentrations (GMC) of IgG Antibodies Against L460D Pneumococcal Protein
72,outcome_overview_dose_description,0w post dose 1 child,8w post dose 1 child,,,Baseline,OG000,2124.32,Geometric Mean Concentrations (GMC) of IgG Antibodies Against PspA-Fam1 Pneumococcal Protein: Meso Scale Discovery (MSD) Assay
72,outcome_overview_time_frame_weeks,0,8,,,Baseline,OG000,2124.32,Geometric Mean Concentrations (GMC) of IgG Antibodies Against PspA-Fam1 Pneumococcal Protein: Meso Scale Discovery (MSD) Assay
73,outcome_overview_dose_description,0w post dose 1 child,8w post dose 1 child,,,Baseline,OG001,2129.61,Geometric Mean Concentrations (GMC) of IgG Antibodies Against PspA-Fam1 Pneumococcal Protein: Meso Scale Discovery (MSD) Assay
73,outcome_overview_time_frame_weeks,0,8,,,Baseline,OG001,2129.61,Geometric Mean Concentrations (GMC) of IgG Antibodies Against PspA-Fam1 Pneumococcal Protein: Meso Scale Discovery (MSD) Assay
74,outcome_overview_dose_description,0w post dose 1 child,8w post dose 1 child,,,Baseline,OG002,2049.33,Geometric Mean Concentrations (GMC) of IgG Antibodies Against PspA-Fam1 Pneumococcal Protein: Meso Scale Discovery (MSD) Assay
74,outcome_overview_time_frame_weeks,0,8,,,Baseline,OG002,2049.33,Geometric Mean Concentrations (GMC) of IgG Antibodies Against PspA-Fam1 Pneumococcal Protein: Meso Scale Discovery (MSD) Assay
75,outcome_overview_dose_description,0w post dose 1 child,8w post dose 1 child,,,Baseline,OG003,175.80,Geometric Mean Concentrations (GMC) of IgG Antibodies Against PspA-Fam1 Pneumococcal Protein: Meso Scale Discovery (MSD) Assay
75,outcome_overview_time_frame_weeks,0,8,,,Baseline,OG003,175.80,Geometric Mean Concentrations (GMC) of IgG Antibodies Against PspA-Fam1 Pneumococcal Protein: Meso Scale Discovery (MSD) Assay
76,outcome_overview_dose_description,0w post dose 1 child,8w post dose 1 child,,,Baseline,OG004,174.35,Geometric Mean Concentrations (GMC) of IgG Antibodies Against PspA-Fam1 Pneumococcal Protein: Meso Scale Discovery (MSD) Assay
76,outcome_overview_time_frame_weeks,0,8,,,Baseline,OG004,174.35,Geometric Mean Concentrations (GMC) of IgG Antibodies Against PspA-Fam1 Pneumococcal Protein: Meso Scale Discovery (MSD) Assay
77,outcome_overview_dose_description,0w post dose 1 child,8w post dose 1 child,,,Baseline,OG005,202.89,Geometric Mean Concentrations (GMC) of IgG Antibodies Against PspA-Fam1 Pneumococcal Protein: Meso Scale Discovery (MSD) Assay
77,outcome_overview_time_frame_weeks,0,8,,,Baseline,OG005,202.89,Geometric Mean Concentrations (GMC) of IgG Antibodies Against PspA-Fam1 Pneumococcal Protein: Meso Scale Discovery (MSD) Assay
78,outcome_overview_dose_description,0w post dose 1 child,8w post dose 1 child,,,Baseline,OG006,217.24,Geometric Mean Concentrations (GMC) of IgG Antibodies Against PspA-Fam1 Pneumococcal Protein: Meso Scale Discovery (MSD) Assay
78,outcome_overview_time_frame_weeks,0,8,,,Baseline,OG006,217.24,Geometric Mean Concentrations (GMC) of IgG Antibodies Against PspA-Fam1 Pneumococcal Protein: Meso Scale Discovery (MSD) Assay
79,outcome_overview_dose_description,0w post dose 1 child,8w post dose 1 child,,,Baseline,OG007,177.29,Geometric Mean Concentrations (GMC) of IgG Antibodies Against PspA-Fam1 Pneumococcal Protein: Meso Scale Discovery (MSD) Assay
79,outcome_overview_time_frame_weeks,0,8,,,Baseline,OG007,177.29,Geometric Mean Concentrations (GMC) of IgG Antibodies Against PspA-Fam1 Pneumococcal Protein: Meso Scale Discovery (MSD) Assay
80,outcome_overview_dose_description,0w post dose 1 child,8w post dose 1 child,,,Post-vaccination 1,OG000,3149.80,Geometric Mean Concentrations (GMC) of IgG Antibodies Against PspA-Fam1 Pneumococcal Protein: Meso Scale Discovery (MSD) Assay
80,outcome_overview_time_frame_weeks,0,8,,,Post-vaccination 1,OG000,3149.80,Geometric Mean Concentrations (GMC) of IgG Antibodies Against PspA-Fam1 Pneumococcal Protein: Meso Scale Discovery (MSD) Assay
81,outcome_overview_dose_description,0w post dose 1 child,8w post dose 1 child,,,Post-vaccination 1,OG001,3442.17,Geometric Mean Concentrations (GMC) of IgG Antibodies Against PspA-Fam1 Pneumococcal Protein: Meso Scale Discovery (MSD) Assay
81,outcome_overview_time_frame_weeks,0,8,,,Post-vaccination 1,OG001,3442.17,Geometric Mean Concentrations (GMC) of IgG Antibodies Against PspA-Fam1 Pneumococcal Protein: Meso Scale Discovery (MSD) Assay
82,outcome_overview_dose_description,0w post dose 1 child,8w post dose 1 child,,,Post-vaccination 1,OG002,2105.22,Geometric Mean Concentrations (GMC) of IgG Antibodies Against PspA-Fam1 Pneumococcal Protein: Meso Scale Discovery (MSD) Assay
82,outcome_overview_time_frame_weeks,0,8,,,Post-vaccination 1,OG002,2105.22,Geometric Mean Concentrations (GMC) of IgG Antibodies Against PspA-Fam1 Pneumococcal Protein: Meso Scale Discovery (MSD) Assay
83,outcome_overview_dose_description,0w post dose 1 child,8w post dose 1 child,,,Post-vaccination 1,OG003,283.38,Geometric Mean Concentrations (GMC) of IgG Antibodies Against PspA-Fam1 Pneumococcal Protein: Meso Scale Discovery (MSD) Assay
83,outcome_overview_time_frame_weeks,0,8,,,Post-vaccination 1,OG003,283.38,Geometric Mean Concentrations (GMC) of IgG Antibodies Against PspA-Fam1 Pneumococcal Protein: Meso Scale Discovery (MSD) Assay
84,outcome_overview_dose_description,0w post dose 1 child,8w post dose 1 child,,,Post-vaccination 1,OG004,294.98,Geometric Mean Concentrations (GMC) of IgG Antibodies Against PspA-Fam1 Pneumococcal Protein: Meso Scale Discovery (MSD) Assay
84,outcome_overview_time_frame_weeks,0,8,,,Post-vaccination 1,OG004,294.98,Geometric Mean Concentrations (GMC) of IgG Antibodies Against PspA-Fam1 Pneumococcal Protein: Meso Scale Discovery (MSD) Assay
85,outcome_overview_dose_description,0w post dose 1 child,8w post dose 1 child,,,Post-vaccination 1,OG005,272.19,Geometric Mean Concentrations (GMC) of IgG Antibodies Against PspA-Fam1 Pneumococcal Protein: Meso Scale Discovery (MSD) Assay
85,outcome_overview_time_frame_weeks,0,8,,,Post-vaccination 1,OG005,272.19,Geometric Mean Concentrations (GMC) of IgG Antibodies Against PspA-Fam1 Pneumococcal Protein: Meso Scale Discovery (MSD) Assay
86,outcome_overview_dose_description,0w post dose 1 child,8w post dose 1 child,,,Post-vaccination 1,OG006,420.45,Geometric Mean Concentrations (GMC) of IgG Antibodies Against PspA-Fam1 Pneumococcal Protein: Meso Scale Discovery (MSD) Assay
86,outcome_overview_time_frame_weeks,0,8,,,Post-vaccination 1,OG006,420.45,Geometric Mean Concentrations (GMC) of IgG Antibodies Against PspA-Fam1 Pneumococcal Protein: Meso Scale Discovery (MSD) Assay
87,outcome_overview_dose_description,0w post dose 1 child,8w post dose 1 child,,,Post-vaccination 1,OG007,167.21,Geometric Mean Concentrations (GMC) of IgG Antibodies Against PspA-Fam1 Pneumococcal Protein: Meso Scale Discovery (MSD) Assay
87,outcome_overview_time_frame_weeks,0,8,,,Post-vaccination 1,OG007,167.21,Geometric Mean Concentrations (GMC) of IgG Antibodies Against PspA-Fam1 Pneumococcal Protein: Meso Scale Discovery (MSD) Assay
88,outcome_overview_dose_description,0w post dose 1 child,8w post dose 1 child,,,Post-vaccination 2,OG000,3469.35,Geometric Mean Concentrations (GMC) of IgG Antibodies Against PspA-Fam1 Pneumococcal Protein: Meso Scale Discovery (MSD) Assay
88,outcome_overview_time_frame_weeks,0,8,,,Post-vaccination 2,OG000,3469.35,Geometric Mean Concentrations (GMC) of IgG Antibodies Against PspA-Fam1 Pneumococcal Protein: Meso Scale Discovery (MSD) Assay
89,outcome_overview_dose_description,0w post dose 1 child,8w post dose 1 child,,,Post-vaccination 2,OG001,4607.95,Geometric Mean Concentrations (GMC) of IgG Antibodies Against PspA-Fam1 Pneumococcal Protein: Meso Scale Discovery (MSD) Assay
89,outcome_overview_time_frame_weeks,0,8,,,Post-vaccination 2,OG001,4607.95,Geometric Mean Concentrations (GMC) of IgG Antibodies Against PspA-Fam1 Pneumococcal Protein: Meso Scale Discovery (MSD) Assay
90,outcome_overview_dose_description,0w post dose 1 child,8w post dose 1 child,,,Post-vaccination 2,OG002,2323.41,Geometric Mean Concentrations (GMC) of IgG Antibodies Against PspA-Fam1 Pneumococcal Protein: Meso Scale Discovery (MSD) Assay
90,outcome_overview_time_frame_weeks,0,8,,,Post-vaccination 2,OG002,2323.41,Geometric Mean Concentrations (GMC) of IgG Antibodies Against PspA-Fam1 Pneumococcal Protein: Meso Scale Discovery (MSD) Assay
91,outcome_overview_dose_description,0w post dose 1 child,8w post dose 1 child,,,Post-vaccination 2,OG003,367.01,Geometric Mean Concentrations (GMC) of IgG Antibodies Against PspA-Fam1 Pneumococcal Protein: Meso Scale Discovery (MSD) Assay
91,outcome_overview_time_frame_weeks,0,8,,,Post-vaccination 2,OG003,367.01,Geometric Mean Concentrations (GMC) of IgG Antibodies Against PspA-Fam1 Pneumococcal Protein: Meso Scale Discovery (MSD) Assay
92,outcome_overview_dose_description,0w post dose 1 child,8w post dose 1 child,,,Post-vaccination 2,OG004,338.19,Geometric Mean Concentrations (GMC) of IgG Antibodies Against PspA-Fam1 Pneumococcal Protein: Meso Scale Discovery (MSD) Assay
92,outcome_overview_time_frame_weeks,0,8,,,Post-vaccination 2,OG004,338.19,Geometric Mean Concentrations (GMC) of IgG Antibodies Against PspA-Fam1 Pneumococcal Protein: Meso Scale Discovery (MSD) Assay
93,outcome_overview_dose_description,0w post dose 1 child,8w post dose 1 child,,,Post-vaccination 2,OG005,371.56,Geometric Mean Concentrations (GMC) of IgG Antibodies Against PspA-Fam1 Pneumococcal Protein: Meso Scale Discovery (MSD) Assay
93,outcome_overview_time_frame_weeks,0,8,,,Post-vaccination 2,OG005,371.56,Geometric Mean Concentrations (GMC) of IgG Antibodies Against PspA-Fam1 Pneumococcal Protein: Meso Scale Discovery (MSD) Assay
94,outcome_overview_dose_description,0w post dose 1 child,8w post dose 1 child,,,Post-vaccination 2,OG006,518.77,Geometric Mean Concentrations (GMC) of IgG Antibodies Against PspA-Fam1 Pneumococcal Protein: Meso Scale Discovery (MSD) Assay
94,outcome_overview_time_frame_weeks,0,8,,,Post-vaccination 2,OG006,518.77,Geometric Mean Concentrations (GMC) of IgG Antibodies Against PspA-Fam1 Pneumococcal Protein: Meso Scale Discovery (MSD) Assay
95,outcome_overview_dose_description,0w post dose 1 child,8w post dose 1 child,,,Post-vaccination 2,OG007,186.84,Geometric Mean Concentrations (GMC) of IgG Antibodies Against PspA-Fam1 Pneumococcal Protein: Meso Scale Discovery (MSD) Assay
95,outcome_overview_time_frame_weeks,0,8,,,Post-vaccination 2,OG007,186.84,Geometric Mean Concentrations (GMC) of IgG Antibodies Against PspA-Fam1 Pneumococcal Protein: Meso Scale Discovery (MSD) Assay
96,outcome_overview_dose_description,0w post dose 1 child,8w post dose 1 child,,,Baseline,OG000,841.63,Geometric Mean Concentrations (GMC) of IgG Antibodies Against PhtD Pneumococcal Protein
96,outcome_overview_time_frame_weeks,0,8,,,Baseline,OG000,841.63,Geometric Mean Concentrations (GMC) of IgG Antibodies Against PhtD Pneumococcal Protein
97,outcome_overview_dose_description,0w post dose 1 child,8w post dose 1 child,,,Baseline,OG001,784.56,Geometric Mean Concentrations (GMC) of IgG Antibodies Against PhtD Pneumococcal Protein
97,outcome_overview_time_frame_weeks,0,8,,,Baseline,OG001,784.56,Geometric Mean Concentrations (GMC) of IgG Antibodies Against PhtD Pneumococcal Protein
98,outcome_overview_dose_description,0w post dose 1 child,8w post dose 1 child,,,Baseline,OG002,775.26,Geometric Mean Concentrations (GMC) of IgG Antibodies Against PhtD Pneumococcal Protein
98,outcome_overview_time_frame_weeks,0,8,,,Baseline,OG002,775.26,Geometric Mean Concentrations (GMC) of IgG Antibodies Against PhtD Pneumococcal Protein
99,outcome_overview_dose_description,0w post dose 1 child,8w post dose 1 child,,,Baseline,OG003,426.11,Geometric Mean Concentrations (GMC) of IgG Antibodies Against PhtD Pneumococcal Protein
99,outcome_overview_time_frame_weeks,0,8,,,Baseline,OG003,426.11,Geometric Mean Concentrations (GMC) of IgG Antibodies Against PhtD Pneumococcal Protein
100,outcome_overview_dose_description,0w post dose 1 child,8w post dose 1 child,,,Baseline,OG004,403.13,Geometric Mean Concentrations (GMC) of IgG Antibodies Against PhtD Pneumococcal Protein
100,outcome_overview_time_frame_weeks,0,8,,,Baseline,OG004,403.13,Geometric Mean Concentrations (GMC) of IgG Antibodies Against PhtD Pneumococcal Protein
101,outcome_overview_dose_description,0w post dose 1 child,8w post dose 1 child,,,Baseline,OG005,466.20,Geometric Mean Concentrations (GMC) of IgG Antibodies Against PhtD Pneumococcal Protein
101,outcome_overview_time_frame_weeks,0,8,,,Baseline,OG005,466.20,Geometric Mean Concentrations (GMC) of IgG Antibodies Against PhtD Pneumococcal Protein
102,outcome_overview_dose_description,0w post dose 1 child,8w post dose 1 child,,,Baseline,OG006,497.28,Geometric Mean Concentrations (GMC) of IgG Antibodies Against PhtD Pneumococcal Protein
102,outcome_overview_time_frame_weeks,0,8,,,Baseline,OG006,497.28,Geometric Mean Concentrations (GMC) of IgG Antibodies Against PhtD Pneumococcal Protein
103,outcome_overview_dose_description,0w post dose 1 child,8w post dose 1 child,,,Baseline,OG007,434.86,Geometric Mean Concentrations (GMC) of IgG Antibodies Against PhtD Pneumococcal Protein
103,outcome_overview_time_frame_weeks,0,8,,,Baseline,OG007,434.86,Geometric Mean Concentrations (GMC) of IgG Antibodies Against PhtD Pneumococcal Protein
104,outcome_overview_dose_description,0w post dose 1 child,8w post dose 1 child,,,Post-vaccination 1,OG000,839.14,Geometric Mean Concentrations (GMC) of IgG Antibodies Against PhtD Pneumococcal Protein
104,outcome_overview_time_frame_weeks,0,8,,,Post-vaccination 1,OG000,839.14,Geometric Mean Concentrations (GMC) of IgG Antibodies Against PhtD Pneumococcal Protein
105,outcome_overview_dose_description,0w post dose 1 child,8w post dose 1 child,,,Post-vaccination 1,OG001,868.55,Geometric Mean Concentrations (GMC) of IgG Antibodies Against PhtD Pneumococcal Protein
105,outcome_overview_time_frame_weeks,0,8,,,Post-vaccination 1,OG001,868.55,Geometric Mean Concentrations (GMC) of IgG Antibodies Against PhtD Pneumococcal Protein
106,outcome_overview_dose_description,0w post dose 1 child,8w post dose 1 child,,,Post-vaccination 1,OG002,775.29,Geometric Mean Concentrations (GMC) of IgG Antibodies Against PhtD Pneumococcal Protein
106,outcome_overview_time_frame_weeks,0,8,,,Post-vaccination 1,OG002,775.29,Geometric Mean Concentrations (GMC) of IgG Antibodies Against PhtD Pneumococcal Protein
107,outcome_overview_dose_description,0w post dose 1 child,8w post dose 1 child,,,Post-vaccination 1,OG003,563.55,Geometric Mean Concentrations (GMC) of IgG Antibodies Against PhtD Pneumococcal Protein
107,outcome_overview_time_frame_weeks,0,8,,,Post-vaccination 1,OG003,563.55,Geometric Mean Concentrations (GMC) of IgG Antibodies Against PhtD Pneumococcal Protein
108,outcome_overview_dose_description,0w post dose 1 child,8w post dose 1 child,,,Post-vaccination 1,OG004,491.70,Geometric Mean Concentrations (GMC) of IgG Antibodies Against PhtD Pneumococcal Protein
108,outcome_overview_time_frame_weeks,0,8,,,Post-vaccination 1,OG004,491.70,Geometric Mean Concentrations (GMC) of IgG Antibodies Against PhtD Pneumococcal Protein
109,outcome_overview_dose_description,0w post dose 1 child,8w post dose 1 child,,,Post-vaccination 1,OG005,577.47,Geometric Mean Concentrations (GMC) of IgG Antibodies Against PhtD Pneumococcal Protein
109,outcome_overview_time_frame_weeks,0,8,,,Post-vaccination 1,OG005,577.47,Geometric Mean Concentrations (GMC) of IgG Antibodies Against PhtD Pneumococcal Protein
110,outcome_overview_dose_description,0w post dose 1 child,8w post dose 1 child,,,Post-vaccination 1,OG006,654.21,Geometric Mean Concentrations (GMC) of IgG Antibodies Against PhtD Pneumococcal Protein
110,outcome_overview_time_frame_weeks,0,8,,,Post-vaccination 1,OG006,654.21,Geometric Mean Concentrations (GMC) of IgG Antibodies Against PhtD Pneumococcal Protein
111,outcome_overview_dose_description,0w post dose 1 child,8w post dose 1 child,,,Post-vaccination 1,OG007,513.83,Geometric Mean Concentrations (GMC) of IgG Antibodies Against PhtD Pneumococcal Protein
111,outcome_overview_time_frame_weeks,0,8,,,Post-vaccination 1,OG007,513.83,Geometric Mean Concentrations (GMC) of IgG Antibodies Against PhtD Pneumococcal Protein
112,outcome_overview_dose_description,0w post dose 1 child,8w post dose 1 child,,,Post-vaccination 2,OG000,890.67,Geometric Mean Concentrations (GMC) of IgG Antibodies Against PhtD Pneumococcal Protein
112,outcome_overview_time_frame_weeks,0,8,,,Post-vaccination 2,OG000,890.67,Geometric Mean Concentrations (GMC) of IgG Antibodies Against PhtD Pneumococcal Protein
113,outcome_overview_dose_description,0w post dose 1 child,8w post dose 1 child,,,Post-vaccination 2,OG001,982.10,Geometric Mean Concentrations (GMC) of IgG Antibodies Against PhtD Pneumococcal Protein
113,outcome_overview_time_frame_weeks,0,8,,,Post-vaccination 2,OG001,982.10,Geometric Mean Concentrations (GMC) of IgG Antibodies Against PhtD Pneumococcal Protein
114,outcome_overview_dose_description,0w post dose 1 child,8w post dose 1 child,,,Post-vaccination 2,OG002,872.62,Geometric Mean Concentrations (GMC) of IgG Antibodies Against PhtD Pneumococcal Protein
114,outcome_overview_time_frame_weeks,0,8,,,Post-vaccination 2,OG002,872.62,Geometric Mean Concentrations (GMC) of IgG Antibodies Against PhtD Pneumococcal Protein
115,outcome_overview_dose_description,0w post dose 1 child,8w post dose 1 child,,,Post-vaccination 2,OG003,804.59,Geometric Mean Concentrations (GMC) of IgG Antibodies Against PhtD Pneumococcal Protein
115,outcome_overview_time_frame_weeks,0,8,,,Post-vaccination 2,OG003,804.59,Geometric Mean Concentrations (GMC) of IgG Antibodies Against PhtD Pneumococcal Protein
116,outcome_overview_dose_description,0w post dose 1 child,8w post dose 1 child,,,Post-vaccination 2,OG004,704.46,Geometric Mean Concentrations (GMC) of IgG Antibodies Against PhtD Pneumococcal Protein
116,outcome_overview_time_frame_weeks,0,8,,,Post-vaccination 2,OG004,704.46,Geometric Mean Concentrations (GMC) of IgG Antibodies Against PhtD Pneumococcal Protein
117,outcome_overview_dose_description,0w post dose 1 child,8w post dose 1 child,,,Post-vaccination 2,OG005,767.31,Geometric Mean Concentrations (GMC) of IgG Antibodies Against PhtD Pneumococcal Protein
117,outcome_overview_time_frame_weeks,0,8,,,Post-vaccination 2,OG005,767.31,Geometric Mean Concentrations (GMC) of IgG Antibodies Against PhtD Pneumococcal Protein
118,outcome_overview_dose_description,0w post dose 1 child,8w post dose 1 child,,,Post-vaccination 2,OG006,1074.36,Geometric Mean Concentrations (GMC) of IgG Antibodies Against PhtD Pneumococcal Protein
118,outcome_overview_time_frame_weeks,0,8,,,Post-vaccination 2,OG006,1074.36,Geometric Mean Concentrations (GMC) of IgG Antibodies Against PhtD Pneumococcal Protein
119,outcome_overview_dose_description,0w post dose 1 child,8w post dose 1 child,,,Post-vaccination 2,OG007,679.80,Geometric Mean Concentrations (GMC) of IgG Antibodies Against PhtD Pneumococcal Protein
119,outcome_overview_time_frame_weeks,0,8,,,Post-vaccination 2,OG007,679.80,Geometric Mean Concentrations (GMC) of IgG Antibodies Against PhtD Pneumococcal Protein
120,outcome_overview_dose_description,0w post dose 1 child,8w post dose 1 child,,,Baseline,OG000,1566.50,Geometric Mean Concentrations (GMC) of IgG Antibodies Against BCH0785 Pneumococcal Protein
120,outcome_overview_time_frame_weeks,0,8,,,Baseline,OG000,1566.50,Geometric Mean Concentrations (GMC) of IgG Antibodies Against BCH0785 Pneumococcal Protein
121,outcome_overview_dose_description,0w post dose 1 child,8w post dose 1 child,,,Baseline,OG001,1145.05,Geometric Mean Concentrations (GMC) of IgG Antibodies Against BCH0785 Pneumococcal Protein
121,outcome_overview_time_frame_weeks,0,8,,,Baseline,OG001,1145.05,Geometric Mean Concentrations (GMC) of IgG Antibodies Against BCH0785 Pneumococcal Protein
122,outcome_overview_dose_description,0w post dose 1 child,8w post dose 1 child,,,Baseline,OG002,1236.11,Geometric Mean Concentrations (GMC) of IgG Antibodies Against BCH0785 Pneumococcal Protein
122,outcome_overview_time_frame_weeks,0,8,,,Baseline,OG002,1236.11,Geometric Mean Concentrations (GMC) of IgG Antibodies Against BCH0785 Pneumococcal Protein
123,outcome_overview_dose_description,0w post dose 1 child,8w post dose 1 child,,,Baseline,OG003,400.58,Geometric Mean Concentrations (GMC) of IgG Antibodies Against BCH0785 Pneumococcal Protein
123,outcome_overview_time_frame_weeks,0,8,,,Baseline,OG003,400.58,Geometric Mean Concentrations (GMC) of IgG Antibodies Against BCH0785 Pneumococcal Protein
124,outcome_overview_dose_description,0w post dose 1 child,8w post dose 1 child,,,Baseline,OG004,271.66,Geometric Mean Concentrations (GMC) of IgG Antibodies Against BCH0785 Pneumococcal Protein
124,outcome_overview_time_frame_weeks,0,8,,,Baseline,OG004,271.66,Geometric Mean Concentrations (GMC) of IgG Antibodies Against BCH0785 Pneumococcal Protein
125,outcome_overview_dose_description,0w post dose 1 child,8w post dose 1 child,,,Baseline,OG005,281.66,Geometric Mean Concentrations (GMC) of IgG Antibodies Against BCH0785 Pneumococcal Protein
125,outcome_overview_time_frame_weeks,0,8,,,Baseline,OG005,281.66,Geometric Mean Concentrations (GMC) of IgG Antibodies Against BCH0785 Pneumococcal Protein
126,outcome_overview_dose_description,0w post dose 1 child,8w post dose 1 child,,,Baseline,OG006,372.53,Geometric Mean Concentrations (GMC) of IgG Antibodies Against BCH0785 Pneumococcal Protein
126,outcome_overview_time_frame_weeks,0,8,,,Baseline,OG006,372.53,Geometric Mean Concentrations (GMC) of IgG Antibodies Against BCH0785 Pneumococcal Protein
127,outcome_overview_dose_description,0w post dose 1 child,8w post dose 1 child,,,Baseline,OG007,288.13,Geometric Mean Concentrations (GMC) of IgG Antibodies Against BCH0785 Pneumococcal Protein
127,outcome_overview_time_frame_weeks,0,8,,,Baseline,OG007,288.13,Geometric Mean Concentrations (GMC) of IgG Antibodies Against BCH0785 Pneumococcal Protein
128,outcome_overview_dose_description,0w post dose 1 child,8w post dose 1 child,,,Post-vaccination 1,OG000,1665.26,Geometric Mean Concentrations (GMC) of IgG Antibodies Against BCH0785 Pneumococcal Protein
128,outcome_overview_time_frame_weeks,0,8,,,Post-vaccination 1,OG000,1665.26,Geometric Mean Concentrations (GMC) of IgG Antibodies Against BCH0785 Pneumococcal Protein
129,outcome_overview_dose_description,0w post dose 1 child,8w post dose 1 child,,,Post-vaccination 1,OG001,1367.52,Geometric Mean Concentrations (GMC) of IgG Antibodies Against BCH0785 Pneumococcal Protein
129,outcome_overview_time_frame_weeks,0,8,,,Post-vaccination 1,OG001,1367.52,Geometric Mean Concentrations (GMC) of IgG Antibodies Against BCH0785 Pneumococcal Protein
130,outcome_overview_dose_description,0w post dose 1 child,8w post dose 1 child,,,Post-vaccination 1,OG002,1224.22,Geometric Mean Concentrations (GMC) of IgG Antibodies Against BCH0785 Pneumococcal Protein
130,outcome_overview_time_frame_weeks,0,8,,,Post-vaccination 1,OG002,1224.22,Geometric Mean Concentrations (GMC) of IgG Antibodies Against BCH0785 Pneumococcal Protein
131,outcome_overview_dose_description,0w post dose 1 child,8w post dose 1 child,,,Post-vaccination 1,OG003,504.49,Geometric Mean Concentrations (GMC) of IgG Antibodies Against BCH0785 Pneumococcal Protein
131,outcome_overview_time_frame_weeks,0,8,,,Post-vaccination 1,OG003,504.49,Geometric Mean Concentrations (GMC) of IgG Antibodies Against BCH0785 Pneumococcal Protein
132,outcome_overview_dose_description,0w post dose 1 child,8w post dose 1 child,,,Post-vaccination 1,OG004,364.39,Geometric Mean Concentrations (GMC) of IgG Antibodies Against BCH0785 Pneumococcal Protein
132,outcome_overview_time_frame_weeks,0,8,,,Post-vaccination 1,OG004,364.39,Geometric Mean Concentrations (GMC) of IgG Antibodies Against BCH0785 Pneumococcal Protein
133,outcome_overview_dose_description,0w post dose 1 child,8w post dose 1 child,,,Post-vaccination 1,OG005,373.57,Geometric Mean Concentrations (GMC) of IgG Antibodies Against BCH0785 Pneumococcal Protein
133,outcome_overview_time_frame_weeks,0,8,,,Post-vaccination 1,OG005,373.57,Geometric Mean Concentrations (GMC) of IgG Antibodies Against BCH0785 Pneumococcal Protein
134,outcome_overview_dose_description,0w post dose 1 child,8w post dose 1 child,,,Post-vaccination 1,OG006,526.34,Geometric Mean Concentrations (GMC) of IgG Antibodies Against BCH0785 Pneumococcal Protein
134,outcome_overview_time_frame_weeks,0,8,,,Post-vaccination 1,OG006,526.34,Geometric Mean Concentrations (GMC) of IgG Antibodies Against BCH0785 Pneumococcal Protein
135,outcome_overview_dose_description,0w post dose 1 child,8w post dose 1 child,,,Post-vaccination 1,OG007,328.03,Geometric Mean Concentrations (GMC) of IgG Antibodies Against BCH0785 Pneumococcal Protein
135,outcome_overview_time_frame_weeks,0,8,,,Post-vaccination 1,OG007,328.03,Geometric Mean Concentrations (GMC) of IgG Antibodies Against BCH0785 Pneumococcal Protein
136,outcome_overview_dose_description,0w post dose 1 child,8w post dose 1 child,,,Post-vaccination 2,OG000,1808.37,Geometric Mean Concentrations (GMC) of IgG Antibodies Against BCH0785 Pneumococcal Protein
136,outcome_overview_time_frame_weeks,0,8,,,Post-vaccination 2,OG000,1808.37,Geometric Mean Concentrations (GMC) of IgG Antibodies Against BCH0785 Pneumococcal Protein
137,outcome_overview_dose_description,0w post dose 1 child,8w post dose 1 child,,,Post-vaccination 2,OG001,1713.83,Geometric Mean Concentrations (GMC) of IgG Antibodies Against BCH0785 Pneumococcal Protein
137,outcome_overview_time_frame_weeks,0,8,,,Post-vaccination 2,OG001,1713.83,Geometric Mean Concentrations (GMC) of IgG Antibodies Against BCH0785 Pneumococcal Protein
138,outcome_overview_dose_description,0w post dose 1 child,8w post dose 1 child,,,Post-vaccination 2,OG002,1340.75,Geometric Mean Concentrations (GMC) of IgG Antibodies Against BCH0785 Pneumococcal Protein
138,outcome_overview_time_frame_weeks,0,8,,,Post-vaccination 2,OG002,1340.75,Geometric Mean Concentrations (GMC) of IgG Antibodies Against BCH0785 Pneumococcal Protein
139,outcome_overview_dose_description,0w post dose 1 child,8w post dose 1 child,,,Post-vaccination 2,OG003,561.60,Geometric Mean Concentrations (GMC) of IgG Antibodies Against BCH0785 Pneumococcal Protein
139,outcome_overview_time_frame_weeks,0,8,,,Post-vaccination 2,OG003,561.60,Geometric Mean Concentrations (GMC) of IgG Antibodies Against BCH0785 Pneumococcal Protein
140,outcome_overview_dose_description,0w post dose 1 child,8w post dose 1 child,,,Post-vaccination 2,OG004,480.18,Geometric Mean Concentrations (GMC) of IgG Antibodies Against BCH0785 Pneumococcal Protein
140,outcome_overview_time_frame_weeks,0,8,,,Post-vaccination 2,OG004,480.18,Geometric Mean Concentrations (GMC) of IgG Antibodies Against BCH0785 Pneumococcal Protein
141,outcome_overview_dose_description,0w post dose 1 child,8w post dose 1 child,,,Post-vaccination 2,OG005,470.01,Geometric Mean Concentrations (GMC) of IgG Antibodies Against BCH0785 Pneumococcal Protein
141,outcome_overview_time_frame_weeks,0,8,,,Post-vaccination 2,OG005,470.01,Geometric Mean Concentrations (GMC) of IgG Antibodies Against BCH0785 Pneumococcal Protein
142,outcome_overview_dose_description,0w post dose 1 child,8w post dose 1 child,,,Post-vaccination 2,OG006,716.82,Geometric Mean Concentrations (GMC) of IgG Antibodies Against BCH0785 Pneumococcal Protein
142,outcome_overview_time_frame_weeks,0,8,,,Post-vaccination 2,OG006,716.82,Geometric Mean Concentrations (GMC) of IgG Antibodies Against BCH0785 Pneumococcal Protein
143,outcome_overview_dose_description,0w post dose 1 child,8w post dose 1 child,,,Post-vaccination 2,OG007,394.37,Geometric Mean Concentrations (GMC) of IgG Antibodies Against BCH0785 Pneumococcal Protein
143,outcome_overview_time_frame_weeks,0,8,,,Post-vaccination 2,OG007,394.37,Geometric Mean Concentrations (GMC) of IgG Antibodies Against BCH0785 Pneumococcal Protein
144,outcome_overview_dose_description,0w post dose 1 child,8w post dose 1 child,,,Baseline,OG000,1406.04,Geometric Mean Concentrations (GMC) of IgG Antibodies Against StkP Pneumococcal Protein
144,outcome_overview_time_frame_weeks,0,8,,,Baseline,OG000,1406.04,Geometric Mean Concentrations (GMC) of IgG Antibodies Against StkP Pneumococcal Protein
145,outcome_overview_dose_description,0w post dose 1 child,8w post dose 1 child,,,Baseline,OG001,1140.55,Geometric Mean Concentrations (GMC) of IgG Antibodies Against StkP Pneumococcal Protein
145,outcome_overview_time_frame_weeks,0,8,,,Baseline,OG001,1140.55,Geometric Mean Concentrations (GMC) of IgG Antibodies Against StkP Pneumococcal Protein
146,outcome_overview_dose_description,0w post dose 1 child,8w post dose 1 child,,,Baseline,OG002,1263.61,Geometric Mean Concentrations (GMC) of IgG Antibodies Against StkP Pneumococcal Protein
146,outcome_overview_time_frame_weeks,0,8,,,Baseline,OG002,1263.61,Geometric Mean Concentrations (GMC) of IgG Antibodies Against StkP Pneumococcal Protein
147,outcome_overview_dose_description,0w post dose 1 child,8w post dose 1 child,,,Baseline,OG003,204.58,Geometric Mean Concentrations (GMC) of IgG Antibodies Against StkP Pneumococcal Protein
147,outcome_overview_time_frame_weeks,0,8,,,Baseline,OG003,204.58,Geometric Mean Concentrations (GMC) of IgG Antibodies Against StkP Pneumococcal Protein
148,outcome_overview_dose_description,0w post dose 1 child,8w post dose 1 child,,,Baseline,OG004,130.62,Geometric Mean Concentrations (GMC) of IgG Antibodies Against StkP Pneumococcal Protein
148,outcome_overview_time_frame_weeks,0,8,,,Baseline,OG004,130.62,Geometric Mean Concentrations (GMC) of IgG Antibodies Against StkP Pneumococcal Protein
149,outcome_overview_dose_description,0w post dose 1 child,8w post dose 1 child,,,Baseline,OG005,157.58,Geometric Mean Concentrations (GMC) of IgG Antibodies Against StkP Pneumococcal Protein
149,outcome_overview_time_frame_weeks,0,8,,,Baseline,OG005,157.58,Geometric Mean Concentrations (GMC) of IgG Antibodies Against StkP Pneumococcal Protein
150,outcome_overview_dose_description,0w post dose 1 child,8w post dose 1 child,,,Baseline,OG006,229.15,Geometric Mean Concentrations (GMC) of IgG Antibodies Against StkP Pneumococcal Protein
150,outcome_overview_time_frame_weeks,0,8,,,Baseline,OG006,229.15,Geometric Mean Concentrations (GMC) of IgG Antibodies Against StkP Pneumococcal Protein
151,outcome_overview_dose_description,0w post dose 1 child,8w post dose 1 child,,,Baseline,OG007,161.89,Geometric Mean Concentrations (GMC) of IgG Antibodies Against StkP Pneumococcal Protein
151,outcome_overview_time_frame_weeks,0,8,,,Baseline,OG007,161.89,Geometric Mean Concentrations (GMC) of IgG Antibodies Against StkP Pneumococcal Protein
152,outcome_overview_dose_description,0w post dose 1 child,8w post dose 1 child,,,Post-vaccination 1,OG000,1632.87,Geometric Mean Concentrations (GMC) of IgG Antibodies Against StkP Pneumococcal Protein
152,outcome_overview_time_frame_weeks,0,8,,,Post-vaccination 1,OG000,1632.87,Geometric Mean Concentrations (GMC) of IgG Antibodies Against StkP Pneumococcal Protein
153,outcome_overview_dose_description,0w post dose 1 child,8w post dose 1 child,,,Post-vaccination 1,OG001,1311.45,Geometric Mean Concentrations (GMC) of IgG Antibodies Against StkP Pneumococcal Protein
153,outcome_overview_time_frame_weeks,0,8,,,Post-vaccination 1,OG001,1311.45,Geometric Mean Concentrations (GMC) of IgG Antibodies Against StkP Pneumococcal Protein
154,outcome_overview_dose_description,0w post dose 1 child,8w post dose 1 child,,,Post-vaccination 1,OG002,1308.29,Geometric Mean Concentrations (GMC) of IgG Antibodies Against StkP Pneumococcal Protein
154,outcome_overview_time_frame_weeks,0,8,,,Post-vaccination 1,OG002,1308.29,Geometric Mean Concentrations (GMC) of IgG Antibodies Against StkP Pneumococcal Protein
155,outcome_overview_dose_description,0w post dose 1 child,8w post dose 1 child,,,Post-vaccination 1,OG003,278.64,Geometric Mean Concentrations (GMC) of IgG Antibodies Against StkP Pneumococcal Protein
155,outcome_overview_time_frame_weeks,0,8,,,Post-vaccination 1,OG003,278.64,Geometric Mean Concentrations (GMC) of IgG Antibodies Against StkP Pneumococcal Protein
156,outcome_overview_dose_description,0w post dose 1 child,8w post dose 1 child,,,Post-vaccination 1,OG004,164.27,Geometric Mean Concentrations (GMC) of IgG Antibodies Against StkP Pneumococcal Protein
156,outcome_overview_time_frame_weeks,0,8,,,Post-vaccination 1,OG004,164.27,Geometric Mean Concentrations (GMC) of IgG Antibodies Against StkP Pneumococcal Protein
157,outcome_overview_dose_description,0w post dose 1 child,8w post dose 1 child,,,Post-vaccination 1,OG005,187.67,Geometric Mean Concentrations (GMC) of IgG Antibodies Against StkP Pneumococcal Protein
157,outcome_overview_time_frame_weeks,0,8,,,Post-vaccination 1,OG005,187.67,Geometric Mean Concentrations (GMC) of IgG Antibodies Against StkP Pneumococcal Protein
158,outcome_overview_dose_description,0w post dose 1 child,8w post dose 1 child,,,Post-vaccination 1,OG006,295.14,Geometric Mean Concentrations (GMC) of IgG Antibodies Against StkP Pneumococcal Protein
158,outcome_overview_time_frame_weeks,0,8,,,Post-vaccination 1,OG006,295.14,Geometric Mean Concentrations (GMC) of IgG Antibodies Against StkP Pneumococcal Protein
159,outcome_overview_dose_description,0w post dose 1 child,8w post dose 1 child,,,Post-vaccination 1,OG007,180.93,Geometric Mean Concentrations (GMC) of IgG Antibodies Against StkP Pneumococcal Protein
159,outcome_overview_time_frame_weeks,0,8,,,Post-vaccination 1,OG007,180.93,Geometric Mean Concentrations (GMC) of IgG Antibodies Against StkP Pneumococcal Protein
160,outcome_overview_dose_description,0w post dose 1 child,8w post dose 1 child,,,Post-vaccination 2,OG000,1753.89,Geometric Mean Concentrations (GMC) of IgG Antibodies Against StkP Pneumococcal Protein
160,outcome_overview_time_frame_weeks,0,8,,,Post-vaccination 2,OG000,1753.89,Geometric Mean Concentrations (GMC) of IgG Antibodies Against StkP Pneumococcal Protein
161,outcome_overview_dose_description,0w post dose 1 child,8w post dose 1 child,,,Post-vaccination 2,OG001,1620.05,Geometric Mean Concentrations (GMC) of IgG Antibodies Against StkP Pneumococcal Protein
161,outcome_overview_time_frame_weeks,0,8,,,Post-vaccination 2,OG001,1620.05,Geometric Mean Concentrations (GMC) of IgG Antibodies Against StkP Pneumococcal Protein
162,outcome_overview_dose_description,0w post dose 1 child,8w post dose 1 child,,,Post-vaccination 2,OG002,1430.78,Geometric Mean Concentrations (GMC) of IgG Antibodies Against StkP Pneumococcal Protein
162,outcome_overview_time_frame_weeks,0,8,,,Post-vaccination 2,OG002,1430.78,Geometric Mean Concentrations (GMC) of IgG Antibodies Against StkP Pneumococcal Protein
163,outcome_overview_dose_description,0w post dose 1 child,8w post dose 1 child,,,Post-vaccination 2,OG003,351.25,Geometric Mean Concentrations (GMC) of IgG Antibodies Against StkP Pneumococcal Protein
163,outcome_overview_time_frame_weeks,0,8,,,Post-vaccination 2,OG003,351.25,Geometric Mean Concentrations (GMC) of IgG Antibodies Against StkP Pneumococcal Protein
164,outcome_overview_dose_description,0w post dose 1 child,8w post dose 1 child,,,Post-vaccination 2,OG004,230.51,Geometric Mean Concentrations (GMC) of IgG Antibodies Against StkP Pneumococcal Protein
164,outcome_overview_time_frame_weeks,0,8,,,Post-vaccination 2,OG004,230.51,Geometric Mean Concentrations (GMC) of IgG Antibodies Against StkP Pneumococcal Protein
165,outcome_overview_dose_description,0w post dose 1 child,8w post dose 1 child,,,Post-vaccination 2,OG005,273.84,Geometric Mean Concentrations (GMC) of IgG Antibodies Against StkP Pneumococcal Protein
165,outcome_overview_time_frame_weeks,0,8,,,Post-vaccination 2,OG005,273.84,Geometric Mean Concentrations (GMC) of IgG Antibodies Against StkP Pneumococcal Protein
166,outcome_overview_dose_description,0w post dose 1 child,8w post dose 1 child,,,Post-vaccination 2,OG006,396.24,Geometric Mean Concentrations (GMC) of IgG Antibodies Against StkP Pneumococcal Protein
166,outcome_overview_time_frame_weeks,0,8,,,Post-vaccination 2,OG006,396.24,Geometric Mean Concentrations (GMC) of IgG Antibodies Against StkP Pneumococcal Protein
167,outcome_overview_dose_description,0w post dose 1 child,8w post dose 1 child,,,Post-vaccination 2,OG007,217.32,Geometric Mean Concentrations (GMC) of IgG Antibodies Against StkP Pneumococcal Protein
167,outcome_overview_time_frame_weeks,0,8,,,Post-vaccination 2,OG007,217.32,Geometric Mean Concentrations (GMC) of IgG Antibodies Against StkP Pneumococcal Protein
168,outcome_overview_dose_description,0w post dose 1 child,8w post dose 1 child,,,Baseline,OG000,1677.20,Geometric Mean Concentrations (GMC) of IgG Antibodies Against PcpA Pneumococcal Protein
168,outcome_overview_time_frame_weeks,0,8,,,Baseline,OG000,1677.20,Geometric Mean Concentrations (GMC) of IgG Antibodies Against PcpA Pneumococcal Protein
169,outcome_overview_dose_description,0w post dose 1 child,8w post dose 1 child,,,Baseline,OG001,1016.49,Geometric Mean Concentrations (GMC) of IgG Antibodies Against PcpA Pneumococcal Protein
169,outcome_overview_time_frame_weeks,0,8,,,Baseline,OG001,1016.49,Geometric Mean Concentrations (GMC) of IgG Antibodies Against PcpA Pneumococcal Protein
170,outcome_overview_dose_description,0w post dose 1 child,8w post dose 1 child,,,Baseline,OG002,1436.97,Geometric Mean Concentrations (GMC) of IgG Antibodies Against PcpA Pneumococcal Protein
170,outcome_overview_time_frame_weeks,0,8,,,Baseline,OG002,1436.97,Geometric Mean Concentrations (GMC) of IgG Antibodies Against PcpA Pneumococcal Protein
171,outcome_overview_dose_description,0w post dose 1 child,8w post dose 1 child,,,Baseline,OG003,316.39,Geometric Mean Concentrations (GMC) of IgG Antibodies Against PcpA Pneumococcal Protein
171,outcome_overview_time_frame_weeks,0,8,,,Baseline,OG003,316.39,Geometric Mean Concentrations (GMC) of IgG Antibodies Against PcpA Pneumococcal Protein
172,outcome_overview_dose_description,0w post dose 1 child,8w post dose 1 child,,,Baseline,OG004,350.52,Geometric Mean Concentrations (GMC) of IgG Antibodies Against PcpA Pneumococcal Protein
172,outcome_overview_time_frame_weeks,0,8,,,Baseline,OG004,350.52,Geometric Mean Concentrations (GMC) of IgG Antibodies Against PcpA Pneumococcal Protein
173,outcome_overview_dose_description,0w post dose 1 child,8w post dose 1 child,,,Baseline,OG005,355.69,Geometric Mean Concentrations (GMC) of IgG Antibodies Against PcpA Pneumococcal Protein
173,outcome_overview_time_frame_weeks,0,8,,,Baseline,OG005,355.69,Geometric Mean Concentrations (GMC) of IgG Antibodies Against PcpA Pneumococcal Protein
174,outcome_overview_dose_description,0w post dose 1 child,8w post dose 1 child,,,Baseline,OG006,356.24,Geometric Mean Concentrations (GMC) of IgG Antibodies Against PcpA Pneumococcal Protein
174,outcome_overview_time_frame_weeks,0,8,,,Baseline,OG006,356.24,Geometric Mean Concentrations (GMC) of IgG Antibodies Against PcpA Pneumococcal Protein
175,outcome_overview_dose_description,0w post dose 1 child,8w post dose 1 child,,,Baseline,OG007,254.77,Geometric Mean Concentrations (GMC) of IgG Antibodies Against PcpA Pneumococcal Protein
175,outcome_overview_time_frame_weeks,0,8,,,Baseline,OG007,254.77,Geometric Mean Concentrations (GMC) of IgG Antibodies Against PcpA Pneumococcal Protein
176,outcome_overview_dose_description,0w post dose 1 child,8w post dose 1 child,,,Post-vaccination 1,OG000,1523.84,Geometric Mean Concentrations (GMC) of IgG Antibodies Against PcpA Pneumococcal Protein
176,outcome_overview_time_frame_weeks,0,8,,,Post-vaccination 1,OG000,1523.84,Geometric Mean Concentrations (GMC) of IgG Antibodies Against PcpA Pneumococcal Protein
177,outcome_overview_dose_description,0w post dose 1 child,8w post dose 1 child,,,Post-vaccination 1,OG001,904.99,Geometric Mean Concentrations (GMC) of IgG Antibodies Against PcpA Pneumococcal Protein
177,outcome_overview_time_frame_weeks,0,8,,,Post-vaccination 1,OG001,904.99,Geometric Mean Concentrations (GMC) of IgG Antibodies Against PcpA Pneumococcal Protein
178,outcome_overview_dose_description,0w post dose 1 child,8w post dose 1 child,,,Post-vaccination 1,OG002,1461.34,Geometric Mean Concentrations (GMC) of IgG Antibodies Against PcpA Pneumococcal Protein
178,outcome_overview_time_frame_weeks,0,8,,,Post-vaccination 1,OG002,1461.34,Geometric Mean Concentrations (GMC) of IgG Antibodies Against PcpA Pneumococcal Protein
179,outcome_overview_dose_description,0w post dose 1 child,8w post dose 1 child,,,Post-vaccination 1,OG003,354.49,Geometric Mean Concentrations (GMC) of IgG Antibodies Against PcpA Pneumococcal Protein
179,outcome_overview_time_frame_weeks,0,8,,,Post-vaccination 1,OG003,354.49,Geometric Mean Concentrations (GMC) of IgG Antibodies Against PcpA Pneumococcal Protein
180,outcome_overview_dose_description,0w post dose 1 child,8w post dose 1 child,,,Post-vaccination 1,OG004,327.75,Geometric Mean Concentrations (GMC) of IgG Antibodies Against PcpA Pneumococcal Protein
180,outcome_overview_time_frame_weeks,0,8,,,Post-vaccination 1,OG004,327.75,Geometric Mean Concentrations (GMC) of IgG Antibodies Against PcpA Pneumococcal Protein
181,outcome_overview_dose_description,0w post dose 1 child,8w post dose 1 child,,,Post-vaccination 1,OG005,473.66,Geometric Mean Concentrations (GMC) of IgG Antibodies Against PcpA Pneumococcal Protein
181,outcome_overview_time_frame_weeks,0,8,,,Post-vaccination 1,OG005,473.66,Geometric Mean Concentrations (GMC) of IgG Antibodies Against PcpA Pneumococcal Protein
182,outcome_overview_dose_description,0w post dose 1 child,8w post dose 1 child,,,Post-vaccination 1,OG006,344.10,Geometric Mean Concentrations (GMC) of IgG Antibodies Against PcpA Pneumococcal Protein
182,outcome_overview_time_frame_weeks,0,8,,,Post-vaccination 1,OG006,344.10,Geometric Mean Concentrations (GMC) of IgG Antibodies Against PcpA Pneumococcal Protein
183,outcome_overview_dose_description,0w post dose 1 child,8w post dose 1 child,,,Post-vaccination 1,OG007,297.33,Geometric Mean Concentrations (GMC) of IgG Antibodies Against PcpA Pneumococcal Protein
183,outcome_overview_time_frame_weeks,0,8,,,Post-vaccination 1,OG007,297.33,Geometric Mean Concentrations (GMC) of IgG Antibodies Against PcpA Pneumococcal Protein
184,outcome_overview_dose_description,0w post dose 1 child,8w post dose 1 child,,,Post-vaccination 2,OG000,1497.72,Geometric Mean Concentrations (GMC) of IgG Antibodies Against PcpA Pneumococcal Protein
184,outcome_overview_time_frame_weeks,0,8,,,Post-vaccination 2,OG000,1497.72,Geometric Mean Concentrations (GMC) of IgG Antibodies Against PcpA Pneumococcal Protein
185,outcome_overview_dose_description,0w post dose 1 child,8w post dose 1 child,,,Post-vaccination 2,OG001,950.83,Geometric Mean Concentrations (GMC) of IgG Antibodies Against PcpA Pneumococcal Protein
185,outcome_overview_time_frame_weeks,0,8,,,Post-vaccination 2,OG001,950.83,Geometric Mean Concentrations (GMC) of IgG Antibodies Against PcpA Pneumococcal Protein
186,outcome_overview_dose_description,0w post dose 1 child,8w post dose 1 child,,,Post-vaccination 2,OG002,1728.30,Geometric Mean Concentrations (GMC) of IgG Antibodies Against PcpA Pneumococcal Protein
186,outcome_overview_time_frame_weeks,0,8,,,Post-vaccination 2,OG002,1728.30,Geometric Mean Concentrations (GMC) of IgG Antibodies Against PcpA Pneumococcal Protein
187,outcome_overview_dose_description,0w post dose 1 child,8w post dose 1 child,,,Post-vaccination 2,OG003,375.72,Geometric Mean Concentrations (GMC) of IgG Antibodies Against PcpA Pneumococcal Protein
187,outcome_overview_time_frame_weeks,0,8,,,Post-vaccination 2,OG003,375.72,Geometric Mean Concentrations (GMC) of IgG Antibodies Against PcpA Pneumococcal Protein
188,outcome_overview_dose_description,0w post dose 1 child,8w post dose 1 child,,,Post-vaccination 2,OG004,342.08,Geometric Mean Concentrations (GMC) of IgG Antibodies Against PcpA Pneumococcal Protein
188,outcome_overview_time_frame_weeks,0,8,,,Post-vaccination 2,OG004,342.08,Geometric Mean Concentrations (GMC) of IgG Antibodies Against PcpA Pneumococcal Protein
189,outcome_overview_dose_description,0w post dose 1 child,8w post dose 1 child,,,Post-vaccination 2,OG005,441.77,Geometric Mean Concentrations (GMC) of IgG Antibodies Against PcpA Pneumococcal Protein
189,outcome_overview_time_frame_weeks,0,8,,,Post-vaccination 2,OG005,441.77,Geometric Mean Concentrations (GMC) of IgG Antibodies Against PcpA Pneumococcal Protein
190,outcome_overview_dose_description,0w post dose 1 child,8w post dose 1 child,,,Post-vaccination 2,OG006,434.85,Geometric Mean Concentrations (GMC) of IgG Antibodies Against PcpA Pneumococcal Protein
190,outcome_overview_time_frame_weeks,0,8,,,Post-vaccination 2,OG006,434.85,Geometric Mean Concentrations (GMC) of IgG Antibodies Against PcpA Pneumococcal Protein
191,outcome_overview_dose_description,0w post dose 1 child,8w post dose 1 child,,,Post-vaccination 2,OG007,392.99,Geometric Mean Concentrations (GMC) of IgG Antibodies Against PcpA Pneumococcal Protein
191,outcome_overview_time_frame_weeks,0,8,,,Post-vaccination 2,OG007,392.99,Geometric Mean Concentrations (GMC) of IgG Antibodies Against PcpA Pneumococcal Protein
192,outcome_overview_dose_description,0w post dose 1 child,8w post dose 1 child,,,Baseline,OG000,1707.99,Geometric Mean Concentrations (GMC) of IgG Antibodies Against SPWCA Pneumococcal Protein
192,outcome_overview_time_frame_weeks,0,8,,,Baseline,OG000,1707.99,Geometric Mean Concentrations (GMC) of IgG Antibodies Against SPWCA Pneumococcal Protein
193,outcome_overview_dose_description,0w post dose 1 child,8w post dose 1 child,,,Baseline,OG001,1398.09,Geometric Mean Concentrations (GMC) of IgG Antibodies Against SPWCA Pneumococcal Protein
193,outcome_overview_time_frame_weeks,0,8,,,Baseline,OG001,1398.09,Geometric Mean Concentrations (GMC) of IgG Antibodies Against SPWCA Pneumococcal Protein
194,outcome_overview_dose_description,0w post dose 1 child,8w post dose 1 child,,,Baseline,OG002,1321.49,Geometric Mean Concentrations (GMC) of IgG Antibodies Against SPWCA Pneumococcal Protein
194,outcome_overview_time_frame_weeks,0,8,,,Baseline,OG002,1321.49,Geometric Mean Concentrations (GMC) of IgG Antibodies Against SPWCA Pneumococcal Protein
195,outcome_overview_dose_description,0w post dose 1 child,8w post dose 1 child,,,Baseline,OG003,664.34,Geometric Mean Concentrations (GMC) of IgG Antibodies Against SPWCA Pneumococcal Protein
195,outcome_overview_time_frame_weeks,0,8,,,Baseline,OG003,664.34,Geometric Mean Concentrations (GMC) of IgG Antibodies Against SPWCA Pneumococcal Protein
196,outcome_overview_dose_description,0w post dose 1 child,8w post dose 1 child,,,Baseline,OG004,632.54,Geometric Mean Concentrations (GMC) of IgG Antibodies Against SPWCA Pneumococcal Protein
196,outcome_overview_time_frame_weeks,0,8,,,Baseline,OG004,632.54,Geometric Mean Concentrations (GMC) of IgG Antibodies Against SPWCA Pneumococcal Protein
197,outcome_overview_dose_description,0w post dose 1 child,8w post dose 1 child,,,Baseline,OG005,615.81,Geometric Mean Concentrations (GMC) of IgG Antibodies Against SPWCA Pneumococcal Protein
197,outcome_overview_time_frame_weeks,0,8,,,Baseline,OG005,615.81,Geometric Mean Concentrations (GMC) of IgG Antibodies Against SPWCA Pneumococcal Protein
198,outcome_overview_dose_description,0w post dose 1 child,8w post dose 1 child,,,Baseline,OG006,665.59,Geometric Mean Concentrations (GMC) of IgG Antibodies Against SPWCA Pneumococcal Protein
198,outcome_overview_time_frame_weeks,0,8,,,Baseline,OG006,665.59,Geometric Mean Concentrations (GMC) of IgG Antibodies Against SPWCA Pneumococcal Protein
199,outcome_overview_dose_description,0w post dose 1 child,8w post dose 1 child,,,Baseline,OG007,652.61,Geometric Mean Concentrations (GMC) of IgG Antibodies Against SPWCA Pneumococcal Protein
199,outcome_overview_time_frame_weeks,0,8,,,Baseline,OG007,652.61,Geometric Mean Concentrations (GMC) of IgG Antibodies Against SPWCA Pneumococcal Protein
200,outcome_overview_dose_description,0w post dose 1 child,8w post dose 1 child,,,Post-vaccination 1,OG000,1660.20,Geometric Mean Concentrations (GMC) of IgG Antibodies Against SPWCA Pneumococcal Protein
200,outcome_overview_time_frame_weeks,0,8,,,Post-vaccination 1,OG000,1660.20,Geometric Mean Concentrations (GMC) of IgG Antibodies Against SPWCA Pneumococcal Protein
201,outcome_overview_dose_description,0w post dose 1 child,8w post dose 1 child,,,Post-vaccination 1,OG001,1359.27,Geometric Mean Concentrations (GMC) of IgG Antibodies Against SPWCA Pneumococcal Protein
201,outcome_overview_time_frame_weeks,0,8,,,Post-vaccination 1,OG001,1359.27,Geometric Mean Concentrations (GMC) of IgG Antibodies Against SPWCA Pneumococcal Protein
202,outcome_overview_dose_description,0w post dose 1 child,8w post dose 1 child,,,Post-vaccination 1,OG002,1263.81,Geometric Mean Concentrations (GMC) of IgG Antibodies Against SPWCA Pneumococcal Protein
202,outcome_overview_time_frame_weeks,0,8,,,Post-vaccination 1,OG002,1263.81,Geometric Mean Concentrations (GMC) of IgG Antibodies Against SPWCA Pneumococcal Protein
203,outcome_overview_dose_description,0w post dose 1 child,8w post dose 1 child,,,Post-vaccination 1,OG003,778.54,Geometric Mean Concentrations (GMC) of IgG Antibodies Against SPWCA Pneumococcal Protein
203,outcome_overview_time_frame_weeks,0,8,,,Post-vaccination 1,OG003,778.54,Geometric Mean Concentrations (GMC) of IgG Antibodies Against SPWCA Pneumococcal Protein
204,outcome_overview_dose_description,0w post dose 1 child,8w post dose 1 child,,,Post-vaccination 1,OG004,717.62,Geometric Mean Concentrations (GMC) of IgG Antibodies Against SPWCA Pneumococcal Protein
204,outcome_overview_time_frame_weeks,0,8,,,Post-vaccination 1,OG004,717.62,Geometric Mean Concentrations (GMC) of IgG Antibodies Against SPWCA Pneumococcal Protein
205,outcome_overview_dose_description,0w post dose 1 child,8w post dose 1 child,,,Post-vaccination 1,OG005,728.65,Geometric Mean Concentrations (GMC) of IgG Antibodies Against SPWCA Pneumococcal Protein
205,outcome_overview_time_frame_weeks,0,8,,,Post-vaccination 1,OG005,728.65,Geometric Mean Concentrations (GMC) of IgG Antibodies Against SPWCA Pneumococcal Protein
206,outcome_overview_dose_description,0w post dose 1 child,8w post dose 1 child,,,Post-vaccination 1,OG006,771.90,Geometric Mean Concentrations (GMC) of IgG Antibodies Against SPWCA Pneumococcal Protein
206,outcome_overview_time_frame_weeks,0,8,,,Post-vaccination 1,OG006,771.90,Geometric Mean Concentrations (GMC) of IgG Antibodies Against SPWCA Pneumococcal Protein
207,outcome_overview_dose_description,0w post dose 1 child,8w post dose 1 child,,,Post-vaccination 1,OG007,682.37,Geometric Mean Concentrations (GMC) of IgG Antibodies Against SPWCA Pneumococcal Protein
207,outcome_overview_time_frame_weeks,0,8,,,Post-vaccination 1,OG007,682.37,Geometric Mean Concentrations (GMC) of IgG Antibodies Against SPWCA Pneumococcal Protein
208,outcome_overview_dose_description,0w post dose 1 child,8w post dose 1 child,,,Post-vaccination 2,OG000,1709.46,Geometric Mean Concentrations (GMC) of IgG Antibodies Against SPWCA Pneumococcal Protein
208,outcome_overview_time_frame_weeks,0,8,,,Post-vaccination 2,OG000,1709.46,Geometric Mean Concentrations (GMC) of IgG Antibodies Against SPWCA Pneumococcal Protein
209,outcome_overview_dose_description,0w post dose 1 child,8w post dose 1 child,,,Post-vaccination 2,OG001,1685.31,Geometric Mean Concentrations (GMC) of IgG Antibodies Against SPWCA Pneumococcal Protein
209,outcome_overview_time_frame_weeks,0,8,,,Post-vaccination 2,OG001,1685.31,Geometric Mean Concentrations (GMC) of IgG Antibodies Against SPWCA Pneumococcal Protein
210,outcome_overview_dose_description,0w post dose 1 child,8w post dose 1 child,,,Post-vaccination 2,OG002,1493.37,Geometric Mean Concentrations (GMC) of IgG Antibodies Against SPWCA Pneumococcal Protein
210,outcome_overview_time_frame_weeks,0,8,,,Post-vaccination 2,OG002,1493.37,Geometric Mean Concentrations (GMC) of IgG Antibodies Against SPWCA Pneumococcal Protein
211,outcome_overview_dose_description,0w post dose 1 child,8w post dose 1 child,,,Post-vaccination 2,OG003,844.62,Geometric Mean Concentrations (GMC) of IgG Antibodies Against SPWCA Pneumococcal Protein
211,outcome_overview_time_frame_weeks,0,8,,,Post-vaccination 2,OG003,844.62,Geometric Mean Concentrations (GMC) of IgG Antibodies Against SPWCA Pneumococcal Protein
212,outcome_overview_dose_description,0w post dose 1 child,8w post dose 1 child,,,Post-vaccination 2,OG004,764.02,Geometric Mean Concentrations (GMC) of IgG Antibodies Against SPWCA Pneumococcal Protein
212,outcome_overview_time_frame_weeks,0,8,,,Post-vaccination 2,OG004,764.02,Geometric Mean Concentrations (GMC) of IgG Antibodies Against SPWCA Pneumococcal Protein
213,outcome_overview_dose_description,0w post dose 1 child,8w post dose 1 child,,,Post-vaccination 2,OG005,820.14,Geometric Mean Concentrations (GMC) of IgG Antibodies Against SPWCA Pneumococcal Protein
213,outcome_overview_time_frame_weeks,0,8,,,Post-vaccination 2,OG005,820.14,Geometric Mean Concentrations (GMC) of IgG Antibodies Against SPWCA Pneumococcal Protein
214,outcome_overview_dose_description,0w post dose 1 child,8w post dose 1 child,,,Post-vaccination 2,OG006,939.58,Geometric Mean Concentrations (GMC) of IgG Antibodies Against SPWCA Pneumococcal Protein
214,outcome_overview_time_frame_weeks,0,8,,,Post-vaccination 2,OG006,939.58,Geometric Mean Concentrations (GMC) of IgG Antibodies Against SPWCA Pneumococcal Protein
215,outcome_overview_dose_description,0w post dose 1 child,8w post dose 1 child,,,Post-vaccination 2,OG007,765.74,Geometric Mean Concentrations (GMC) of IgG Antibodies Against SPWCA Pneumococcal Protein
215,outcome_overview_time_frame_weeks,0,8,,,Post-vaccination 2,OG007,765.74,Geometric Mean Concentrations (GMC) of IgG Antibodies Against SPWCA Pneumococcal Protein
216,outcome_overview_dose_description,0w post dose 1 child,8w post dose 1 child,,,Baseline,OG000,1401.11,Geometric Mean Concentrations (GMC) of IgG Antibodies Against PiuA Pneumococcal Protein
216,outcome_overview_time_frame_weeks,0,8,,,Baseline,OG000,1401.11,Geometric Mean Concentrations (GMC) of IgG Antibodies Against PiuA Pneumococcal Protein
217,outcome_overview_dose_description,0w post dose 1 child,8w post dose 1 child,,,Baseline,OG001,1524.31,Geometric Mean Concentrations (GMC) of IgG Antibodies Against PiuA Pneumococcal Protein
217,outcome_overview_time_frame_weeks,0,8,,,Baseline,OG001,1524.31,Geometric Mean Concentrations (GMC) of IgG Antibodies Against PiuA Pneumococcal Protein
218,outcome_overview_dose_description,0w post dose 1 child,8w post dose 1 child,,,Baseline,OG002,1625.92,Geometric Mean Concentrations (GMC) of IgG Antibodies Against PiuA Pneumococcal Protein
218,outcome_overview_time_frame_weeks,0,8,,,Baseline,OG002,1625.92,Geometric Mean Concentrations (GMC) of IgG Antibodies Against PiuA Pneumococcal Protein
219,outcome_overview_dose_description,0w post dose 1 child,8w post dose 1 child,,,Baseline,OG003,677.28,Geometric Mean Concentrations (GMC) of IgG Antibodies Against PiuA Pneumococcal Protein
219,outcome_overview_time_frame_weeks,0,8,,,Baseline,OG003,677.28,Geometric Mean Concentrations (GMC) of IgG Antibodies Against PiuA Pneumococcal Protein
220,outcome_overview_dose_description,0w post dose 1 child,8w post dose 1 child,,,Baseline,OG004,575.24,Geometric Mean Concentrations (GMC) of IgG Antibodies Against PiuA Pneumococcal Protein
220,outcome_overview_time_frame_weeks,0,8,,,Baseline,OG004,575.24,Geometric Mean Concentrations (GMC) of IgG Antibodies Against PiuA Pneumococcal Protein
221,outcome_overview_dose_description,0w post dose 1 child,8w post dose 1 child,,,Baseline,OG005,556.30,Geometric Mean Concentrations (GMC) of IgG Antibodies Against PiuA Pneumococcal Protein
221,outcome_overview_time_frame_weeks,0,8,,,Baseline,OG005,556.30,Geometric Mean Concentrations (GMC) of IgG Antibodies Against PiuA Pneumococcal Protein
222,outcome_overview_dose_description,0w post dose 1 child,8w post dose 1 child,,,Baseline,OG006,679.07,Geometric Mean Concentrations (GMC) of IgG Antibodies Against PiuA Pneumococcal Protein
222,outcome_overview_time_frame_weeks,0,8,,,Baseline,OG006,679.07,Geometric Mean Concentrations (GMC) of IgG Antibodies Against PiuA Pneumococcal Protein
223,outcome_overview_dose_description,0w post dose 1 child,8w post dose 1 child,,,Baseline,OG007,601.79,Geometric Mean Concentrations (GMC) of IgG Antibodies Against PiuA Pneumococcal Protein
223,outcome_overview_time_frame_weeks,0,8,,,Baseline,OG007,601.79,Geometric Mean Concentrations (GMC) of IgG Antibodies Against PiuA Pneumococcal Protein
224,outcome_overview_dose_description,0w post dose 1 child,8w post dose 1 child,,,Post-vaccination 1,OG000,1471.39,Geometric Mean Concentrations (GMC) of IgG Antibodies Against PiuA Pneumococcal Protein
224,outcome_overview_time_frame_weeks,0,8,,,Post-vaccination 1,OG000,1471.39,Geometric Mean Concentrations (GMC) of IgG Antibodies Against PiuA Pneumococcal Protein
225,outcome_overview_dose_description,0w post dose 1 child,8w post dose 1 child,,,Post-vaccination 1,OG001,1668.22,Geometric Mean Concentrations (GMC) of IgG Antibodies Against PiuA Pneumococcal Protein
225,outcome_overview_time_frame_weeks,0,8,,,Post-vaccination 1,OG001,1668.22,Geometric Mean Concentrations (GMC) of IgG Antibodies Against PiuA Pneumococcal Protein
226,outcome_overview_dose_description,0w post dose 1 child,8w post dose 1 child,,,Post-vaccination 1,OG002,1603.96,Geometric Mean Concentrations (GMC) of IgG Antibodies Against PiuA Pneumococcal Protein
226,outcome_overview_time_frame_weeks,0,8,,,Post-vaccination 1,OG002,1603.96,Geometric Mean Concentrations (GMC) of IgG Antibodies Against PiuA Pneumococcal Protein
227,outcome_overview_dose_description,0w post dose 1 child,8w post dose 1 child,,,Post-vaccination 1,OG003,837.32,Geometric Mean Concentrations (GMC) of IgG Antibodies Against PiuA Pneumococcal Protein
227,outcome_overview_time_frame_weeks,0,8,,,Post-vaccination 1,OG003,837.32,Geometric Mean Concentrations (GMC) of IgG Antibodies Against PiuA Pneumococcal Protein
228,outcome_overview_dose_description,0w post dose 1 child,8w post dose 1 child,,,Post-vaccination 1,OG004,732.41,Geometric Mean Concentrations (GMC) of IgG Antibodies Against PiuA Pneumococcal Protein
228,outcome_overview_time_frame_weeks,0,8,,,Post-vaccination 1,OG004,732.41,Geometric Mean Concentrations (GMC) of IgG Antibodies Against PiuA Pneumococcal Protein
229,outcome_overview_dose_description,0w post dose 1 child,8w post dose 1 child,,,Post-vaccination 1,OG005,702.78,Geometric Mean Concentrations (GMC) of IgG Antibodies Against PiuA Pneumococcal Protein
229,outcome_overview_time_frame_weeks,0,8,,,Post-vaccination 1,OG005,702.78,Geometric Mean Concentrations (GMC) of IgG Antibodies Against PiuA Pneumococcal Protein
230,outcome_overview_dose_description,0w post dose 1 child,8w post dose 1 child,,,Post-vaccination 1,OG006,860.69,Geometric Mean Concentrations (GMC) of IgG Antibodies Against PiuA Pneumococcal Protein
230,outcome_overview_time_frame_weeks,0,8,,,Post-vaccination 1,OG006,860.69,Geometric Mean Concentrations (GMC) of IgG Antibodies Against PiuA Pneumococcal Protein
231,outcome_overview_dose_description,0w post dose 1 child,8w post dose 1 child,,,Post-vaccination 1,OG007,671.40,Geometric Mean Concentrations (GMC) of IgG Antibodies Against PiuA Pneumococcal Protein
231,outcome_overview_time_frame_weeks,0,8,,,Post-vaccination 1,OG007,671.40,Geometric Mean Concentrations (GMC) of IgG Antibodies Against PiuA Pneumococcal Protein
232,outcome_overview_dose_description,0w post dose 1 child,8w post dose 1 child,,,Post-vaccination 2,OG000,1582.79,Geometric Mean Concentrations (GMC) of IgG Antibodies Against PiuA Pneumococcal Protein
232,outcome_overview_time_frame_weeks,0,8,,,Post-vaccination 2,OG000,1582.79,Geometric Mean Concentrations (GMC) of IgG Antibodies Against PiuA Pneumococcal Protein
233,outcome_overview_dose_description,0w post dose 1 child,8w post dose 1 child,,,Post-vaccination 2,OG001,1898.28,Geometric Mean Concentrations (GMC) of IgG Antibodies Against PiuA Pneumococcal Protein
233,outcome_overview_time_frame_weeks,0,8,,,Post-vaccination 2,OG001,1898.28,Geometric Mean Concentrations (GMC) of IgG Antibodies Against PiuA Pneumococcal Protein
234,outcome_overview_dose_description,0w post dose 1 child,8w post dose 1 child,,,Post-vaccination 2,OG002,1769.43,Geometric Mean Concentrations (GMC) of IgG Antibodies Against PiuA Pneumococcal Protein
234,outcome_overview_time_frame_weeks,0,8,,,Post-vaccination 2,OG002,1769.43,Geometric Mean Concentrations (GMC) of IgG Antibodies Against PiuA Pneumococcal Protein
235,outcome_overview_dose_description,0w post dose 1 child,8w post dose 1 child,,,Post-vaccination 2,OG003,937.83,Geometric Mean Concentrations (GMC) of IgG Antibodies Against PiuA Pneumococcal Protein
235,outcome_overview_time_frame_weeks,0,8,,,Post-vaccination 2,OG003,937.83,Geometric Mean Concentrations (GMC) of IgG Antibodies Against PiuA Pneumococcal Protein
236,outcome_overview_dose_description,0w post dose 1 child,8w post dose 1 child,,,Post-vaccination 2,OG004,815.05,Geometric Mean Concentrations (GMC) of IgG Antibodies Against PiuA Pneumococcal Protein
236,outcome_overview_time_frame_weeks,0,8,,,Post-vaccination 2,OG004,815.05,Geometric Mean Concentrations (GMC) of IgG Antibodies Against PiuA Pneumococcal Protein
237,outcome_overview_dose_description,0w post dose 1 child,8w post dose 1 child,,,Post-vaccination 2,OG005,961.01,Geometric Mean Concentrations (GMC) of IgG Antibodies Against PiuA Pneumococcal Protein
237,outcome_overview_time_frame_weeks,0,8,,,Post-vaccination 2,OG005,961.01,Geometric Mean Concentrations (GMC) of IgG Antibodies Against PiuA Pneumococcal Protein
238,outcome_overview_dose_description,0w post dose 1 child,8w post dose 1 child,,,Post-vaccination 2,OG006,1108.83,Geometric Mean Concentrations (GMC) of IgG Antibodies Against PiuA Pneumococcal Protein
238,outcome_overview_time_frame_weeks,0,8,,,Post-vaccination 2,OG006,1108.83,Geometric Mean Concentrations (GMC) of IgG Antibodies Against PiuA Pneumococcal Protein
239,outcome_overview_dose_description,0w post dose 1 child,8w post dose 1 child,,,Post-vaccination 2,OG007,763.13,Geometric Mean Concentrations (GMC) of IgG Antibodies Against PiuA Pneumococcal Protein
239,outcome_overview_time_frame_weeks,0,8,,,Post-vaccination 2,OG007,763.13,Geometric Mean Concentrations (GMC) of IgG Antibodies Against PiuA Pneumococcal Protein
240,outcome_overview_dose_description,0w post dose 1 child,8w post dose 1 child,,,Baseline,OG000,1933.77,Geometric Mean Concentrations (GMC) of IgG Antibodies Against PiaA Pneumococcal Protein
240,outcome_overview_time_frame_weeks,0,8,,,Baseline,OG000,1933.77,Geometric Mean Concentrations (GMC) of IgG Antibodies Against PiaA Pneumococcal Protein
241,outcome_overview_dose_description,0w post dose 1 child,8w post dose 1 child,,,Baseline,OG001,2027.06,Geometric Mean Concentrations (GMC) of IgG Antibodies Against PiaA Pneumococcal Protein
241,outcome_overview_time_frame_weeks,0,8,,,Baseline,OG001,2027.06,Geometric Mean Concentrations (GMC) of IgG Antibodies Against PiaA Pneumococcal Protein
242,outcome_overview_dose_description,0w post dose 1 child,8w post dose 1 child,,,Baseline,OG002,1897.23,Geometric Mean Concentrations (GMC) of IgG Antibodies Against PiaA Pneumococcal Protein
242,outcome_overview_time_frame_weeks,0,8,,,Baseline,OG002,1897.23,Geometric Mean Concentrations (GMC) of IgG Antibodies Against PiaA Pneumococcal Protein
243,outcome_overview_dose_description,0w post dose 1 child,8w post dose 1 child,,,Baseline,OG003,650.98,Geometric Mean Concentrations (GMC) of IgG Antibodies Against PiaA Pneumococcal Protein
243,outcome_overview_time_frame_weeks,0,8,,,Baseline,OG003,650.98,Geometric Mean Concentrations (GMC) of IgG Antibodies Against PiaA Pneumococcal Protein
244,outcome_overview_dose_description,0w post dose 1 child,8w post dose 1 child,,,Baseline,OG004,503.78,Geometric Mean Concentrations (GMC) of IgG Antibodies Against PiaA Pneumococcal Protein
244,outcome_overview_time_frame_weeks,0,8,,,Baseline,OG004,503.78,Geometric Mean Concentrations (GMC) of IgG Antibodies Against PiaA Pneumococcal Protein
245,outcome_overview_dose_description,0w post dose 1 child,8w post dose 1 child,,,Baseline,OG005,609.28,Geometric Mean Concentrations (GMC) of IgG Antibodies Against PiaA Pneumococcal Protein
245,outcome_overview_time_frame_weeks,0,8,,,Baseline,OG005,609.28,Geometric Mean Concentrations (GMC) of IgG Antibodies Against PiaA Pneumococcal Protein
246,outcome_overview_dose_description,0w post dose 1 child,8w post dose 1 child,,,Baseline,OG006,892.24,Geometric Mean Concentrations (GMC) of IgG Antibodies Against PiaA Pneumococcal Protein
246,outcome_overview_time_frame_weeks,0,8,,,Baseline,OG006,892.24,Geometric Mean Concentrations (GMC) of IgG Antibodies Against PiaA Pneumococcal Protein
247,outcome_overview_dose_description,0w post dose 1 child,8w post dose 1 child,,,Baseline,OG007,542.93,Geometric Mean Concentrations (GMC) of IgG Antibodies Against PiaA Pneumococcal Protein
247,outcome_overview_time_frame_weeks,0,8,,,Baseline,OG007,542.93,Geometric Mean Concentrations (GMC) of IgG Antibodies Against PiaA Pneumococcal Protein
248,outcome_overview_dose_description,0w post dose 1 child,8w post dose 1 child,,,Post-vaccination 1,OG000,2299.24,Geometric Mean Concentrations (GMC) of IgG Antibodies Against PiaA Pneumococcal Protein
248,outcome_overview_time_frame_weeks,0,8,,,Post-vaccination 1,OG000,2299.24,Geometric Mean Concentrations (GMC) of IgG Antibodies Against PiaA Pneumococcal Protein
249,outcome_overview_dose_description,0w post dose 1 child,8w post dose 1 child,,,Post-vaccination 1,OG001,2396.09,Geometric Mean Concentrations (GMC) of IgG Antibodies Against PiaA Pneumococcal Protein
249,outcome_overview_time_frame_weeks,0,8,,,Post-vaccination 1,OG001,2396.09,Geometric Mean Concentrations (GMC) of IgG Antibodies Against PiaA Pneumococcal Protein
250,outcome_overview_dose_description,0w post dose 1 child,8w post dose 1 child,,,Post-vaccination 1,OG002,1853.17,Geometric Mean Concentrations (GMC) of IgG Antibodies Against PiaA Pneumococcal Protein
250,outcome_overview_time_frame_weeks,0,8,,,Post-vaccination 1,OG002,1853.17,Geometric Mean Concentrations (GMC) of IgG Antibodies Against PiaA Pneumococcal Protein
251,outcome_overview_dose_description,0w post dose 1 child,8w post dose 1 child,,,Post-vaccination 1,OG003,759.91,Geometric Mean Concentrations (GMC) of IgG Antibodies Against PiaA Pneumococcal Protein
251,outcome_overview_time_frame_weeks,0,8,,,Post-vaccination 1,OG003,759.91,Geometric Mean Concentrations (GMC) of IgG Antibodies Against PiaA Pneumococcal Protein
252,outcome_overview_dose_description,0w post dose 1 child,8w post dose 1 child,,,Post-vaccination 1,OG004,622.89,Geometric Mean Concentrations (GMC) of IgG Antibodies Against PiaA Pneumococcal Protein
252,outcome_overview_time_frame_weeks,0,8,,,Post-vaccination 1,OG004,622.89,Geometric Mean Concentrations (GMC) of IgG Antibodies Against PiaA Pneumococcal Protein
253,outcome_overview_dose_description,0w post dose 1 child,8w post dose 1 child,,,Post-vaccination 1,OG005,721.16,Geometric Mean Concentrations (GMC) of IgG Antibodies Against PiaA Pneumococcal Protein
253,outcome_overview_time_frame_weeks,0,8,,,Post-vaccination 1,OG005,721.16,Geometric Mean Concentrations (GMC) of IgG Antibodies Against PiaA Pneumococcal Protein
254,outcome_overview_dose_description,0w post dose 1 child,8w post dose 1 child,,,Post-vaccination 1,OG006,1197.63,Geometric Mean Concentrations (GMC) of IgG Antibodies Against PiaA Pneumococcal Protein
254,outcome_overview_time_frame_weeks,0,8,,,Post-vaccination 1,OG006,1197.63,Geometric Mean Concentrations (GMC) of IgG Antibodies Against PiaA Pneumococcal Protein
255,outcome_overview_dose_description,0w post dose 1 child,8w post dose 1 child,,,Post-vaccination 1,OG007,602.56,Geometric Mean Concentrations (GMC) of IgG Antibodies Against PiaA Pneumococcal Protein
255,outcome_overview_time_frame_weeks,0,8,,,Post-vaccination 1,OG007,602.56,Geometric Mean Concentrations (GMC) of IgG Antibodies Against PiaA Pneumococcal Protein
256,outcome_overview_dose_description,0w post dose 1 child,8w post dose 1 child,,,Post-vaccination 2,OG000,2471.44,Geometric Mean Concentrations (GMC) of IgG Antibodies Against PiaA Pneumococcal Protein
256,outcome_overview_time_frame_weeks,0,8,,,Post-vaccination 2,OG000,2471.44,Geometric Mean Concentrations (GMC) of IgG Antibodies Against PiaA Pneumococcal Protein
257,outcome_overview_dose_description,0w post dose 1 child,8w post dose 1 child,,,Post-vaccination 2,OG001,2875.72,Geometric Mean Concentrations (GMC) of IgG Antibodies Against PiaA Pneumococcal Protein
257,outcome_overview_time_frame_weeks,0,8,,,Post-vaccination 2,OG001,2875.72,Geometric Mean Concentrations (GMC) of IgG Antibodies Against PiaA Pneumococcal Protein
258,outcome_overview_dose_description,0w post dose 1 child,8w post dose 1 child,,,Post-vaccination 2,OG002,2218.47,Geometric Mean Concentrations (GMC) of IgG Antibodies Against PiaA Pneumococcal Protein
258,outcome_overview_time_frame_weeks,0,8,,,Post-vaccination 2,OG002,2218.47,Geometric Mean Concentrations (GMC) of IgG Antibodies Against PiaA Pneumococcal Protein
259,outcome_overview_dose_description,0w post dose 1 child,8w post dose 1 child,,,Post-vaccination 2,OG003,926.53,Geometric Mean Concentrations (GMC) of IgG Antibodies Against PiaA Pneumococcal Protein
259,outcome_overview_time_frame_weeks,0,8,,,Post-vaccination 2,OG003,926.53,Geometric Mean Concentrations (GMC) of IgG Antibodies Against PiaA Pneumococcal Protein
260,outcome_overview_dose_description,0w post dose 1 child,8w post dose 1 child,,,Post-vaccination 2,OG004,833.02,Geometric Mean Concentrations (GMC) of IgG Antibodies Against PiaA Pneumococcal Protein
260,outcome_overview_time_frame_weeks,0,8,,,Post-vaccination 2,OG004,833.02,Geometric Mean Concentrations (GMC) of IgG Antibodies Against PiaA Pneumococcal Protein
261,outcome_overview_dose_description,0w post dose 1 child,8w post dose 1 child,,,Post-vaccination 2,OG005,880.18,Geometric Mean Concentrations (GMC) of IgG Antibodies Against PiaA Pneumococcal Protein
261,outcome_overview_time_frame_weeks,0,8,,,Post-vaccination 2,OG005,880.18,Geometric Mean Concentrations (GMC) of IgG Antibodies Against PiaA Pneumococcal Protein
262,outcome_overview_dose_description,0w post dose 1 child,8w post dose 1 child,,,Post-vaccination 2,OG006,1493.50,Geometric Mean Concentrations (GMC) of IgG Antibodies Against PiaA Pneumococcal Protein
262,outcome_overview_time_frame_weeks,0,8,,,Post-vaccination 2,OG006,1493.50,Geometric Mean Concentrations (GMC) of IgG Antibodies Against PiaA Pneumococcal Protein
263,outcome_overview_dose_description,0w post dose 1 child,8w post dose 1 child,,,Post-vaccination 2,OG007,750.60,Geometric Mean Concentrations (GMC) of IgG Antibodies Against PiaA Pneumococcal Protein
263,outcome_overview_time_frame_weeks,0,8,,,Post-vaccination 2,OG007,750.60,Geometric Mean Concentrations (GMC) of IgG Antibodies Against PiaA Pneumococcal Protein
264,outcome_overview_dose_description,0w post dose 1 child,8w post dose 1 child,,,Post-vaccination 1,OG000,1.29,Geometric Mean Fold Change of IgG Antibodies Against Pneumolysoid (L460D) Pneumococcal Protein: ELISA
264,outcome_overview_time_frame_weeks,0,8,,,Post-vaccination 1,OG000,1.29,Geometric Mean Fold Change of IgG Antibodies Against Pneumolysoid (L460D) Pneumococcal Protein: ELISA
265,outcome_overview_dose_description,0w post dose 1 child,8w post dose 1 child,,,Post-vaccination 1,OG001,1.63,Geometric Mean Fold Change of IgG Antibodies Against Pneumolysoid (L460D) Pneumococcal Protein: ELISA
265,outcome_overview_time_frame_weeks,0,8,,,Post-vaccination 1,OG001,1.63,Geometric Mean Fold Change of IgG Antibodies Against Pneumolysoid (L460D) Pneumococcal Protein: ELISA
266,outcome_overview_dose_description,0w post dose 1 child,8w post dose 1 child,,,Post-vaccination 1,OG002,1.19,Geometric Mean Fold Change of IgG Antibodies Against Pneumolysoid (L460D) Pneumococcal Protein: ELISA
266,outcome_overview_time_frame_weeks,0,8,,,Post-vaccination 1,OG002,1.19,Geometric Mean Fold Change of IgG Antibodies Against Pneumolysoid (L460D) Pneumococcal Protein: ELISA
267,outcome_overview_dose_description,0w post dose 1 child,8w post dose 1 child,,,Post-vaccination 1,OG003,1.94,Geometric Mean Fold Change of IgG Antibodies Against Pneumolysoid (L460D) Pneumococcal Protein: ELISA
267,outcome_overview_time_frame_weeks,0,8,,,Post-vaccination 1,OG003,1.94,Geometric Mean Fold Change of IgG Antibodies Against Pneumolysoid (L460D) Pneumococcal Protein: ELISA
268,outcome_overview_dose_description,0w post dose 1 child,8w post dose 1 child,,,Post-vaccination 1,OG004,1.07,Geometric Mean Fold Change of IgG Antibodies Against Pneumolysoid (L460D) Pneumococcal Protein: ELISA
268,outcome_overview_time_frame_weeks,0,8,,,Post-vaccination 1,OG004,1.07,Geometric Mean Fold Change of IgG Antibodies Against Pneumolysoid (L460D) Pneumococcal Protein: ELISA
269,outcome_overview_dose_description,0w post dose 1 child,8w post dose 1 child,,,Post-vaccination 2,OG000,2.00,Geometric Mean Fold Change of IgG Antibodies Against Pneumolysoid (L460D) Pneumococcal Protein: ELISA
269,outcome_overview_time_frame_weeks,0,8,,,Post-vaccination 2,OG000,2.00,Geometric Mean Fold Change of IgG Antibodies Against Pneumolysoid (L460D) Pneumococcal Protein: ELISA
270,outcome_overview_dose_description,0w post dose 1 child,8w post dose 1 child,,,Post-vaccination 2,OG001,2.35,Geometric Mean Fold Change of IgG Antibodies Against Pneumolysoid (L460D) Pneumococcal Protein: ELISA
270,outcome_overview_time_frame_weeks,0,8,,,Post-vaccination 2,OG001,2.35,Geometric Mean Fold Change of IgG Antibodies Against Pneumolysoid (L460D) Pneumococcal Protein: ELISA
271,outcome_overview_dose_description,0w post dose 1 child,8w post dose 1 child,,,Post-vaccination 2,OG002,2.00,Geometric Mean Fold Change of IgG Antibodies Against Pneumolysoid (L460D) Pneumococcal Protein: ELISA
271,outcome_overview_time_frame_weeks,0,8,,,Post-vaccination 2,OG002,2.00,Geometric Mean Fold Change of IgG Antibodies Against Pneumolysoid (L460D) Pneumococcal Protein: ELISA
272,outcome_overview_dose_description,0w post dose 1 child,8w post dose 1 child,,,Post-vaccination 2,OG003,2.48,Geometric Mean Fold Change of IgG Antibodies Against Pneumolysoid (L460D) Pneumococcal Protein: ELISA
272,outcome_overview_time_frame_weeks,0,8,,,Post-vaccination 2,OG003,2.48,Geometric Mean Fold Change of IgG Antibodies Against Pneumolysoid (L460D) Pneumococcal Protein: ELISA
273,outcome_overview_dose_description,0w post dose 1 child,8w post dose 1 child,,,Post-vaccination 2,OG004,1.16,Geometric Mean Fold Change of IgG Antibodies Against Pneumolysoid (L460D) Pneumococcal Protein: ELISA
273,outcome_overview_time_frame_weeks,0,8,,,Post-vaccination 2,OG004,1.16,Geometric Mean Fold Change of IgG Antibodies Against Pneumolysoid (L460D) Pneumococcal Protein: ELISA
274,outcome_overview_dose_description,0w post dose 1 child,8w post dose 1 child,,,Post-vaccination 1,OG000,1.38,Geometric Mean Fold Change of IgG Antibodies Against PspA-Fam1 Pneumococcal Protein: ELISA
274,outcome_overview_time_frame_weeks,0,8,,,Post-vaccination 1,OG000,1.38,Geometric Mean Fold Change of IgG Antibodies Against PspA-Fam1 Pneumococcal Protein: ELISA
275,outcome_overview_dose_description,0w post dose 1 child,8w post dose 1 child,,,Post-vaccination 1,OG001,1.54,Geometric Mean Fold Change of IgG Antibodies Against PspA-Fam1 Pneumococcal Protein: ELISA
275,outcome_overview_time_frame_weeks,0,8,,,Post-vaccination 1,OG001,1.54,Geometric Mean Fold Change of IgG Antibodies Against PspA-Fam1 Pneumococcal Protein: ELISA
276,outcome_overview_dose_description,0w post dose 1 child,8w post dose 1 child,,,Post-vaccination 1,OG002,1.16,Geometric Mean Fold Change of IgG Antibodies Against PspA-Fam1 Pneumococcal Protein: ELISA
276,outcome_overview_time_frame_weeks,0,8,,,Post-vaccination 1,OG002,1.16,Geometric Mean Fold Change of IgG Antibodies Against PspA-Fam1 Pneumococcal Protein: ELISA
277,outcome_overview_dose_description,0w post dose 1 child,8w post dose 1 child,,,Post-vaccination 1,OG003,1.67,Geometric Mean Fold Change of IgG Antibodies Against PspA-Fam1 Pneumococcal Protein: ELISA
277,outcome_overview_time_frame_weeks,0,8,,,Post-vaccination 1,OG003,1.67,Geometric Mean Fold Change of IgG Antibodies Against PspA-Fam1 Pneumococcal Protein: ELISA
278,outcome_overview_dose_description,0w post dose 1 child,8w post dose 1 child,,,Post-vaccination 1,OG004,0.91,Geometric Mean Fold Change of IgG Antibodies Against PspA-Fam1 Pneumococcal Protein: ELISA
278,outcome_overview_time_frame_weeks,0,8,,,Post-vaccination 1,OG004,0.91,Geometric Mean Fold Change of IgG Antibodies Against PspA-Fam1 Pneumococcal Protein: ELISA
279,outcome_overview_dose_description,0w post dose 1 child,8w post dose 1 child,,,Post-vaccination 2,OG000,1.77,Geometric Mean Fold Change of IgG Antibodies Against PspA-Fam1 Pneumococcal Protein: ELISA
279,outcome_overview_time_frame_weeks,0,8,,,Post-vaccination 2,OG000,1.77,Geometric Mean Fold Change of IgG Antibodies Against PspA-Fam1 Pneumococcal Protein: ELISA
280,outcome_overview_dose_description,0w post dose 1 child,8w post dose 1 child,,,Post-vaccination 2,OG001,1.50,Geometric Mean Fold Change of IgG Antibodies Against PspA-Fam1 Pneumococcal Protein: ELISA
280,outcome_overview_time_frame_weeks,0,8,,,Post-vaccination 2,OG001,1.50,Geometric Mean Fold Change of IgG Antibodies Against PspA-Fam1 Pneumococcal Protein: ELISA
281,outcome_overview_dose_description,0w post dose 1 child,8w post dose 1 child,,,Post-vaccination 2,OG002,1.62,Geometric Mean Fold Change of IgG Antibodies Against PspA-Fam1 Pneumococcal Protein: ELISA
281,outcome_overview_time_frame_weeks,0,8,,,Post-vaccination 2,OG002,1.62,Geometric Mean Fold Change of IgG Antibodies Against PspA-Fam1 Pneumococcal Protein: ELISA
282,outcome_overview_dose_description,0w post dose 1 child,8w post dose 1 child,,,Post-vaccination 2,OG003,1.83,Geometric Mean Fold Change of IgG Antibodies Against PspA-Fam1 Pneumococcal Protein: ELISA
282,outcome_overview_time_frame_weeks,0,8,,,Post-vaccination 2,OG003,1.83,Geometric Mean Fold Change of IgG Antibodies Against PspA-Fam1 Pneumococcal Protein: ELISA
283,outcome_overview_dose_description,0w post dose 1 child,8w post dose 1 child,,,Post-vaccination 2,OG004,1.07,Geometric Mean Fold Change of IgG Antibodies Against PspA-Fam1 Pneumococcal Protein: ELISA
283,outcome_overview_time_frame_weeks,0,8,,,Post-vaccination 2,OG004,1.07,Geometric Mean Fold Change of IgG Antibodies Against PspA-Fam1 Pneumococcal Protein: ELISA
284,outcome_overview_dose_description,0w post dose 1 child,8w post dose 1 child,,,Post-vaccination 1,OG000,1.25,Geometric Mean Fold Change of IgG Antibodies Against Pneumolysoid (L460D) Pneumococcal Protein: MSD
284,outcome_overview_time_frame_weeks,0,8,,,Post-vaccination 1,OG000,1.25,Geometric Mean Fold Change of IgG Antibodies Against Pneumolysoid (L460D) Pneumococcal Protein: MSD
285,outcome_overview_dose_description,0w post dose 1 child,8w post dose 1 child,,,Post-vaccination 1,OG001,1.56,Geometric Mean Fold Change of IgG Antibodies Against Pneumolysoid (L460D) Pneumococcal Protein: MSD
285,outcome_overview_time_frame_weeks,0,8,,,Post-vaccination 1,OG001,1.56,Geometric Mean Fold Change of IgG Antibodies Against Pneumolysoid (L460D) Pneumococcal Protein: MSD
286,outcome_overview_dose_description,0w post dose 1 child,8w post dose 1 child,,,Post-vaccination 1,OG002,1.25,Geometric Mean Fold Change of IgG Antibodies Against Pneumolysoid (L460D) Pneumococcal Protein: MSD
286,outcome_overview_time_frame_weeks,0,8,,,Post-vaccination 1,OG002,1.25,Geometric Mean Fold Change of IgG Antibodies Against Pneumolysoid (L460D) Pneumococcal Protein: MSD
287,outcome_overview_dose_description,0w post dose 1 child,8w post dose 1 child,,,Post-vaccination 1,OG003,1.82,Geometric Mean Fold Change of IgG Antibodies Against Pneumolysoid (L460D) Pneumococcal Protein: MSD
287,outcome_overview_time_frame_weeks,0,8,,,Post-vaccination 1,OG003,1.82,Geometric Mean Fold Change of IgG Antibodies Against Pneumolysoid (L460D) Pneumococcal Protein: MSD
288,outcome_overview_dose_description,0w post dose 1 child,8w post dose 1 child,,,Post-vaccination 1,OG004,1.14,Geometric Mean Fold Change of IgG Antibodies Against Pneumolysoid (L460D) Pneumococcal Protein: MSD
288,outcome_overview_time_frame_weeks,0,8,,,Post-vaccination 1,OG004,1.14,Geometric Mean Fold Change of IgG Antibodies Against Pneumolysoid (L460D) Pneumococcal Protein: MSD
289,outcome_overview_dose_description,0w post dose 1 child,8w post dose 1 child,,,Post-vaccination 2,OG000,1.72,Geometric Mean Fold Change of IgG Antibodies Against Pneumolysoid (L460D) Pneumococcal Protein: MSD
289,outcome_overview_time_frame_weeks,0,8,,,Post-vaccination 2,OG000,1.72,Geometric Mean Fold Change of IgG Antibodies Against Pneumolysoid (L460D) Pneumococcal Protein: MSD
290,outcome_overview_dose_description,0w post dose 1 child,8w post dose 1 child,,,Post-vaccination 2,OG001,1.96,Geometric Mean Fold Change of IgG Antibodies Against Pneumolysoid (L460D) Pneumococcal Protein: MSD
290,outcome_overview_time_frame_weeks,0,8,,,Post-vaccination 2,OG001,1.96,Geometric Mean Fold Change of IgG Antibodies Against Pneumolysoid (L460D) Pneumococcal Protein: MSD
291,outcome_overview_dose_description,0w post dose 1 child,8w post dose 1 child,,,Post-vaccination 2,OG002,2.04,Geometric Mean Fold Change of IgG Antibodies Against Pneumolysoid (L460D) Pneumococcal Protein: MSD
291,outcome_overview_time_frame_weeks,0,8,,,Post-vaccination 2,OG002,2.04,Geometric Mean Fold Change of IgG Antibodies Against Pneumolysoid (L460D) Pneumococcal Protein: MSD
292,outcome_overview_dose_description,0w post dose 1 child,8w post dose 1 child,,,Post-vaccination 2,OG003,2.40,Geometric Mean Fold Change of IgG Antibodies Against Pneumolysoid (L460D) Pneumococcal Protein: MSD
292,outcome_overview_time_frame_weeks,0,8,,,Post-vaccination 2,OG003,2.40,Geometric Mean Fold Change of IgG Antibodies Against Pneumolysoid (L460D) Pneumococcal Protein: MSD
293,outcome_overview_dose_description,0w post dose 1 child,8w post dose 1 child,,,Post-vaccination 2,OG004,1.28,Geometric Mean Fold Change of IgG Antibodies Against Pneumolysoid (L460D) Pneumococcal Protein: MSD
293,outcome_overview_time_frame_weeks,0,8,,,Post-vaccination 2,OG004,1.28,Geometric Mean Fold Change of IgG Antibodies Against Pneumolysoid (L460D) Pneumococcal Protein: MSD
294,outcome_overview_dose_description,0w post dose 1 child,8w post dose 1 child,,,Post-vaccination 1,OG000,1.61,Geometric Mean Fold Change of IgG Antibodies Against PspA-Fam1 Pneumococcal Protein: MSD
294,outcome_overview_time_frame_weeks,0,8,,,Post-vaccination 1,OG000,1.61,Geometric Mean Fold Change of IgG Antibodies Against PspA-Fam1 Pneumococcal Protein: MSD
295,outcome_overview_dose_description,0w post dose 1 child,8w post dose 1 child,,,Post-vaccination 1,OG001,1.74,Geometric Mean Fold Change of IgG Antibodies Against PspA-Fam1 Pneumococcal Protein: MSD
295,outcome_overview_time_frame_weeks,0,8,,,Post-vaccination 1,OG001,1.74,Geometric Mean Fold Change of IgG Antibodies Against PspA-Fam1 Pneumococcal Protein: MSD
296,outcome_overview_dose_description,0w post dose 1 child,8w post dose 1 child,,,Post-vaccination 1,OG002,1.34,Geometric Mean Fold Change of IgG Antibodies Against PspA-Fam1 Pneumococcal Protein: MSD
296,outcome_overview_time_frame_weeks,0,8,,,Post-vaccination 1,OG002,1.34,Geometric Mean Fold Change of IgG Antibodies Against PspA-Fam1 Pneumococcal Protein: MSD
297,outcome_overview_dose_description,0w post dose 1 child,8w post dose 1 child,,,Post-vaccination 1,OG003,1.94,Geometric Mean Fold Change of IgG Antibodies Against PspA-Fam1 Pneumococcal Protein: MSD
297,outcome_overview_time_frame_weeks,0,8,,,Post-vaccination 1,OG003,1.94,Geometric Mean Fold Change of IgG Antibodies Against PspA-Fam1 Pneumococcal Protein: MSD
298,outcome_overview_dose_description,0w post dose 1 child,8w post dose 1 child,,,Post-vaccination 1,OG004,0.94,Geometric Mean Fold Change of IgG Antibodies Against PspA-Fam1 Pneumococcal Protein: MSD
298,outcome_overview_time_frame_weeks,0,8,,,Post-vaccination 1,OG004,0.94,Geometric Mean Fold Change of IgG Antibodies Against PspA-Fam1 Pneumococcal Protein: MSD
299,outcome_overview_dose_description,0w post dose 1 child,8w post dose 1 child,,,Post-vaccination 2,OG000,2.09,Geometric Mean Fold Change of IgG Antibodies Against PspA-Fam1 Pneumococcal Protein: MSD
299,outcome_overview_time_frame_weeks,0,8,,,Post-vaccination 2,OG000,2.09,Geometric Mean Fold Change of IgG Antibodies Against PspA-Fam1 Pneumococcal Protein: MSD
300,outcome_overview_dose_description,0w post dose 1 child,8w post dose 1 child,,,Post-vaccination 2,OG001,1.97,Geometric Mean Fold Change of IgG Antibodies Against PspA-Fam1 Pneumococcal Protein: MSD
300,outcome_overview_time_frame_weeks,0,8,,,Post-vaccination 2,OG001,1.97,Geometric Mean Fold Change of IgG Antibodies Against PspA-Fam1 Pneumococcal Protein: MSD
301,outcome_overview_dose_description,0w post dose 1 child,8w post dose 1 child,,,Post-vaccination 2,OG002,1.83,Geometric Mean Fold Change of IgG Antibodies Against PspA-Fam1 Pneumococcal Protein: MSD
301,outcome_overview_time_frame_weeks,0,8,,,Post-vaccination 2,OG002,1.83,Geometric Mean Fold Change of IgG Antibodies Against PspA-Fam1 Pneumococcal Protein: MSD
302,outcome_overview_dose_description,0w post dose 1 child,8w post dose 1 child,,,Post-vaccination 2,OG003,2.38,Geometric Mean Fold Change of IgG Antibodies Against PspA-Fam1 Pneumococcal Protein: MSD
302,outcome_overview_time_frame_weeks,0,8,,,Post-vaccination 2,OG003,2.38,Geometric Mean Fold Change of IgG Antibodies Against PspA-Fam1 Pneumococcal Protein: MSD
303,outcome_overview_dose_description,0w post dose 1 child,8w post dose 1 child,,,Post-vaccination 2,OG004,1.03,Geometric Mean Fold Change of IgG Antibodies Against PspA-Fam1 Pneumococcal Protein: MSD
303,outcome_overview_time_frame_weeks,0,8,,,Post-vaccination 2,OG004,1.03,Geometric Mean Fold Change of IgG Antibodies Against PspA-Fam1 Pneumococcal Protein: MSD
304,outcome_overview_dose_description,0w post dose 1 child,8w post dose 1 child,,,Post-vaccination 1,OG000,1.32,Geometric Mean Fold Change of IgG Antibodies Against PhtD Pneumococcal Protein
304,outcome_overview_time_frame_weeks,0,8,,,Post-vaccination 1,OG000,1.32,Geometric Mean Fold Change of IgG Antibodies Against PhtD Pneumococcal Protein
305,outcome_overview_dose_description,0w post dose 1 child,8w post dose 1 child,,,Post-vaccination 1,OG001,1.25,Geometric Mean Fold Change of IgG Antibodies Against PhtD Pneumococcal Protein
305,outcome_overview_time_frame_weeks,0,8,,,Post-vaccination 1,OG001,1.25,Geometric Mean Fold Change of IgG Antibodies Against PhtD Pneumococcal Protein
306,outcome_overview_dose_description,0w post dose 1 child,8w post dose 1 child,,,Post-vaccination 1,OG002,1.24,Geometric Mean Fold Change of IgG Antibodies Against PhtD Pneumococcal Protein
306,outcome_overview_time_frame_weeks,0,8,,,Post-vaccination 1,OG002,1.24,Geometric Mean Fold Change of IgG Antibodies Against PhtD Pneumococcal Protein
307,outcome_overview_dose_description,0w post dose 1 child,8w post dose 1 child,,,Post-vaccination 1,OG003,1.32,Geometric Mean Fold Change of IgG Antibodies Against PhtD Pneumococcal Protein
307,outcome_overview_time_frame_weeks,0,8,,,Post-vaccination 1,OG003,1.32,Geometric Mean Fold Change of IgG Antibodies Against PhtD Pneumococcal Protein
308,outcome_overview_dose_description,0w post dose 1 child,8w post dose 1 child,,,Post-vaccination 1,OG004,1.18,Geometric Mean Fold Change of IgG Antibodies Against PhtD Pneumococcal Protein
308,outcome_overview_time_frame_weeks,0,8,,,Post-vaccination 1,OG004,1.18,Geometric Mean Fold Change of IgG Antibodies Against PhtD Pneumococcal Protein
309,outcome_overview_dose_description,0w post dose 1 child,8w post dose 1 child,,,Post-vaccination 2,OG000,1.79,Geometric Mean Fold Change of IgG Antibodies Against PhtD Pneumococcal Protein
309,outcome_overview_time_frame_weeks,0,8,,,Post-vaccination 2,OG000,1.79,Geometric Mean Fold Change of IgG Antibodies Against PhtD Pneumococcal Protein
310,outcome_overview_dose_description,0w post dose 1 child,8w post dose 1 child,,,Post-vaccination 2,OG001,1.90,Geometric Mean Fold Change of IgG Antibodies Against PhtD Pneumococcal Protein
310,outcome_overview_time_frame_weeks,0,8,,,Post-vaccination 2,OG001,1.90,Geometric Mean Fold Change of IgG Antibodies Against PhtD Pneumococcal Protein
311,outcome_overview_dose_description,0w post dose 1 child,8w post dose 1 child,,,Post-vaccination 2,OG002,1.65,Geometric Mean Fold Change of IgG Antibodies Against PhtD Pneumococcal Protein
311,outcome_overview_time_frame_weeks,0,8,,,Post-vaccination 2,OG002,1.65,Geometric Mean Fold Change of IgG Antibodies Against PhtD Pneumococcal Protein
312,outcome_overview_dose_description,0w post dose 1 child,8w post dose 1 child,,,Post-vaccination 2,OG003,2.10,Geometric Mean Fold Change of IgG Antibodies Against PhtD Pneumococcal Protein
312,outcome_overview_time_frame_weeks,0,8,,,Post-vaccination 2,OG003,2.10,Geometric Mean Fold Change of IgG Antibodies Against PhtD Pneumococcal Protein
313,outcome_overview_dose_description,0w post dose 1 child,8w post dose 1 child,,,Post-vaccination 2,OG004,1.60,Geometric Mean Fold Change of IgG Antibodies Against PhtD Pneumococcal Protein
313,outcome_overview_time_frame_weeks,0,8,,,Post-vaccination 2,OG004,1.60,Geometric Mean Fold Change of IgG Antibodies Against PhtD Pneumococcal Protein
314,outcome_overview_dose_description,0w post dose 1 child,8w post dose 1 child,,,Post-vaccination 1,OG000,1.26,Geometric Mean Fold Change of IgG Antibodies Against BCH0785 Pneumococcal Protein
314,outcome_overview_time_frame_weeks,0,8,,,Post-vaccination 1,OG000,1.26,Geometric Mean Fold Change of IgG Antibodies Against BCH0785 Pneumococcal Protein
315,outcome_overview_dose_description,0w post dose 1 child,8w post dose 1 child,,,Post-vaccination 1,OG001,1.30,Geometric Mean Fold Change of IgG Antibodies Against BCH0785 Pneumococcal Protein
315,outcome_overview_time_frame_weeks,0,8,,,Post-vaccination 1,OG001,1.30,Geometric Mean Fold Change of IgG Antibodies Against BCH0785 Pneumococcal Protein
316,outcome_overview_dose_description,0w post dose 1 child,8w post dose 1 child,,,Post-vaccination 1,OG002,1.33,Geometric Mean Fold Change of IgG Antibodies Against BCH0785 Pneumococcal Protein
316,outcome_overview_time_frame_weeks,0,8,,,Post-vaccination 1,OG002,1.33,Geometric Mean Fold Change of IgG Antibodies Against BCH0785 Pneumococcal Protein
317,outcome_overview_dose_description,0w post dose 1 child,8w post dose 1 child,,,Post-vaccination 1,OG003,1.41,Geometric Mean Fold Change of IgG Antibodies Against BCH0785 Pneumococcal Protein
317,outcome_overview_time_frame_weeks,0,8,,,Post-vaccination 1,OG003,1.41,Geometric Mean Fold Change of IgG Antibodies Against BCH0785 Pneumococcal Protein
318,outcome_overview_dose_description,0w post dose 1 child,8w post dose 1 child,,,Post-vaccination 1,OG004,1.14,Geometric Mean Fold Change of IgG Antibodies Against BCH0785 Pneumococcal Protein
318,outcome_overview_time_frame_weeks,0,8,,,Post-vaccination 1,OG004,1.14,Geometric Mean Fold Change of IgG Antibodies Against BCH0785 Pneumococcal Protein
319,outcome_overview_dose_description,0w post dose 1 child,8w post dose 1 child,,,Post-vaccination 2,OG000,1.36,Geometric Mean Fold Change of IgG Antibodies Against BCH0785 Pneumococcal Protein
319,outcome_overview_time_frame_weeks,0,8,,,Post-vaccination 2,OG000,1.36,Geometric Mean Fold Change of IgG Antibodies Against BCH0785 Pneumococcal Protein
320,outcome_overview_dose_description,0w post dose 1 child,8w post dose 1 child,,,Post-vaccination 2,OG001,1.70,Geometric Mean Fold Change of IgG Antibodies Against BCH0785 Pneumococcal Protein
320,outcome_overview_time_frame_weeks,0,8,,,Post-vaccination 2,OG001,1.70,Geometric Mean Fold Change of IgG Antibodies Against BCH0785 Pneumococcal Protein
321,outcome_overview_dose_description,0w post dose 1 child,8w post dose 1 child,,,Post-vaccination 2,OG002,1.67,Geometric Mean Fold Change of IgG Antibodies Against BCH0785 Pneumococcal Protein
321,outcome_overview_time_frame_weeks,0,8,,,Post-vaccination 2,OG002,1.67,Geometric Mean Fold Change of IgG Antibodies Against BCH0785 Pneumococcal Protein
322,outcome_overview_dose_description,0w post dose 1 child,8w post dose 1 child,,,Post-vaccination 2,OG003,1.93,Geometric Mean Fold Change of IgG Antibodies Against BCH0785 Pneumococcal Protein
322,outcome_overview_time_frame_weeks,0,8,,,Post-vaccination 2,OG003,1.93,Geometric Mean Fold Change of IgG Antibodies Against BCH0785 Pneumococcal Protein
323,outcome_overview_dose_description,0w post dose 1 child,8w post dose 1 child,,,Post-vaccination 2,OG004,1.31,Geometric Mean Fold Change of IgG Antibodies Against BCH0785 Pneumococcal Protein
323,outcome_overview_time_frame_weeks,0,8,,,Post-vaccination 2,OG004,1.31,Geometric Mean Fold Change of IgG Antibodies Against BCH0785 Pneumococcal Protein
324,outcome_overview_dose_description,0w post dose 1 child,8w post dose 1 child,,,Post-vaccination 1,OG000,1.36,Geometric Mean Fold Change of IgG Antibodies Against StkP Pneumococcal Protein
324,outcome_overview_time_frame_weeks,0,8,,,Post-vaccination 1,OG000,1.36,Geometric Mean Fold Change of IgG Antibodies Against StkP Pneumococcal Protein
325,outcome_overview_dose_description,0w post dose 1 child,8w post dose 1 child,,,Post-vaccination 1,OG001,1.26,Geometric Mean Fold Change of IgG Antibodies Against StkP Pneumococcal Protein
325,outcome_overview_time_frame_weeks,0,8,,,Post-vaccination 1,OG001,1.26,Geometric Mean Fold Change of IgG Antibodies Against StkP Pneumococcal Protein
326,outcome_overview_dose_description,0w post dose 1 child,8w post dose 1 child,,,Post-vaccination 1,OG002,1.19,Geometric Mean Fold Change of IgG Antibodies Against StkP Pneumococcal Protein
326,outcome_overview_time_frame_weeks,0,8,,,Post-vaccination 1,OG002,1.19,Geometric Mean Fold Change of IgG Antibodies Against StkP Pneumococcal Protein
327,outcome_overview_dose_description,0w post dose 1 child,8w post dose 1 child,,,Post-vaccination 1,OG003,1.29,Geometric Mean Fold Change of IgG Antibodies Against StkP Pneumococcal Protein
327,outcome_overview_time_frame_weeks,0,8,,,Post-vaccination 1,OG003,1.29,Geometric Mean Fold Change of IgG Antibodies Against StkP Pneumococcal Protein
328,outcome_overview_dose_description,0w post dose 1 child,8w post dose 1 child,,,Post-vaccination 1,OG004,1.12,Geometric Mean Fold Change of IgG Antibodies Against StkP Pneumococcal Protein
328,outcome_overview_time_frame_weeks,0,8,,,Post-vaccination 1,OG004,1.12,Geometric Mean Fold Change of IgG Antibodies Against StkP Pneumococcal Protein
329,outcome_overview_dose_description,0w post dose 1 child,8w post dose 1 child,,,Post-vaccination 2,OG000,1.69,Geometric Mean Fold Change of IgG Antibodies Against StkP Pneumococcal Protein
329,outcome_overview_time_frame_weeks,0,8,,,Post-vaccination 2,OG000,1.69,Geometric Mean Fold Change of IgG Antibodies Against StkP Pneumococcal Protein
330,outcome_overview_dose_description,0w post dose 1 child,8w post dose 1 child,,,Post-vaccination 2,OG001,1.79,Geometric Mean Fold Change of IgG Antibodies Against StkP Pneumococcal Protein
330,outcome_overview_time_frame_weeks,0,8,,,Post-vaccination 2,OG001,1.79,Geometric Mean Fold Change of IgG Antibodies Against StkP Pneumococcal Protein
331,outcome_overview_dose_description,0w post dose 1 child,8w post dose 1 child,,,Post-vaccination 2,OG002,1.74,Geometric Mean Fold Change of IgG Antibodies Against StkP Pneumococcal Protein
331,outcome_overview_time_frame_weeks,0,8,,,Post-vaccination 2,OG002,1.74,Geometric Mean Fold Change of IgG Antibodies Against StkP Pneumococcal Protein
332,outcome_overview_dose_description,0w post dose 1 child,8w post dose 1 child,,,Post-vaccination 2,OG003,1.67,Geometric Mean Fold Change of IgG Antibodies Against StkP Pneumococcal Protein
332,outcome_overview_time_frame_weeks,0,8,,,Post-vaccination 2,OG003,1.67,Geometric Mean Fold Change of IgG Antibodies Against StkP Pneumococcal Protein
333,outcome_overview_dose_description,0w post dose 1 child,8w post dose 1 child,,,Post-vaccination 2,OG004,1.29,Geometric Mean Fold Change of IgG Antibodies Against StkP Pneumococcal Protein
333,outcome_overview_time_frame_weeks,0,8,,,Post-vaccination 2,OG004,1.29,Geometric Mean Fold Change of IgG Antibodies Against StkP Pneumococcal Protein
334,outcome_overview_dose_description,0w post dose 1 child,8w post dose 1 child,,,Post-vaccination 1,OG000,1.12,Geometric Mean Fold Change of IgG Antibodies Against PcpA Pneumococcal Protein
334,outcome_overview_time_frame_weeks,0,8,,,Post-vaccination 1,OG000,1.12,Geometric Mean Fold Change of IgG Antibodies Against PcpA Pneumococcal Protein
335,outcome_overview_dose_description,0w post dose 1 child,8w post dose 1 child,,,Post-vaccination 1,OG001,0.95,Geometric Mean Fold Change of IgG Antibodies Against PcpA Pneumococcal Protein
335,outcome_overview_time_frame_weeks,0,8,,,Post-vaccination 1,OG001,0.95,Geometric Mean Fold Change of IgG Antibodies Against PcpA Pneumococcal Protein
336,outcome_overview_dose_description,0w post dose 1 child,8w post dose 1 child,,,Post-vaccination 1,OG002,1.33,Geometric Mean Fold Change of IgG Antibodies Against PcpA Pneumococcal Protein
336,outcome_overview_time_frame_weeks,0,8,,,Post-vaccination 1,OG002,1.33,Geometric Mean Fold Change of IgG Antibodies Against PcpA Pneumococcal Protein
337,outcome_overview_dose_description,0w post dose 1 child,8w post dose 1 child,,,Post-vaccination 1,OG003,0.97,Geometric Mean Fold Change of IgG Antibodies Against PcpA Pneumococcal Protein
337,outcome_overview_time_frame_weeks,0,8,,,Post-vaccination 1,OG003,0.97,Geometric Mean Fold Change of IgG Antibodies Against PcpA Pneumococcal Protein
338,outcome_overview_dose_description,0w post dose 1 child,8w post dose 1 child,,,Post-vaccination 1,OG004,1.17,Geometric Mean Fold Change of IgG Antibodies Against PcpA Pneumococcal Protein
338,outcome_overview_time_frame_weeks,0,8,,,Post-vaccination 1,OG004,1.17,Geometric Mean Fold Change of IgG Antibodies Against PcpA Pneumococcal Protein
339,outcome_overview_dose_description,0w post dose 1 child,8w post dose 1 child,,,Post-vaccination 2,OG000,1.17,Geometric Mean Fold Change of IgG Antibodies Against PcpA Pneumococcal Protein
339,outcome_overview_time_frame_weeks,0,8,,,Post-vaccination 2,OG000,1.17,Geometric Mean Fold Change of IgG Antibodies Against PcpA Pneumococcal Protein
340,outcome_overview_dose_description,0w post dose 1 child,8w post dose 1 child,,,Post-vaccination 2,OG001,1.07,Geometric Mean Fold Change of IgG Antibodies Against PcpA Pneumococcal Protein
340,outcome_overview_time_frame_weeks,0,8,,,Post-vaccination 2,OG001,1.07,Geometric Mean Fold Change of IgG Antibodies Against PcpA Pneumococcal Protein
341,outcome_overview_dose_description,0w post dose 1 child,8w post dose 1 child,,,Post-vaccination 2,OG002,1.24,Geometric Mean Fold Change of IgG Antibodies Against PcpA Pneumococcal Protein
341,outcome_overview_time_frame_weeks,0,8,,,Post-vaccination 2,OG002,1.24,Geometric Mean Fold Change of IgG Antibodies Against PcpA Pneumococcal Protein
342,outcome_overview_dose_description,0w post dose 1 child,8w post dose 1 child,,,Post-vaccination 2,OG003,1.17,Geometric Mean Fold Change of IgG Antibodies Against PcpA Pneumococcal Protein
342,outcome_overview_time_frame_weeks,0,8,,,Post-vaccination 2,OG003,1.17,Geometric Mean Fold Change of IgG Antibodies Against PcpA Pneumococcal Protein
343,outcome_overview_dose_description,0w post dose 1 child,8w post dose 1 child,,,Post-vaccination 2,OG004,1.43,Geometric Mean Fold Change of IgG Antibodies Against PcpA Pneumococcal Protein
343,outcome_overview_time_frame_weeks,0,8,,,Post-vaccination 2,OG004,1.43,Geometric Mean Fold Change of IgG Antibodies Against PcpA Pneumococcal Protein
344,outcome_overview_dose_description,0w post dose 1 child,8w post dose 1 child,,,Post-vaccination 1,OG000,1.17,Geometric Mean Fold Change of IgG Antibodies Against SPWCA Pneumococcal Protein
344,outcome_overview_time_frame_weeks,0,8,,,Post-vaccination 1,OG000,1.17,Geometric Mean Fold Change of IgG Antibodies Against SPWCA Pneumococcal Protein
345,outcome_overview_dose_description,0w post dose 1 child,8w post dose 1 child,,,Post-vaccination 1,OG001,1.14,Geometric Mean Fold Change of IgG Antibodies Against SPWCA Pneumococcal Protein
345,outcome_overview_time_frame_weeks,0,8,,,Post-vaccination 1,OG001,1.14,Geometric Mean Fold Change of IgG Antibodies Against SPWCA Pneumococcal Protein
346,outcome_overview_dose_description,0w post dose 1 child,8w post dose 1 child,,,Post-vaccination 1,OG002,1.18,Geometric Mean Fold Change of IgG Antibodies Against SPWCA Pneumococcal Protein
346,outcome_overview_time_frame_weeks,0,8,,,Post-vaccination 1,OG002,1.18,Geometric Mean Fold Change of IgG Antibodies Against SPWCA Pneumococcal Protein
347,outcome_overview_dose_description,0w post dose 1 child,8w post dose 1 child,,,Post-vaccination 1,OG003,1.16,Geometric Mean Fold Change of IgG Antibodies Against SPWCA Pneumococcal Protein
347,outcome_overview_time_frame_weeks,0,8,,,Post-vaccination 1,OG003,1.16,Geometric Mean Fold Change of IgG Antibodies Against SPWCA Pneumococcal Protein
348,outcome_overview_dose_description,0w post dose 1 child,8w post dose 1 child,,,Post-vaccination 1,OG004,1.05,Geometric Mean Fold Change of IgG Antibodies Against SPWCA Pneumococcal Protein
348,outcome_overview_time_frame_weeks,0,8,,,Post-vaccination 1,OG004,1.05,Geometric Mean Fold Change of IgG Antibodies Against SPWCA Pneumococcal Protein
349,outcome_overview_dose_description,0w post dose 1 child,8w post dose 1 child,,,Post-vaccination 2,OG000,1.26,Geometric Mean Fold Change of IgG Antibodies Against SPWCA Pneumococcal Protein
349,outcome_overview_time_frame_weeks,0,8,,,Post-vaccination 2,OG000,1.26,Geometric Mean Fold Change of IgG Antibodies Against SPWCA Pneumococcal Protein
350,outcome_overview_dose_description,0w post dose 1 child,8w post dose 1 child,,,Post-vaccination 2,OG001,1.23,Geometric Mean Fold Change of IgG Antibodies Against SPWCA Pneumococcal Protein
350,outcome_overview_time_frame_weeks,0,8,,,Post-vaccination 2,OG001,1.23,Geometric Mean Fold Change of IgG Antibodies Against SPWCA Pneumococcal Protein
351,outcome_overview_dose_description,0w post dose 1 child,8w post dose 1 child,,,Post-vaccination 2,OG002,1.33,Geometric Mean Fold Change of IgG Antibodies Against SPWCA Pneumococcal Protein
351,outcome_overview_time_frame_weeks,0,8,,,Post-vaccination 2,OG002,1.33,Geometric Mean Fold Change of IgG Antibodies Against SPWCA Pneumococcal Protein
352,outcome_overview_dose_description,0w post dose 1 child,8w post dose 1 child,,,Post-vaccination 2,OG003,1.43,Geometric Mean Fold Change of IgG Antibodies Against SPWCA Pneumococcal Protein
352,outcome_overview_time_frame_weeks,0,8,,,Post-vaccination 2,OG003,1.43,Geometric Mean Fold Change of IgG Antibodies Against SPWCA Pneumococcal Protein
353,outcome_overview_dose_description,0w post dose 1 child,8w post dose 1 child,,,Post-vaccination 2,OG004,1.17,Geometric Mean Fold Change of IgG Antibodies Against SPWCA Pneumococcal Protein
353,outcome_overview_time_frame_weeks,0,8,,,Post-vaccination 2,OG004,1.17,Geometric Mean Fold Change of IgG Antibodies Against SPWCA Pneumococcal Protein
354,outcome_overview_dose_description,0w post dose 1 child,8w post dose 1 child,,,Post-vaccination 1,OG000,1.24,Geometric Mean Fold Change of IgG Antibodies Against PiuA Pneumococcal Protein
354,outcome_overview_time_frame_weeks,0,8,,,Post-vaccination 1,OG000,1.24,Geometric Mean Fold Change of IgG Antibodies Against PiuA Pneumococcal Protein
355,outcome_overview_dose_description,0w post dose 1 child,8w post dose 1 child,,,Post-vaccination 1,OG001,1.26,Geometric Mean Fold Change of IgG Antibodies Against PiuA Pneumococcal Protein
355,outcome_overview_time_frame_weeks,0,8,,,Post-vaccination 1,OG001,1.26,Geometric Mean Fold Change of IgG Antibodies Against PiuA Pneumococcal Protein
356,outcome_overview_dose_description,0w post dose 1 child,8w post dose 1 child,,,Post-vaccination 1,OG002,1.26,Geometric Mean Fold Change of IgG Antibodies Against PiuA Pneumococcal Protein
356,outcome_overview_time_frame_weeks,0,8,,,Post-vaccination 1,OG002,1.26,Geometric Mean Fold Change of IgG Antibodies Against PiuA Pneumococcal Protein
357,outcome_overview_dose_description,0w post dose 1 child,8w post dose 1 child,,,Post-vaccination 1,OG003,1.27,Geometric Mean Fold Change of IgG Antibodies Against PiuA Pneumococcal Protein
357,outcome_overview_time_frame_weeks,0,8,,,Post-vaccination 1,OG003,1.27,Geometric Mean Fold Change of IgG Antibodies Against PiuA Pneumococcal Protein
358,outcome_overview_dose_description,0w post dose 1 child,8w post dose 1 child,,,Post-vaccination 1,OG004,1.12,Geometric Mean Fold Change of IgG Antibodies Against PiuA Pneumococcal Protein
358,outcome_overview_time_frame_weeks,0,8,,,Post-vaccination 1,OG004,1.12,Geometric Mean Fold Change of IgG Antibodies Against PiuA Pneumococcal Protein
359,outcome_overview_dose_description,0w post dose 1 child,8w post dose 1 child,,,Post-vaccination 2,OG000,1.35,Geometric Mean Fold Change of IgG Antibodies Against PiuA Pneumococcal Protein
359,outcome_overview_time_frame_weeks,0,8,,,Post-vaccination 2,OG000,1.35,Geometric Mean Fold Change of IgG Antibodies Against PiuA Pneumococcal Protein
360,outcome_overview_dose_description,0w post dose 1 child,8w post dose 1 child,,,Post-vaccination 2,OG001,1.45,Geometric Mean Fold Change of IgG Antibodies Against PiuA Pneumococcal Protein
360,outcome_overview_time_frame_weeks,0,8,,,Post-vaccination 2,OG001,1.45,Geometric Mean Fold Change of IgG Antibodies Against PiuA Pneumococcal Protein
361,outcome_overview_dose_description,0w post dose 1 child,8w post dose 1 child,,,Post-vaccination 2,OG002,1.73,Geometric Mean Fold Change of IgG Antibodies Against PiuA Pneumococcal Protein
361,outcome_overview_time_frame_weeks,0,8,,,Post-vaccination 2,OG002,1.73,Geometric Mean Fold Change of IgG Antibodies Against PiuA Pneumococcal Protein
362,outcome_overview_dose_description,0w post dose 1 child,8w post dose 1 child,,,Post-vaccination 2,OG003,1.64,Geometric Mean Fold Change of IgG Antibodies Against PiuA Pneumococcal Protein
362,outcome_overview_time_frame_weeks,0,8,,,Post-vaccination 2,OG003,1.64,Geometric Mean Fold Change of IgG Antibodies Against PiuA Pneumococcal Protein
363,outcome_overview_dose_description,0w post dose 1 child,8w post dose 1 child,,,Post-vaccination 2,OG004,1.24,Geometric Mean Fold Change of IgG Antibodies Against PiuA Pneumococcal Protein
363,outcome_overview_time_frame_weeks,0,8,,,Post-vaccination 2,OG004,1.24,Geometric Mean Fold Change of IgG Antibodies Against PiuA Pneumococcal Protein
364,outcome_overview_dose_description,0w post dose 1 child,8w post dose 1 child,,,Post-vaccination 1,OG000,1.17,Geometric Mean Fold Change of IgG Antibodies Against PiaA Pneumococcal Protein
364,outcome_overview_time_frame_weeks,0,8,,,Post-vaccination 1,OG000,1.17,Geometric Mean Fold Change of IgG Antibodies Against PiaA Pneumococcal Protein
365,outcome_overview_dose_description,0w post dose 1 child,8w post dose 1 child,,,Post-vaccination 1,OG001,1.23,Geometric Mean Fold Change of IgG Antibodies Against PiaA Pneumococcal Protein
365,outcome_overview_time_frame_weeks,0,8,,,Post-vaccination 1,OG001,1.23,Geometric Mean Fold Change of IgG Antibodies Against PiaA Pneumococcal Protein
366,outcome_overview_dose_description,0w post dose 1 child,8w post dose 1 child,,,Post-vaccination 1,OG002,1.18,Geometric Mean Fold Change of IgG Antibodies Against PiaA Pneumococcal Protein
366,outcome_overview_time_frame_weeks,0,8,,,Post-vaccination 1,OG002,1.18,Geometric Mean Fold Change of IgG Antibodies Against PiaA Pneumococcal Protein
367,outcome_overview_dose_description,0w post dose 1 child,8w post dose 1 child,,,Post-vaccination 1,OG003,1.34,Geometric Mean Fold Change of IgG Antibodies Against PiaA Pneumococcal Protein
367,outcome_overview_time_frame_weeks,0,8,,,Post-vaccination 1,OG003,1.34,Geometric Mean Fold Change of IgG Antibodies Against PiaA Pneumococcal Protein
368,outcome_overview_dose_description,0w post dose 1 child,8w post dose 1 child,,,Post-vaccination 1,OG004,1.11,Geometric Mean Fold Change of IgG Antibodies Against PiaA Pneumococcal Protein
368,outcome_overview_time_frame_weeks,0,8,,,Post-vaccination 1,OG004,1.11,Geometric Mean Fold Change of IgG Antibodies Against PiaA Pneumococcal Protein
369,outcome_overview_dose_description,0w post dose 1 child,8w post dose 1 child,,,Post-vaccination 2,OG000,1.40,Geometric Mean Fold Change of IgG Antibodies Against PiaA Pneumococcal Protein
369,outcome_overview_time_frame_weeks,0,8,,,Post-vaccination 2,OG000,1.40,Geometric Mean Fold Change of IgG Antibodies Against PiaA Pneumococcal Protein
370,outcome_overview_dose_description,0w post dose 1 child,8w post dose 1 child,,,Post-vaccination 2,OG001,1.69,Geometric Mean Fold Change of IgG Antibodies Against PiaA Pneumococcal Protein
370,outcome_overview_time_frame_weeks,0,8,,,Post-vaccination 2,OG001,1.69,Geometric Mean Fold Change of IgG Antibodies Against PiaA Pneumococcal Protein
371,outcome_overview_dose_description,0w post dose 1 child,8w post dose 1 child,,,Post-vaccination 2,OG002,1.44,Geometric Mean Fold Change of IgG Antibodies Against PiaA Pneumococcal Protein
371,outcome_overview_time_frame_weeks,0,8,,,Post-vaccination 2,OG002,1.44,Geometric Mean Fold Change of IgG Antibodies Against PiaA Pneumococcal Protein
372,outcome_overview_dose_description,0w post dose 1 child,8w post dose 1 child,,,Post-vaccination 2,OG003,1.66,Geometric Mean Fold Change of IgG Antibodies Against PiaA Pneumococcal Protein
372,outcome_overview_time_frame_weeks,0,8,,,Post-vaccination 2,OG003,1.66,Geometric Mean Fold Change of IgG Antibodies Against PiaA Pneumococcal Protein
373,outcome_overview_dose_description,0w post dose 1 child,8w post dose 1 child,,,Post-vaccination 2,OG004,1.34,Geometric Mean Fold Change of IgG Antibodies Against PiaA Pneumococcal Protein
373,outcome_overview_time_frame_weeks,0,8,,,Post-vaccination 2,OG004,1.34,Geometric Mean Fold Change of IgG Antibodies Against PiaA Pneumococcal Protein
374,outcome_overview_dose_description,1m post dose 1 child,8w post dose 1 child,,,,OG000,28,Fold Change in IgG Response to Pneumolysoid (L460D) Pneumococcal Protein Among Toddler Cohort (ELISA)
374,outcome_overview_time_frame_weeks,4,8,,,,OG000,28,Fold Change in IgG Response to Pneumolysoid (L460D) Pneumococcal Protein Among Toddler Cohort (ELISA)
375,outcome_overview_dose_description,1m post dose 1 child,8w post dose 1 child,,,,OG001,23,Fold Change in IgG Response to Pneumolysoid (L460D) Pneumococcal Protein Among Toddler Cohort (ELISA)
375,outcome_overview_time_frame_weeks,4,8,,,,OG001,23,Fold Change in IgG Response to Pneumolysoid (L460D) Pneumococcal Protein Among Toddler Cohort (ELISA)
376,outcome_overview_dose_description,1m post dose 1 child,8w post dose 1 child,,,,OG002,32,Fold Change in IgG Response to Pneumolysoid (L460D) Pneumococcal Protein Among Toddler Cohort (ELISA)
376,outcome_overview_time_frame_weeks,4,8,,,,OG002,32,Fold Change in IgG Response to Pneumolysoid (L460D) Pneumococcal Protein Among Toddler Cohort (ELISA)
377,outcome_overview_dose_description,1m post dose 1 child,8w post dose 1 child,,,,OG003,16,Fold Change in IgG Response to Pneumolysoid (L460D) Pneumococcal Protein Among Toddler Cohort (ELISA)
377,outcome_overview_time_frame_weeks,4,8,,,,OG003,16,Fold Change in IgG Response to Pneumolysoid (L460D) Pneumococcal Protein Among Toddler Cohort (ELISA)
378,outcome_overview_dose_description,1m post dose 1 child,8w post dose 1 child,,,,OG004,36,Fold Change in IgG Response to Pneumolysoid (L460D) Pneumococcal Protein Among Toddler Cohort (ELISA)
378,outcome_overview_time_frame_weeks,4,8,,,,OG004,36,Fold Change in IgG Response to Pneumolysoid (L460D) Pneumococcal Protein Among Toddler Cohort (ELISA)
379,outcome_overview_dose_description,1m post dose 1 child,8w post dose 1 child,,,,OG005,18,Fold Change in IgG Response to Pneumolysoid (L460D) Pneumococcal Protein Among Toddler Cohort (ELISA)
379,outcome_overview_time_frame_weeks,4,8,,,,OG005,18,Fold Change in IgG Response to Pneumolysoid (L460D) Pneumococcal Protein Among Toddler Cohort (ELISA)
380,outcome_overview_dose_description,1m post dose 1 child,8w post dose 1 child,,,,OG006,14,Fold Change in IgG Response to Pneumolysoid (L460D) Pneumococcal Protein Among Toddler Cohort (ELISA)
380,outcome_overview_time_frame_weeks,4,8,,,,OG006,14,Fold Change in IgG Response to Pneumolysoid (L460D) Pneumococcal Protein Among Toddler Cohort (ELISA)
381,outcome_overview_dose_description,1m post dose 1 child,8w post dose 1 child,,,,OG007,20,Fold Change in IgG Response to Pneumolysoid (L460D) Pneumococcal Protein Among Toddler Cohort (ELISA)
381,outcome_overview_time_frame_weeks,4,8,,,,OG007,20,Fold Change in IgG Response to Pneumolysoid (L460D) Pneumococcal Protein Among Toddler Cohort (ELISA)
382,outcome_overview_dose_description,1m post dose 1 child,8w post dose 1 child,,,,OG008,14,Fold Change in IgG Response to Pneumolysoid (L460D) Pneumococcal Protein Among Toddler Cohort (ELISA)
382,outcome_overview_time_frame_weeks,4,8,,,,OG008,14,Fold Change in IgG Response to Pneumolysoid (L460D) Pneumococcal Protein Among Toddler Cohort (ELISA)
383,outcome_overview_dose_description,1m post dose 1 child,8w post dose 1 child,,,,OG009,34,Fold Change in IgG Response to Pneumolysoid (L460D) Pneumococcal Protein Among Toddler Cohort (ELISA)
383,outcome_overview_time_frame_weeks,4,8,,,,OG009,34,Fold Change in IgG Response to Pneumolysoid (L460D) Pneumococcal Protein Among Toddler Cohort (ELISA)
384,outcome_overview_dose_description,1m post dose 1 child,8w post dose 1 child,,,,OG000,18,Fold Change in IgG Response to Pneumolysoid (L460D) Pneumococcal Protein Among Toddler Cohort (ELISA)
384,outcome_overview_time_frame_weeks,4,8,,,,OG000,18,Fold Change in IgG Response to Pneumolysoid (L460D) Pneumococcal Protein Among Toddler Cohort (ELISA)
385,outcome_overview_dose_description,1m post dose 1 child,8w post dose 1 child,,,,OG001,24,Fold Change in IgG Response to Pneumolysoid (L460D) Pneumococcal Protein Among Toddler Cohort (ELISA)
385,outcome_overview_time_frame_weeks,4,8,,,,OG001,24,Fold Change in IgG Response to Pneumolysoid (L460D) Pneumococcal Protein Among Toddler Cohort (ELISA)
386,outcome_overview_dose_description,1m post dose 1 child,8w post dose 1 child,,,,OG002,16,Fold Change in IgG Response to Pneumolysoid (L460D) Pneumococcal Protein Among Toddler Cohort (ELISA)
386,outcome_overview_time_frame_weeks,4,8,,,,OG002,16,Fold Change in IgG Response to Pneumolysoid (L460D) Pneumococcal Protein Among Toddler Cohort (ELISA)
387,outcome_overview_dose_description,1m post dose 1 child,8w post dose 1 child,,,,OG003,31,Fold Change in IgG Response to Pneumolysoid (L460D) Pneumococcal Protein Among Toddler Cohort (ELISA)
387,outcome_overview_time_frame_weeks,4,8,,,,OG003,31,Fold Change in IgG Response to Pneumolysoid (L460D) Pneumococcal Protein Among Toddler Cohort (ELISA)
388,outcome_overview_dose_description,1m post dose 1 child,8w post dose 1 child,,,,OG004,12,Fold Change in IgG Response to Pneumolysoid (L460D) Pneumococcal Protein Among Toddler Cohort (ELISA)
388,outcome_overview_time_frame_weeks,4,8,,,,OG004,12,Fold Change in IgG Response to Pneumolysoid (L460D) Pneumococcal Protein Among Toddler Cohort (ELISA)
389,outcome_overview_dose_description,1m post dose 1 child,8w post dose 1 child,,,,OG005,28,Fold Change in IgG Response to Pneumolysoid (L460D) Pneumococcal Protein Among Toddler Cohort (ELISA)
389,outcome_overview_time_frame_weeks,4,8,,,,OG005,28,Fold Change in IgG Response to Pneumolysoid (L460D) Pneumococcal Protein Among Toddler Cohort (ELISA)
390,outcome_overview_dose_description,1m post dose 1 child,8w post dose 1 child,,,,OG006,33,Fold Change in IgG Response to Pneumolysoid (L460D) Pneumococcal Protein Among Toddler Cohort (ELISA)
390,outcome_overview_time_frame_weeks,4,8,,,,OG006,33,Fold Change in IgG Response to Pneumolysoid (L460D) Pneumococcal Protein Among Toddler Cohort (ELISA)
391,outcome_overview_dose_description,1m post dose 1 child,8w post dose 1 child,,,,OG007,28,Fold Change in IgG Response to Pneumolysoid (L460D) Pneumococcal Protein Among Toddler Cohort (ELISA)
391,outcome_overview_time_frame_weeks,4,8,,,,OG007,28,Fold Change in IgG Response to Pneumolysoid (L460D) Pneumococcal Protein Among Toddler Cohort (ELISA)
392,outcome_overview_dose_description,1m post dose 1 child,8w post dose 1 child,,,,OG008,31,Fold Change in IgG Response to Pneumolysoid (L460D) Pneumococcal Protein Among Toddler Cohort (ELISA)
392,outcome_overview_time_frame_weeks,4,8,,,,OG008,31,Fold Change in IgG Response to Pneumolysoid (L460D) Pneumococcal Protein Among Toddler Cohort (ELISA)
393,outcome_overview_dose_description,1m post dose 1 child,8w post dose 1 child,,,,OG009,14,Fold Change in IgG Response to Pneumolysoid (L460D) Pneumococcal Protein Among Toddler Cohort (ELISA)
393,outcome_overview_time_frame_weeks,4,8,,,,OG009,14,Fold Change in IgG Response to Pneumolysoid (L460D) Pneumococcal Protein Among Toddler Cohort (ELISA)
394,outcome_overview_dose_description,1m post dose 1 child,8w post dose 1 child,,,,OG000,36,Fold Change in IgG Response to PspA-Fam1 (ELISA)
394,outcome_overview_time_frame_weeks,4,8,,,,OG000,36,Fold Change in IgG Response to PspA-Fam1 (ELISA)
395,outcome_overview_dose_description,1m post dose 1 child,8w post dose 1 child,,,,OG001,29,Fold Change in IgG Response to PspA-Fam1 (ELISA)
395,outcome_overview_time_frame_weeks,4,8,,,,OG001,29,Fold Change in IgG Response to PspA-Fam1 (ELISA)
396,outcome_overview_dose_description,1m post dose 1 child,8w post dose 1 child,,,,OG002,42,Fold Change in IgG Response to PspA-Fam1 (ELISA)
396,outcome_overview_time_frame_weeks,4,8,,,,OG002,42,Fold Change in IgG Response to PspA-Fam1 (ELISA)
397,outcome_overview_dose_description,1m post dose 1 child,8w post dose 1 child,,,,OG003,29,Fold Change in IgG Response to PspA-Fam1 (ELISA)
397,outcome_overview_time_frame_weeks,4,8,,,,OG003,29,Fold Change in IgG Response to PspA-Fam1 (ELISA)
398,outcome_overview_dose_description,1m post dose 1 child,8w post dose 1 child,,,,OG004,44,Fold Change in IgG Response to PspA-Fam1 (ELISA)
398,outcome_overview_time_frame_weeks,4,8,,,,OG004,44,Fold Change in IgG Response to PspA-Fam1 (ELISA)
399,outcome_overview_dose_description,1m post dose 1 child,8w post dose 1 child,,,,OG005,30,Fold Change in IgG Response to PspA-Fam1 (ELISA)
399,outcome_overview_time_frame_weeks,4,8,,,,OG005,30,Fold Change in IgG Response to PspA-Fam1 (ELISA)
400,outcome_overview_dose_description,1m post dose 1 child,8w post dose 1 child,,,,OG006,28,Fold Change in IgG Response to PspA-Fam1 (ELISA)
400,outcome_overview_time_frame_weeks,4,8,,,,OG006,28,Fold Change in IgG Response to PspA-Fam1 (ELISA)
401,outcome_overview_dose_description,1m post dose 1 child,8w post dose 1 child,,,,OG007,31,Fold Change in IgG Response to PspA-Fam1 (ELISA)
401,outcome_overview_time_frame_weeks,4,8,,,,OG007,31,Fold Change in IgG Response to PspA-Fam1 (ELISA)
402,outcome_overview_dose_description,1m post dose 1 child,8w post dose 1 child,,,,OG008,25,Fold Change in IgG Response to PspA-Fam1 (ELISA)
402,outcome_overview_time_frame_weeks,4,8,,,,OG008,25,Fold Change in IgG Response to PspA-Fam1 (ELISA)
403,outcome_overview_dose_description,1m post dose 1 child,8w post dose 1 child,,,,OG009,34,Fold Change in IgG Response to PspA-Fam1 (ELISA)
403,outcome_overview_time_frame_weeks,4,8,,,,OG009,34,Fold Change in IgG Response to PspA-Fam1 (ELISA)
404,outcome_overview_dose_description,1m post dose 1 child,8w post dose 1 child,,,,OG000,10,Fold Change in IgG Response to PspA-Fam1 (ELISA)
404,outcome_overview_time_frame_weeks,4,8,,,,OG000,10,Fold Change in IgG Response to PspA-Fam1 (ELISA)
405,outcome_overview_dose_description,1m post dose 1 child,8w post dose 1 child,,,,OG001,18,Fold Change in IgG Response to PspA-Fam1 (ELISA)
405,outcome_overview_time_frame_weeks,4,8,,,,OG001,18,Fold Change in IgG Response to PspA-Fam1 (ELISA)
406,outcome_overview_dose_description,1m post dose 1 child,8w post dose 1 child,,,,OG002,6,Fold Change in IgG Response to PspA-Fam1 (ELISA)
406,outcome_overview_time_frame_weeks,4,8,,,,OG002,6,Fold Change in IgG Response to PspA-Fam1 (ELISA)
407,outcome_overview_dose_description,1m post dose 1 child,8w post dose 1 child,,,,OG003,18,Fold Change in IgG Response to PspA-Fam1 (ELISA)
407,outcome_overview_time_frame_weeks,4,8,,,,OG003,18,Fold Change in IgG Response to PspA-Fam1 (ELISA)
408,outcome_overview_dose_description,1m post dose 1 child,8w post dose 1 child,,,,OG004,4,Fold Change in IgG Response to PspA-Fam1 (ELISA)
408,outcome_overview_time_frame_weeks,4,8,,,,OG004,4,Fold Change in IgG Response to PspA-Fam1 (ELISA)
409,outcome_overview_dose_description,1m post dose 1 child,8w post dose 1 child,,,,OG005,16,Fold Change in IgG Response to PspA-Fam1 (ELISA)
409,outcome_overview_time_frame_weeks,4,8,,,,OG005,16,Fold Change in IgG Response to PspA-Fam1 (ELISA)
410,outcome_overview_dose_description,1m post dose 1 child,8w post dose 1 child,,,,OG006,19,Fold Change in IgG Response to PspA-Fam1 (ELISA)
410,outcome_overview_time_frame_weeks,4,8,,,,OG006,19,Fold Change in IgG Response to PspA-Fam1 (ELISA)
411,outcome_overview_dose_description,1m post dose 1 child,8w post dose 1 child,,,,OG007,17,Fold Change in IgG Response to PspA-Fam1 (ELISA)
411,outcome_overview_time_frame_weeks,4,8,,,,OG007,17,Fold Change in IgG Response to PspA-Fam1 (ELISA)
412,outcome_overview_dose_description,1m post dose 1 child,8w post dose 1 child,,,,OG008,21,Fold Change in IgG Response to PspA-Fam1 (ELISA)
412,outcome_overview_time_frame_weeks,4,8,,,,OG008,21,Fold Change in IgG Response to PspA-Fam1 (ELISA)
413,outcome_overview_dose_description,1m post dose 1 child,8w post dose 1 child,,,,OG009,14,Fold Change in IgG Response to PspA-Fam1 (ELISA)
413,outcome_overview_time_frame_weeks,4,8,,,,OG009,14,Fold Change in IgG Response to PspA-Fam1 (ELISA)
414,outcome_overview_dose_description,1m post dose 1 child,8w post dose 1 child,,,,OG000,37,Fold Change in IgG Response to L460D Pneumococcal Protein (MSD)
414,outcome_overview_time_frame_weeks,4,8,,,,OG000,37,Fold Change in IgG Response to L460D Pneumococcal Protein (MSD)
415,outcome_overview_dose_description,1m post dose 1 child,8w post dose 1 child,,,,OG001,31,Fold Change in IgG Response to L460D Pneumococcal Protein (MSD)
415,outcome_overview_time_frame_weeks,4,8,,,,OG001,31,Fold Change in IgG Response to L460D Pneumococcal Protein (MSD)
416,outcome_overview_dose_description,1m post dose 1 child,8w post dose 1 child,,,,OG002,43,Fold Change in IgG Response to L460D Pneumococcal Protein (MSD)
416,outcome_overview_time_frame_weeks,4,8,,,,OG002,43,Fold Change in IgG Response to L460D Pneumococcal Protein (MSD)
417,outcome_overview_dose_description,1m post dose 1 child,8w post dose 1 child,,,,OG003,26,Fold Change in IgG Response to L460D Pneumococcal Protein (MSD)
417,outcome_overview_time_frame_weeks,4,8,,,,OG003,26,Fold Change in IgG Response to L460D Pneumococcal Protein (MSD)
418,outcome_overview_dose_description,1m post dose 1 child,8w post dose 1 child,,,,OG004,39,Fold Change in IgG Response to L460D Pneumococcal Protein (MSD)
418,outcome_overview_time_frame_weeks,4,8,,,,OG004,39,Fold Change in IgG Response to L460D Pneumococcal Protein (MSD)
419,outcome_overview_dose_description,1m post dose 1 child,8w post dose 1 child,,,,OG005,23,Fold Change in IgG Response to L460D Pneumococcal Protein (MSD)
419,outcome_overview_time_frame_weeks,4,8,,,,OG005,23,Fold Change in IgG Response to L460D Pneumococcal Protein (MSD)
420,outcome_overview_dose_description,1m post dose 1 child,8w post dose 1 child,,,,OG006,23,Fold Change in IgG Response to L460D Pneumococcal Protein (MSD)
420,outcome_overview_time_frame_weeks,4,8,,,,OG006,23,Fold Change in IgG Response to L460D Pneumococcal Protein (MSD)
421,outcome_overview_dose_description,1m post dose 1 child,8w post dose 1 child,,,,OG007,18,Fold Change in IgG Response to L460D Pneumococcal Protein (MSD)
421,outcome_overview_time_frame_weeks,4,8,,,,OG007,18,Fold Change in IgG Response to L460D Pneumococcal Protein (MSD)
422,outcome_overview_dose_description,1m post dose 1 child,8w post dose 1 child,,,,OG008,6,Fold Change in IgG Response to L460D Pneumococcal Protein (MSD)
422,outcome_overview_time_frame_weeks,4,8,,,,OG008,6,Fold Change in IgG Response to L460D Pneumococcal Protein (MSD)
423,outcome_overview_dose_description,1m post dose 1 child,8w post dose 1 child,,,,OG009,38,Fold Change in IgG Response to L460D Pneumococcal Protein (MSD)
423,outcome_overview_time_frame_weeks,4,8,,,,OG009,38,Fold Change in IgG Response to L460D Pneumococcal Protein (MSD)
424,outcome_overview_dose_description,1m post dose 1 child,8w post dose 1 child,,,,OG000,8,Fold Change in IgG Response to L460D Pneumococcal Protein (MSD)
424,outcome_overview_time_frame_weeks,4,8,,,,OG000,8,Fold Change in IgG Response to L460D Pneumococcal Protein (MSD)
425,outcome_overview_dose_description,1m post dose 1 child,8w post dose 1 child,,,,OG001,9,Fold Change in IgG Response to L460D Pneumococcal Protein (MSD)
425,outcome_overview_time_frame_weeks,4,8,,,,OG001,9,Fold Change in IgG Response to L460D Pneumococcal Protein (MSD)
426,outcome_overview_dose_description,1m post dose 1 child,8w post dose 1 child,,,,OG002,4,Fold Change in IgG Response to L460D Pneumococcal Protein (MSD)
426,outcome_overview_time_frame_weeks,4,8,,,,OG002,4,Fold Change in IgG Response to L460D Pneumococcal Protein (MSD)
427,outcome_overview_dose_description,1m post dose 1 child,8w post dose 1 child,,,,OG003,13,Fold Change in IgG Response to L460D Pneumococcal Protein (MSD)
427,outcome_overview_time_frame_weeks,4,8,,,,OG003,13,Fold Change in IgG Response to L460D Pneumococcal Protein (MSD)
428,outcome_overview_dose_description,1m post dose 1 child,8w post dose 1 child,,,,OG004,5,Fold Change in IgG Response to L460D Pneumococcal Protein (MSD)
428,outcome_overview_time_frame_weeks,4,8,,,,OG004,5,Fold Change in IgG Response to L460D Pneumococcal Protein (MSD)
429,outcome_overview_dose_description,1m post dose 1 child,8w post dose 1 child,,,,OG005,18,Fold Change in IgG Response to L460D Pneumococcal Protein (MSD)
429,outcome_overview_time_frame_weeks,4,8,,,,OG005,18,Fold Change in IgG Response to L460D Pneumococcal Protein (MSD)
430,outcome_overview_dose_description,1m post dose 1 child,8w post dose 1 child,,,,OG006,14,Fold Change in IgG Response to L460D Pneumococcal Protein (MSD)
430,outcome_overview_time_frame_weeks,4,8,,,,OG006,14,Fold Change in IgG Response to L460D Pneumococcal Protein (MSD)
431,outcome_overview_dose_description,1m post dose 1 child,8w post dose 1 child,,,,OG007,18,Fold Change in IgG Response to L460D Pneumococcal Protein (MSD)
431,outcome_overview_time_frame_weeks,4,8,,,,OG007,18,Fold Change in IgG Response to L460D Pneumococcal Protein (MSD)
432,outcome_overview_dose_description,1m post dose 1 child,8w post dose 1 child,,,,OG008,22,Fold Change in IgG Response to L460D Pneumococcal Protein (MSD)
432,outcome_overview_time_frame_weeks,4,8,,,,OG008,22,Fold Change in IgG Response to L460D Pneumococcal Protein (MSD)
433,outcome_overview_dose_description,1m post dose 1 child,8w post dose 1 child,,,,OG009,8,Fold Change in IgG Response to L460D Pneumococcal Protein (MSD)
433,outcome_overview_time_frame_weeks,4,8,,,,OG009,8,Fold Change in IgG Response to L460D Pneumococcal Protein (MSD)
434,outcome_overview_dose_description,1m post dose 1 child,8w post dose 1 child,,,,OG000,1,Fold Change in IgG Response to L460D Pneumococcal Protein (MSD)
434,outcome_overview_time_frame_weeks,4,8,,,,OG000,1,Fold Change in IgG Response to L460D Pneumococcal Protein (MSD)
435,outcome_overview_dose_description,1m post dose 1 child,8w post dose 1 child,,,,OG001,4,Fold Change in IgG Response to L460D Pneumococcal Protein (MSD)
435,outcome_overview_time_frame_weeks,4,8,,,,OG001,4,Fold Change in IgG Response to L460D Pneumococcal Protein (MSD)
436,outcome_overview_dose_description,1m post dose 1 child,8w post dose 1 child,,,,OG002,1,Fold Change in IgG Response to L460D Pneumococcal Protein (MSD)
436,outcome_overview_time_frame_weeks,4,8,,,,OG002,1,Fold Change in IgG Response to L460D Pneumococcal Protein (MSD)
437,outcome_overview_dose_description,1m post dose 1 child,8w post dose 1 child,,,,OG003,3,Fold Change in IgG Response to L460D Pneumococcal Protein (MSD)
437,outcome_overview_time_frame_weeks,4,8,,,,OG003,3,Fold Change in IgG Response to L460D Pneumococcal Protein (MSD)
438,outcome_overview_dose_description,1m post dose 1 child,8w post dose 1 child,,,,OG004,2,Fold Change in IgG Response to L460D Pneumococcal Protein (MSD)
438,outcome_overview_time_frame_weeks,4,8,,,,OG004,2,Fold Change in IgG Response to L460D Pneumococcal Protein (MSD)
439,outcome_overview_dose_description,1m post dose 1 child,8w post dose 1 child,,,,OG005,0,Fold Change in IgG Response to L460D Pneumococcal Protein (MSD)
439,outcome_overview_time_frame_weeks,4,8,,,,OG005,0,Fold Change in IgG Response to L460D Pneumococcal Protein (MSD)
440,outcome_overview_dose_description,1m post dose 1 child,8w post dose 1 child,,,,OG006,4,Fold Change in IgG Response to L460D Pneumococcal Protein (MSD)
440,outcome_overview_time_frame_weeks,4,8,,,,OG006,4,Fold Change in IgG Response to L460D Pneumococcal Protein (MSD)
441,outcome_overview_dose_description,1m post dose 1 child,8w post dose 1 child,,,,OG007,3,Fold Change in IgG Response to L460D Pneumococcal Protein (MSD)
441,outcome_overview_time_frame_weeks,4,8,,,,OG007,3,Fold Change in IgG Response to L460D Pneumococcal Protein (MSD)
442,outcome_overview_dose_description,1m post dose 1 child,8w post dose 1 child,,,,OG008,6,Fold Change in IgG Response to L460D Pneumococcal Protein (MSD)
442,outcome_overview_time_frame_weeks,4,8,,,,OG008,6,Fold Change in IgG Response to L460D Pneumococcal Protein (MSD)
443,outcome_overview_dose_description,1m post dose 1 child,8w post dose 1 child,,,,OG009,1,Fold Change in IgG Response to L460D Pneumococcal Protein (MSD)
443,outcome_overview_time_frame_weeks,4,8,,,,OG009,1,Fold Change in IgG Response to L460D Pneumococcal Protein (MSD)
444,outcome_overview_dose_description,1m post dose 1 child,8w post dose 1 child,,,,OG000,0,Fold Change in IgG Response to L460D Pneumococcal Protein (MSD)
444,outcome_overview_time_frame_weeks,4,8,,,,OG000,0,Fold Change in IgG Response to L460D Pneumococcal Protein (MSD)
445,outcome_overview_dose_description,1m post dose 1 child,8w post dose 1 child,,,,OG001,3,Fold Change in IgG Response to L460D Pneumococcal Protein (MSD)
445,outcome_overview_time_frame_weeks,4,8,,,,OG001,3,Fold Change in IgG Response to L460D Pneumococcal Protein (MSD)
446,outcome_overview_dose_description,1m post dose 1 child,8w post dose 1 child,,,,OG002,0,Fold Change in IgG Response to L460D Pneumococcal Protein (MSD)
446,outcome_overview_time_frame_weeks,4,8,,,,OG002,0,Fold Change in IgG Response to L460D Pneumococcal Protein (MSD)
447,outcome_overview_dose_description,1m post dose 1 child,8w post dose 1 child,,,,OG003,5,Fold Change in IgG Response to L460D Pneumococcal Protein (MSD)
447,outcome_overview_time_frame_weeks,4,8,,,,OG003,5,Fold Change in IgG Response to L460D Pneumococcal Protein (MSD)
448,outcome_overview_dose_description,1m post dose 1 child,8w post dose 1 child,,,,OG004,2,Fold Change in IgG Response to L460D Pneumococcal Protein (MSD)
448,outcome_overview_time_frame_weeks,4,8,,,,OG004,2,Fold Change in IgG Response to L460D Pneumococcal Protein (MSD)
449,outcome_overview_dose_description,1m post dose 1 child,8w post dose 1 child,,,,OG005,5,Fold Change in IgG Response to L460D Pneumococcal Protein (MSD)
449,outcome_overview_time_frame_weeks,4,8,,,,OG005,5,Fold Change in IgG Response to L460D Pneumococcal Protein (MSD)
450,outcome_overview_dose_description,1m post dose 1 child,8w post dose 1 child,,,,OG006,6,Fold Change in IgG Response to L460D Pneumococcal Protein (MSD)
450,outcome_overview_time_frame_weeks,4,8,,,,OG006,6,Fold Change in IgG Response to L460D Pneumococcal Protein (MSD)
451,outcome_overview_dose_description,1m post dose 1 child,8w post dose 1 child,,,,OG007,9,Fold Change in IgG Response to L460D Pneumococcal Protein (MSD)
451,outcome_overview_time_frame_weeks,4,8,,,,OG007,9,Fold Change in IgG Response to L460D Pneumococcal Protein (MSD)
452,outcome_overview_dose_description,1m post dose 1 child,8w post dose 1 child,,,,OG008,12,Fold Change in IgG Response to L460D Pneumococcal Protein (MSD)
452,outcome_overview_time_frame_weeks,4,8,,,,OG008,12,Fold Change in IgG Response to L460D Pneumococcal Protein (MSD)
453,outcome_overview_dose_description,1m post dose 1 child,8w post dose 1 child,,,,OG009,1,Fold Change in IgG Response to L460D Pneumococcal Protein (MSD)
453,outcome_overview_time_frame_weeks,4,8,,,,OG009,1,Fold Change in IgG Response to L460D Pneumococcal Protein (MSD)
454,outcome_overview_dose_description,1m post dose 1 child,8w post dose 1 child,,,,OG000,29,Fold Change in IgG Response to PspA-Fam1 Pneumococcal Protein (MSD)
454,outcome_overview_time_frame_weeks,4,8,,,,OG000,29,Fold Change in IgG Response to PspA-Fam1 Pneumococcal Protein (MSD)
455,outcome_overview_dose_description,1m post dose 1 child,8w post dose 1 child,,,,OG001,26,Fold Change in IgG Response to PspA-Fam1 Pneumococcal Protein (MSD)
455,outcome_overview_time_frame_weeks,4,8,,,,OG001,26,Fold Change in IgG Response to PspA-Fam1 Pneumococcal Protein (MSD)
456,outcome_overview_dose_description,1m post dose 1 child,8w post dose 1 child,,,,OG002,35,Fold Change in IgG Response to PspA-Fam1 Pneumococcal Protein (MSD)
456,outcome_overview_time_frame_weeks,4,8,,,,OG002,35,Fold Change in IgG Response to PspA-Fam1 Pneumococcal Protein (MSD)
457,outcome_overview_dose_description,1m post dose 1 child,8w post dose 1 child,,,,OG003,18,Fold Change in IgG Response to PspA-Fam1 Pneumococcal Protein (MSD)
457,outcome_overview_time_frame_weeks,4,8,,,,OG003,18,Fold Change in IgG Response to PspA-Fam1 Pneumococcal Protein (MSD)
458,outcome_overview_dose_description,1m post dose 1 child,8w post dose 1 child,,,,OG004,40,Fold Change in IgG Response to PspA-Fam1 Pneumococcal Protein (MSD)
458,outcome_overview_time_frame_weeks,4,8,,,,OG004,40,Fold Change in IgG Response to PspA-Fam1 Pneumococcal Protein (MSD)
459,outcome_overview_dose_description,1m post dose 1 child,8w post dose 1 child,,,,OG005,16,Fold Change in IgG Response to PspA-Fam1 Pneumococcal Protein (MSD)
459,outcome_overview_time_frame_weeks,4,8,,,,OG005,16,Fold Change in IgG Response to PspA-Fam1 Pneumococcal Protein (MSD)
460,outcome_overview_dose_description,1m post dose 1 child,8w post dose 1 child,,,,OG006,16,Fold Change in IgG Response to PspA-Fam1 Pneumococcal Protein (MSD)
460,outcome_overview_time_frame_weeks,4,8,,,,OG006,16,Fold Change in IgG Response to PspA-Fam1 Pneumococcal Protein (MSD)
461,outcome_overview_dose_description,1m post dose 1 child,8w post dose 1 child,,,,OG007,20,Fold Change in IgG Response to PspA-Fam1 Pneumococcal Protein (MSD)
461,outcome_overview_time_frame_weeks,4,8,,,,OG007,20,Fold Change in IgG Response to PspA-Fam1 Pneumococcal Protein (MSD)
462,outcome_overview_dose_description,1m post dose 1 child,8w post dose 1 child,,,,OG008,4,Fold Change in IgG Response to PspA-Fam1 Pneumococcal Protein (MSD)
462,outcome_overview_time_frame_weeks,4,8,,,,OG008,4,Fold Change in IgG Response to PspA-Fam1 Pneumococcal Protein (MSD)
463,outcome_overview_dose_description,1m post dose 1 child,8w post dose 1 child,,,,OG009,30,Fold Change in IgG Response to PspA-Fam1 Pneumococcal Protein (MSD)
463,outcome_overview_time_frame_weeks,4,8,,,,OG009,30,Fold Change in IgG Response to PspA-Fam1 Pneumococcal Protein (MSD)
464,outcome_overview_dose_description,1m post dose 1 child,8w post dose 1 child,,,,OG000,12,Fold Change in IgG Response to PspA-Fam1 Pneumococcal Protein (MSD)
464,outcome_overview_time_frame_weeks,4,8,,,,OG000,12,Fold Change in IgG Response to PspA-Fam1 Pneumococcal Protein (MSD)
465,outcome_overview_dose_description,1m post dose 1 child,8w post dose 1 child,,,,OG001,11,Fold Change in IgG Response to PspA-Fam1 Pneumococcal Protein (MSD)
465,outcome_overview_time_frame_weeks,4,8,,,,OG001,11,Fold Change in IgG Response to PspA-Fam1 Pneumococcal Protein (MSD)
466,outcome_overview_dose_description,1m post dose 1 child,8w post dose 1 child,,,,OG002,8,Fold Change in IgG Response to PspA-Fam1 Pneumococcal Protein (MSD)
466,outcome_overview_time_frame_weeks,4,8,,,,OG002,8,Fold Change in IgG Response to PspA-Fam1 Pneumococcal Protein (MSD)
467,outcome_overview_dose_description,1m post dose 1 child,8w post dose 1 child,,,,OG003,15,Fold Change in IgG Response to PspA-Fam1 Pneumococcal Protein (MSD)
467,outcome_overview_time_frame_weeks,4,8,,,,OG003,15,Fold Change in IgG Response to PspA-Fam1 Pneumococcal Protein (MSD)
468,outcome_overview_dose_description,1m post dose 1 child,8w post dose 1 child,,,,OG004,6,Fold Change in IgG Response to PspA-Fam1 Pneumococcal Protein (MSD)
468,outcome_overview_time_frame_weeks,4,8,,,,OG004,6,Fold Change in IgG Response to PspA-Fam1 Pneumococcal Protein (MSD)
469,outcome_overview_dose_description,1m post dose 1 child,8w post dose 1 child,,,,OG005,16,Fold Change in IgG Response to PspA-Fam1 Pneumococcal Protein (MSD)
469,outcome_overview_time_frame_weeks,4,8,,,,OG005,16,Fold Change in IgG Response to PspA-Fam1 Pneumococcal Protein (MSD)
470,outcome_overview_dose_description,1m post dose 1 child,8w post dose 1 child,,,,OG006,21,Fold Change in IgG Response to PspA-Fam1 Pneumococcal Protein (MSD)
470,outcome_overview_time_frame_weeks,4,8,,,,OG006,21,Fold Change in IgG Response to PspA-Fam1 Pneumococcal Protein (MSD)
471,outcome_overview_dose_description,1m post dose 1 child,8w post dose 1 child,,,,OG007,15,Fold Change in IgG Response to PspA-Fam1 Pneumococcal Protein (MSD)
471,outcome_overview_time_frame_weeks,4,8,,,,OG007,15,Fold Change in IgG Response to PspA-Fam1 Pneumococcal Protein (MSD)
472,outcome_overview_dose_description,1m post dose 1 child,8w post dose 1 child,,,,OG008,21,Fold Change in IgG Response to PspA-Fam1 Pneumococcal Protein (MSD)
472,outcome_overview_time_frame_weeks,4,8,,,,OG008,21,Fold Change in IgG Response to PspA-Fam1 Pneumococcal Protein (MSD)
473,outcome_overview_dose_description,1m post dose 1 child,8w post dose 1 child,,,,OG009,11,Fold Change in IgG Response to PspA-Fam1 Pneumococcal Protein (MSD)
473,outcome_overview_time_frame_weeks,4,8,,,,OG009,11,Fold Change in IgG Response to PspA-Fam1 Pneumococcal Protein (MSD)
474,outcome_overview_dose_description,1m post dose 1 child,8w post dose 1 child,,,,OG000,2,Fold Change in IgG Response to PspA-Fam1 Pneumococcal Protein (MSD)
474,outcome_overview_time_frame_weeks,4,8,,,,OG000,2,Fold Change in IgG Response to PspA-Fam1 Pneumococcal Protein (MSD)
475,outcome_overview_dose_description,1m post dose 1 child,8w post dose 1 child,,,,OG001,7,Fold Change in IgG Response to PspA-Fam1 Pneumococcal Protein (MSD)
475,outcome_overview_time_frame_weeks,4,8,,,,OG001,7,Fold Change in IgG Response to PspA-Fam1 Pneumococcal Protein (MSD)
476,outcome_overview_dose_description,1m post dose 1 child,8w post dose 1 child,,,,OG002,1,Fold Change in IgG Response to PspA-Fam1 Pneumococcal Protein (MSD)
476,outcome_overview_time_frame_weeks,4,8,,,,OG002,1,Fold Change in IgG Response to PspA-Fam1 Pneumococcal Protein (MSD)
477,outcome_overview_dose_description,1m post dose 1 child,8w post dose 1 child,,,,OG003,5,Fold Change in IgG Response to PspA-Fam1 Pneumococcal Protein (MSD)
477,outcome_overview_time_frame_weeks,4,8,,,,OG003,5,Fold Change in IgG Response to PspA-Fam1 Pneumococcal Protein (MSD)
478,outcome_overview_dose_description,1m post dose 1 child,8w post dose 1 child,,,,OG004,2,Fold Change in IgG Response to PspA-Fam1 Pneumococcal Protein (MSD)
478,outcome_overview_time_frame_weeks,4,8,,,,OG004,2,Fold Change in IgG Response to PspA-Fam1 Pneumococcal Protein (MSD)
479,outcome_overview_dose_description,1m post dose 1 child,8w post dose 1 child,,,,OG005,5,Fold Change in IgG Response to PspA-Fam1 Pneumococcal Protein (MSD)
479,outcome_overview_time_frame_weeks,4,8,,,,OG005,5,Fold Change in IgG Response to PspA-Fam1 Pneumococcal Protein (MSD)
480,outcome_overview_dose_description,1m post dose 1 child,8w post dose 1 child,,,,OG006,1,Fold Change in IgG Response to PspA-Fam1 Pneumococcal Protein (MSD)
480,outcome_overview_time_frame_weeks,4,8,,,,OG006,1,Fold Change in IgG Response to PspA-Fam1 Pneumococcal Protein (MSD)
481,outcome_overview_dose_description,1m post dose 1 child,8w post dose 1 child,,,,OG007,4,Fold Change in IgG Response to PspA-Fam1 Pneumococcal Protein (MSD)
481,outcome_overview_time_frame_weeks,4,8,,,,OG007,4,Fold Change in IgG Response to PspA-Fam1 Pneumococcal Protein (MSD)
482,outcome_overview_dose_description,1m post dose 1 child,8w post dose 1 child,,,,OG008,5,Fold Change in IgG Response to PspA-Fam1 Pneumococcal Protein (MSD)
482,outcome_overview_time_frame_weeks,4,8,,,,OG008,5,Fold Change in IgG Response to PspA-Fam1 Pneumococcal Protein (MSD)
483,outcome_overview_dose_description,1m post dose 1 child,8w post dose 1 child,,,,OG009,3,Fold Change in IgG Response to PspA-Fam1 Pneumococcal Protein (MSD)
483,outcome_overview_time_frame_weeks,4,8,,,,OG009,3,Fold Change in IgG Response to PspA-Fam1 Pneumococcal Protein (MSD)
484,outcome_overview_dose_description,1m post dose 1 child,8w post dose 1 child,,,,OG000,5,Fold Change in IgG Response to PspA-Fam1 Pneumococcal Protein (MSD)
484,outcome_overview_time_frame_weeks,4,8,,,,OG000,5,Fold Change in IgG Response to PspA-Fam1 Pneumococcal Protein (MSD)
485,outcome_overview_dose_description,1m post dose 1 child,8w post dose 1 child,,,,OG001,5,Fold Change in IgG Response to PspA-Fam1 Pneumococcal Protein (MSD)
485,outcome_overview_time_frame_weeks,4,8,,,,OG001,5,Fold Change in IgG Response to PspA-Fam1 Pneumococcal Protein (MSD)
486,outcome_overview_dose_description,1m post dose 1 child,8w post dose 1 child,,,,OG002,4,Fold Change in IgG Response to PspA-Fam1 Pneumococcal Protein (MSD)
486,outcome_overview_time_frame_weeks,4,8,,,,OG002,4,Fold Change in IgG Response to PspA-Fam1 Pneumococcal Protein (MSD)
487,outcome_overview_dose_description,1m post dose 1 child,8w post dose 1 child,,,,OG003,9,Fold Change in IgG Response to PspA-Fam1 Pneumococcal Protein (MSD)
487,outcome_overview_time_frame_weeks,4,8,,,,OG003,9,Fold Change in IgG Response to PspA-Fam1 Pneumococcal Protein (MSD)
488,outcome_overview_dose_description,1m post dose 1 child,8w post dose 1 child,,,,OG004,1,Fold Change in IgG Response to PspA-Fam1 Pneumococcal Protein (MSD)
488,outcome_overview_time_frame_weeks,4,8,,,,OG004,1,Fold Change in IgG Response to PspA-Fam1 Pneumococcal Protein (MSD)
489,outcome_overview_dose_description,1m post dose 1 child,8w post dose 1 child,,,,OG005,9,Fold Change in IgG Response to PspA-Fam1 Pneumococcal Protein (MSD)
489,outcome_overview_time_frame_weeks,4,8,,,,OG005,9,Fold Change in IgG Response to PspA-Fam1 Pneumococcal Protein (MSD)
490,outcome_overview_dose_description,1m post dose 1 child,8w post dose 1 child,,,,OG006,9,Fold Change in IgG Response to PspA-Fam1 Pneumococcal Protein (MSD)
490,outcome_overview_time_frame_weeks,4,8,,,,OG006,9,Fold Change in IgG Response to PspA-Fam1 Pneumococcal Protein (MSD)
491,outcome_overview_dose_description,1m post dose 1 child,8w post dose 1 child,,,,OG007,9,Fold Change in IgG Response to PspA-Fam1 Pneumococcal Protein (MSD)
491,outcome_overview_time_frame_weeks,4,8,,,,OG007,9,Fold Change in IgG Response to PspA-Fam1 Pneumococcal Protein (MSD)
492,outcome_overview_dose_description,1m post dose 1 child,8w post dose 1 child,,,,OG008,16,Fold Change in IgG Response to PspA-Fam1 Pneumococcal Protein (MSD)
492,outcome_overview_time_frame_weeks,4,8,,,,OG008,16,Fold Change in IgG Response to PspA-Fam1 Pneumococcal Protein (MSD)
493,outcome_overview_dose_description,1m post dose 1 child,8w post dose 1 child,,,,OG009,4,Fold Change in IgG Response to PspA-Fam1 Pneumococcal Protein (MSD)
493,outcome_overview_time_frame_weeks,4,8,,,,OG009,4,Fold Change in IgG Response to PspA-Fam1 Pneumococcal Protein (MSD)
494,outcome_overview_dose_description,1m post dose 1 child,8w post dose 1 child,,,,OG000,37,Fold Change in IgG Response to PhtD Pneumococcal Protein
494,outcome_overview_time_frame_weeks,4,8,,,,OG000,37,Fold Change in IgG Response to PhtD Pneumococcal Protein
495,outcome_overview_dose_description,1m post dose 1 child,8w post dose 1 child,,,,OG001,39,Fold Change in IgG Response to PhtD Pneumococcal Protein
495,outcome_overview_time_frame_weeks,4,8,,,,OG001,39,Fold Change in IgG Response to PhtD Pneumococcal Protein
496,outcome_overview_dose_description,1m post dose 1 child,8w post dose 1 child,,,,OG002,43,Fold Change in IgG Response to PhtD Pneumococcal Protein
496,outcome_overview_time_frame_weeks,4,8,,,,OG002,43,Fold Change in IgG Response to PhtD Pneumococcal Protein
497,outcome_overview_dose_description,1m post dose 1 child,8w post dose 1 child,,,,OG003,34,Fold Change in IgG Response to PhtD Pneumococcal Protein
497,outcome_overview_time_frame_weeks,4,8,,,,OG003,34,Fold Change in IgG Response to PhtD Pneumococcal Protein
498,outcome_overview_dose_description,1m post dose 1 child,8w post dose 1 child,,,,OG004,42,Fold Change in IgG Response to PhtD Pneumococcal Protein
498,outcome_overview_time_frame_weeks,4,8,,,,OG004,42,Fold Change in IgG Response to PhtD Pneumococcal Protein
499,outcome_overview_dose_description,1m post dose 1 child,8w post dose 1 child,,,,OG005,20,Fold Change in IgG Response to PhtD Pneumococcal Protein
499,outcome_overview_time_frame_weeks,4,8,,,,OG005,20,Fold Change in IgG Response to PhtD Pneumococcal Protein
500,outcome_overview_dose_description,1m post dose 1 child,8w post dose 1 child,,,,OG006,20,Fold Change in IgG Response to PhtD Pneumococcal Protein
500,outcome_overview_time_frame_weeks,4,8,,,,OG006,20,Fold Change in IgG Response to PhtD Pneumococcal Protein
501,outcome_overview_dose_description,1m post dose 1 child,8w post dose 1 child,,,,OG007,22,Fold Change in IgG Response to PhtD Pneumococcal Protein
501,outcome_overview_time_frame_weeks,4,8,,,,OG007,22,Fold Change in IgG Response to PhtD Pneumococcal Protein
502,outcome_overview_dose_description,1m post dose 1 child,8w post dose 1 child,,,,OG008,20,Fold Change in IgG Response to PhtD Pneumococcal Protein
502,outcome_overview_time_frame_weeks,4,8,,,,OG008,20,Fold Change in IgG Response to PhtD Pneumococcal Protein
503,outcome_overview_dose_description,1m post dose 1 child,8w post dose 1 child,,,,OG009,26,Fold Change in IgG Response to PhtD Pneumococcal Protein
503,outcome_overview_time_frame_weeks,4,8,,,,OG009,26,Fold Change in IgG Response to PhtD Pneumococcal Protein
504,outcome_overview_dose_description,1m post dose 1 child,8w post dose 1 child,,,,OG000,8,Fold Change in IgG Response to PhtD Pneumococcal Protein
504,outcome_overview_time_frame_weeks,4,8,,,,OG000,8,Fold Change in IgG Response to PhtD Pneumococcal Protein
505,outcome_overview_dose_description,1m post dose 1 child,8w post dose 1 child,,,,OG001,7,Fold Change in IgG Response to PhtD Pneumococcal Protein
505,outcome_overview_time_frame_weeks,4,8,,,,OG001,7,Fold Change in IgG Response to PhtD Pneumococcal Protein
506,outcome_overview_dose_description,1m post dose 1 child,8w post dose 1 child,,,,OG002,3,Fold Change in IgG Response to PhtD Pneumococcal Protein
506,outcome_overview_time_frame_weeks,4,8,,,,OG002,3,Fold Change in IgG Response to PhtD Pneumococcal Protein
507,outcome_overview_dose_description,1m post dose 1 child,8w post dose 1 child,,,,OG003,7,Fold Change in IgG Response to PhtD Pneumococcal Protein
507,outcome_overview_time_frame_weeks,4,8,,,,OG003,7,Fold Change in IgG Response to PhtD Pneumococcal Protein
508,outcome_overview_dose_description,1m post dose 1 child,8w post dose 1 child,,,,OG004,2,Fold Change in IgG Response to PhtD Pneumococcal Protein
508,outcome_overview_time_frame_weeks,4,8,,,,OG004,2,Fold Change in IgG Response to PhtD Pneumococcal Protein
509,outcome_overview_dose_description,1m post dose 1 child,8w post dose 1 child,,,,OG005,18,Fold Change in IgG Response to PhtD Pneumococcal Protein
509,outcome_overview_time_frame_weeks,4,8,,,,OG005,18,Fold Change in IgG Response to PhtD Pneumococcal Protein
510,outcome_overview_dose_description,1m post dose 1 child,8w post dose 1 child,,,,OG006,18,Fold Change in IgG Response to PhtD Pneumococcal Protein
510,outcome_overview_time_frame_weeks,4,8,,,,OG006,18,Fold Change in IgG Response to PhtD Pneumococcal Protein
511,outcome_overview_dose_description,1m post dose 1 child,8w post dose 1 child,,,,OG007,15,Fold Change in IgG Response to PhtD Pneumococcal Protein
511,outcome_overview_time_frame_weeks,4,8,,,,OG007,15,Fold Change in IgG Response to PhtD Pneumococcal Protein
512,outcome_overview_dose_description,1m post dose 1 child,8w post dose 1 child,,,,OG008,15,Fold Change in IgG Response to PhtD Pneumococcal Protein
512,outcome_overview_time_frame_weeks,4,8,,,,OG008,15,Fold Change in IgG Response to PhtD Pneumococcal Protein
513,outcome_overview_dose_description,1m post dose 1 child,8w post dose 1 child,,,,OG009,15,Fold Change in IgG Response to PhtD Pneumococcal Protein
513,outcome_overview_time_frame_weeks,4,8,,,,OG009,15,Fold Change in IgG Response to PhtD Pneumococcal Protein
514,outcome_overview_dose_description,1m post dose 1 child,8w post dose 1 child,,,,OG000,2,Fold Change in IgG Response to PhtD Pneumococcal Protein
514,outcome_overview_time_frame_weeks,4,8,,,,OG000,2,Fold Change in IgG Response to PhtD Pneumococcal Protein
515,outcome_overview_dose_description,1m post dose 1 child,8w post dose 1 child,,,,OG001,2,Fold Change in IgG Response to PhtD Pneumococcal Protein
515,outcome_overview_time_frame_weeks,4,8,,,,OG001,2,Fold Change in IgG Response to PhtD Pneumococcal Protein
516,outcome_overview_dose_description,1m post dose 1 child,8w post dose 1 child,,,,OG002,0,Fold Change in IgG Response to PhtD Pneumococcal Protein
516,outcome_overview_time_frame_weeks,4,8,,,,OG002,0,Fold Change in IgG Response to PhtD Pneumococcal Protein
517,outcome_overview_dose_description,1m post dose 1 child,8w post dose 1 child,,,,OG003,5,Fold Change in IgG Response to PhtD Pneumococcal Protein
517,outcome_overview_time_frame_weeks,4,8,,,,OG003,5,Fold Change in IgG Response to PhtD Pneumococcal Protein
518,outcome_overview_dose_description,1m post dose 1 child,8w post dose 1 child,,,,OG004,3,Fold Change in IgG Response to PhtD Pneumococcal Protein
518,outcome_overview_time_frame_weeks,4,8,,,,OG004,3,Fold Change in IgG Response to PhtD Pneumococcal Protein
519,outcome_overview_dose_description,1m post dose 1 child,8w post dose 1 child,,,,OG005,6,Fold Change in IgG Response to PhtD Pneumococcal Protein
519,outcome_overview_time_frame_weeks,4,8,,,,OG005,6,Fold Change in IgG Response to PhtD Pneumococcal Protein
520,outcome_overview_dose_description,1m post dose 1 child,8w post dose 1 child,,,,OG006,1,Fold Change in IgG Response to PhtD Pneumococcal Protein
520,outcome_overview_time_frame_weeks,4,8,,,,OG006,1,Fold Change in IgG Response to PhtD Pneumococcal Protein
521,outcome_overview_dose_description,1m post dose 1 child,8w post dose 1 child,,,,OG007,4,Fold Change in IgG Response to PhtD Pneumococcal Protein
521,outcome_overview_time_frame_weeks,4,8,,,,OG007,4,Fold Change in IgG Response to PhtD Pneumococcal Protein
522,outcome_overview_dose_description,1m post dose 1 child,8w post dose 1 child,,,,OG008,3,Fold Change in IgG Response to PhtD Pneumococcal Protein
522,outcome_overview_time_frame_weeks,4,8,,,,OG008,3,Fold Change in IgG Response to PhtD Pneumococcal Protein
523,outcome_overview_dose_description,1m post dose 1 child,8w post dose 1 child,,,,OG009,4,Fold Change in IgG Response to PhtD Pneumococcal Protein
523,outcome_overview_time_frame_weeks,4,8,,,,OG009,4,Fold Change in IgG Response to PhtD Pneumococcal Protein
524,outcome_overview_dose_description,1m post dose 1 child,8w post dose 1 child,,,,OG000,1,Fold Change in IgG Response to PhtD Pneumococcal Protein
524,outcome_overview_time_frame_weeks,4,8,,,,OG000,1,Fold Change in IgG Response to PhtD Pneumococcal Protein
525,outcome_overview_dose_description,1m post dose 1 child,8w post dose 1 child,,,,OG001,1,Fold Change in IgG Response to PhtD Pneumococcal Protein
525,outcome_overview_time_frame_weeks,4,8,,,,OG001,1,Fold Change in IgG Response to PhtD Pneumococcal Protein
526,outcome_overview_dose_description,1m post dose 1 child,8w post dose 1 child,,,,OG002,2,Fold Change in IgG Response to PhtD Pneumococcal Protein
526,outcome_overview_time_frame_weeks,4,8,,,,OG002,2,Fold Change in IgG Response to PhtD Pneumococcal Protein
527,outcome_overview_dose_description,1m post dose 1 child,8w post dose 1 child,,,,OG003,1,Fold Change in IgG Response to PhtD Pneumococcal Protein
527,outcome_overview_time_frame_weeks,4,8,,,,OG003,1,Fold Change in IgG Response to PhtD Pneumococcal Protein
528,outcome_overview_dose_description,1m post dose 1 child,8w post dose 1 child,,,,OG004,2,Fold Change in IgG Response to PhtD Pneumococcal Protein
528,outcome_overview_time_frame_weeks,4,8,,,,OG004,2,Fold Change in IgG Response to PhtD Pneumococcal Protein
529,outcome_overview_dose_description,1m post dose 1 child,8w post dose 1 child,,,,OG005,2,Fold Change in IgG Response to PhtD Pneumococcal Protein
529,outcome_overview_time_frame_weeks,4,8,,,,OG005,2,Fold Change in IgG Response to PhtD Pneumococcal Protein
530,outcome_overview_dose_description,1m post dose 1 child,8w post dose 1 child,,,,OG006,8,Fold Change in IgG Response to PhtD Pneumococcal Protein
530,outcome_overview_time_frame_weeks,4,8,,,,OG006,8,Fold Change in IgG Response to PhtD Pneumococcal Protein
531,outcome_overview_dose_description,1m post dose 1 child,8w post dose 1 child,,,,OG007,7,Fold Change in IgG Response to PhtD Pneumococcal Protein
531,outcome_overview_time_frame_weeks,4,8,,,,OG007,7,Fold Change in IgG Response to PhtD Pneumococcal Protein
532,outcome_overview_dose_description,1m post dose 1 child,8w post dose 1 child,,,,OG008,8,Fold Change in IgG Response to PhtD Pneumococcal Protein
532,outcome_overview_time_frame_weeks,4,8,,,,OG008,8,Fold Change in IgG Response to PhtD Pneumococcal Protein
533,outcome_overview_dose_description,1m post dose 1 child,8w post dose 1 child,,,,OG009,3,Fold Change in IgG Response to PhtD Pneumococcal Protein
533,outcome_overview_time_frame_weeks,4,8,,,,OG009,3,Fold Change in IgG Response to PhtD Pneumococcal Protein
534,outcome_overview_dose_description,1m post dose 1 child,8w post dose 1 child,,,,OG000,36,Fold Change in IgG Response to BCH0785 Pneumococcal Protein
534,outcome_overview_time_frame_weeks,4,8,,,,OG000,36,Fold Change in IgG Response to BCH0785 Pneumococcal Protein
535,outcome_overview_dose_description,1m post dose 1 child,8w post dose 1 child,,,,OG001,35,Fold Change in IgG Response to BCH0785 Pneumococcal Protein
535,outcome_overview_time_frame_weeks,4,8,,,,OG001,35,Fold Change in IgG Response to BCH0785 Pneumococcal Protein
536,outcome_overview_dose_description,1m post dose 1 child,8w post dose 1 child,,,,OG002,35,Fold Change in IgG Response to BCH0785 Pneumococcal Protein
536,outcome_overview_time_frame_weeks,4,8,,,,OG002,35,Fold Change in IgG Response to BCH0785 Pneumococcal Protein
537,outcome_overview_dose_description,1m post dose 1 child,8w post dose 1 child,,,,OG003,36,Fold Change in IgG Response to BCH0785 Pneumococcal Protein
537,outcome_overview_time_frame_weeks,4,8,,,,OG003,36,Fold Change in IgG Response to BCH0785 Pneumococcal Protein
538,outcome_overview_dose_description,1m post dose 1 child,8w post dose 1 child,,,,OG004,42,Fold Change in IgG Response to BCH0785 Pneumococcal Protein
538,outcome_overview_time_frame_weeks,4,8,,,,OG004,42,Fold Change in IgG Response to BCH0785 Pneumococcal Protein
539,outcome_overview_dose_description,1m post dose 1 child,8w post dose 1 child,,,,OG005,31,Fold Change in IgG Response to BCH0785 Pneumococcal Protein
539,outcome_overview_time_frame_weeks,4,8,,,,OG005,31,Fold Change in IgG Response to BCH0785 Pneumococcal Protein
540,outcome_overview_dose_description,1m post dose 1 child,8w post dose 1 child,,,,OG006,27,Fold Change in IgG Response to BCH0785 Pneumococcal Protein
540,outcome_overview_time_frame_weeks,4,8,,,,OG006,27,Fold Change in IgG Response to BCH0785 Pneumococcal Protein
541,outcome_overview_dose_description,1m post dose 1 child,8w post dose 1 child,,,,OG007,26,Fold Change in IgG Response to BCH0785 Pneumococcal Protein
541,outcome_overview_time_frame_weeks,4,8,,,,OG007,26,Fold Change in IgG Response to BCH0785 Pneumococcal Protein
542,outcome_overview_dose_description,1m post dose 1 child,8w post dose 1 child,,,,OG008,20,Fold Change in IgG Response to BCH0785 Pneumococcal Protein
542,outcome_overview_time_frame_weeks,4,8,,,,OG008,20,Fold Change in IgG Response to BCH0785 Pneumococcal Protein
543,outcome_overview_dose_description,1m post dose 1 child,8w post dose 1 child,,,,OG009,32,Fold Change in IgG Response to BCH0785 Pneumococcal Protein
543,outcome_overview_time_frame_weeks,4,8,,,,OG009,32,Fold Change in IgG Response to BCH0785 Pneumococcal Protein
544,outcome_overview_dose_description,1m post dose 1 child,8w post dose 1 child,,,,OG000,9,Fold Change in IgG Response to BCH0785 Pneumococcal Protein
544,outcome_overview_time_frame_weeks,4,8,,,,OG000,9,Fold Change in IgG Response to BCH0785 Pneumococcal Protein
545,outcome_overview_dose_description,1m post dose 1 child,8w post dose 1 child,,,,OG001,11,Fold Change in IgG Response to BCH0785 Pneumococcal Protein
545,outcome_overview_time_frame_weeks,4,8,,,,OG001,11,Fold Change in IgG Response to BCH0785 Pneumococcal Protein
546,outcome_overview_dose_description,1m post dose 1 child,8w post dose 1 child,,,,OG002,8,Fold Change in IgG Response to BCH0785 Pneumococcal Protein
546,outcome_overview_time_frame_weeks,4,8,,,,OG002,8,Fold Change in IgG Response to BCH0785 Pneumococcal Protein
547,outcome_overview_dose_description,1m post dose 1 child,8w post dose 1 child,,,,OG003,6,Fold Change in IgG Response to BCH0785 Pneumococcal Protein
547,outcome_overview_time_frame_weeks,4,8,,,,OG003,6,Fold Change in IgG Response to BCH0785 Pneumococcal Protein
548,outcome_overview_dose_description,1m post dose 1 child,8w post dose 1 child,,,,OG004,4,Fold Change in IgG Response to BCH0785 Pneumococcal Protein
548,outcome_overview_time_frame_weeks,4,8,,,,OG004,4,Fold Change in IgG Response to BCH0785 Pneumococcal Protein
549,outcome_overview_dose_description,1m post dose 1 child,8w post dose 1 child,,,,OG005,7,Fold Change in IgG Response to BCH0785 Pneumococcal Protein
549,outcome_overview_time_frame_weeks,4,8,,,,OG005,7,Fold Change in IgG Response to BCH0785 Pneumococcal Protein
550,outcome_overview_dose_description,1m post dose 1 child,8w post dose 1 child,,,,OG006,8,Fold Change in IgG Response to BCH0785 Pneumococcal Protein
550,outcome_overview_time_frame_weeks,4,8,,,,OG006,8,Fold Change in IgG Response to BCH0785 Pneumococcal Protein
551,outcome_overview_dose_description,1m post dose 1 child,8w post dose 1 child,,,,OG007,14,Fold Change in IgG Response to BCH0785 Pneumococcal Protein
551,outcome_overview_time_frame_weeks,4,8,,,,OG007,14,Fold Change in IgG Response to BCH0785 Pneumococcal Protein
552,outcome_overview_dose_description,1m post dose 1 child,8w post dose 1 child,,,,OG008,17,Fold Change in IgG Response to BCH0785 Pneumococcal Protein
552,outcome_overview_time_frame_weeks,4,8,,,,OG008,17,Fold Change in IgG Response to BCH0785 Pneumococcal Protein
553,outcome_overview_dose_description,1m post dose 1 child,8w post dose 1 child,,,,OG009,11,Fold Change in IgG Response to BCH0785 Pneumococcal Protein
553,outcome_overview_time_frame_weeks,4,8,,,,OG009,11,Fold Change in IgG Response to BCH0785 Pneumococcal Protein
554,outcome_overview_dose_description,1m post dose 1 child,8w post dose 1 child,,,,OG000,1,Fold Change in IgG Response to BCH0785 Pneumococcal Protein
554,outcome_overview_time_frame_weeks,4,8,,,,OG000,1,Fold Change in IgG Response to BCH0785 Pneumococcal Protein
555,outcome_overview_dose_description,1m post dose 1 child,8w post dose 1 child,,,,OG001,0,Fold Change in IgG Response to BCH0785 Pneumococcal Protein
555,outcome_overview_time_frame_weeks,4,8,,,,OG001,0,Fold Change in IgG Response to BCH0785 Pneumococcal Protein
556,outcome_overview_dose_description,1m post dose 1 child,8w post dose 1 child,,,,OG002,0,Fold Change in IgG Response to BCH0785 Pneumococcal Protein
556,outcome_overview_time_frame_weeks,4,8,,,,OG002,0,Fold Change in IgG Response to BCH0785 Pneumococcal Protein
557,outcome_overview_dose_description,1m post dose 1 child,8w post dose 1 child,,,,OG003,4,Fold Change in IgG Response to BCH0785 Pneumococcal Protein
557,outcome_overview_time_frame_weeks,4,8,,,,OG003,4,Fold Change in IgG Response to BCH0785 Pneumococcal Protein
558,outcome_overview_dose_description,1m post dose 1 child,8w post dose 1 child,,,,OG004,2,Fold Change in IgG Response to BCH0785 Pneumococcal Protein
558,outcome_overview_time_frame_weeks,4,8,,,,OG004,2,Fold Change in IgG Response to BCH0785 Pneumococcal Protein
559,outcome_overview_dose_description,1m post dose 1 child,8w post dose 1 child,,,,OG005,5,Fold Change in IgG Response to BCH0785 Pneumococcal Protein
559,outcome_overview_time_frame_weeks,4,8,,,,OG005,5,Fold Change in IgG Response to BCH0785 Pneumococcal Protein
560,outcome_overview_dose_description,1m post dose 1 child,8w post dose 1 child,,,,OG006,6,Fold Change in IgG Response to BCH0785 Pneumococcal Protein
560,outcome_overview_time_frame_weeks,4,8,,,,OG006,6,Fold Change in IgG Response to BCH0785 Pneumococcal Protein
561,outcome_overview_dose_description,1m post dose 1 child,8w post dose 1 child,,,,OG007,2,Fold Change in IgG Response to BCH0785 Pneumococcal Protein
561,outcome_overview_time_frame_weeks,4,8,,,,OG007,2,Fold Change in IgG Response to BCH0785 Pneumococcal Protein
562,outcome_overview_dose_description,1m post dose 1 child,8w post dose 1 child,,,,OG008,1,Fold Change in IgG Response to BCH0785 Pneumococcal Protein
562,outcome_overview_time_frame_weeks,4,8,,,,OG008,1,Fold Change in IgG Response to BCH0785 Pneumococcal Protein
563,outcome_overview_dose_description,1m post dose 1 child,8w post dose 1 child,,,,OG009,1,Fold Change in IgG Response to BCH0785 Pneumococcal Protein
563,outcome_overview_time_frame_weeks,4,8,,,,OG009,1,Fold Change in IgG Response to BCH0785 Pneumococcal Protein
564,outcome_overview_dose_description,1m post dose 1 child,8w post dose 1 child,,,,OG000,2,Fold Change in IgG Response to BCH0785 Pneumococcal Protein
564,outcome_overview_time_frame_weeks,4,8,,,,OG000,2,Fold Change in IgG Response to BCH0785 Pneumococcal Protein
565,outcome_overview_dose_description,1m post dose 1 child,8w post dose 1 child,,,,OG001,3,Fold Change in IgG Response to BCH0785 Pneumococcal Protein
565,outcome_overview_time_frame_weeks,4,8,,,,OG001,3,Fold Change in IgG Response to BCH0785 Pneumococcal Protein
566,outcome_overview_dose_description,1m post dose 1 child,8w post dose 1 child,,,,OG002,5,Fold Change in IgG Response to BCH0785 Pneumococcal Protein
566,outcome_overview_time_frame_weeks,4,8,,,,OG002,5,Fold Change in IgG Response to BCH0785 Pneumococcal Protein
567,outcome_overview_dose_description,1m post dose 1 child,8w post dose 1 child,,,,OG003,1,Fold Change in IgG Response to BCH0785 Pneumococcal Protein
567,outcome_overview_time_frame_weeks,4,8,,,,OG003,1,Fold Change in IgG Response to BCH0785 Pneumococcal Protein
568,outcome_overview_dose_description,1m post dose 1 child,8w post dose 1 child,,,,OG004,1,Fold Change in IgG Response to BCH0785 Pneumococcal Protein
568,outcome_overview_time_frame_weeks,4,8,,,,OG004,1,Fold Change in IgG Response to BCH0785 Pneumococcal Protein
569,outcome_overview_dose_description,1m post dose 1 child,8w post dose 1 child,,,,OG005,3,Fold Change in IgG Response to BCH0785 Pneumococcal Protein
569,outcome_overview_time_frame_weeks,4,8,,,,OG005,3,Fold Change in IgG Response to BCH0785 Pneumococcal Protein
570,outcome_overview_dose_description,1m post dose 1 child,8w post dose 1 child,,,,OG006,6,Fold Change in IgG Response to BCH0785 Pneumococcal Protein
570,outcome_overview_time_frame_weeks,4,8,,,,OG006,6,Fold Change in IgG Response to BCH0785 Pneumococcal Protein
571,outcome_overview_dose_description,1m post dose 1 child,8w post dose 1 child,,,,OG007,6,Fold Change in IgG Response to BCH0785 Pneumococcal Protein
571,outcome_overview_time_frame_weeks,4,8,,,,OG007,6,Fold Change in IgG Response to BCH0785 Pneumococcal Protein
572,outcome_overview_dose_description,1m post dose 1 child,8w post dose 1 child,,,,OG008,8,Fold Change in IgG Response to BCH0785 Pneumococcal Protein
572,outcome_overview_time_frame_weeks,4,8,,,,OG008,8,Fold Change in IgG Response to BCH0785 Pneumococcal Protein
573,outcome_overview_dose_description,1m post dose 1 child,8w post dose 1 child,,,,OG009,4,Fold Change in IgG Response to BCH0785 Pneumococcal Protein
573,outcome_overview_time_frame_weeks,4,8,,,,OG009,4,Fold Change in IgG Response to BCH0785 Pneumococcal Protein
574,outcome_overview_dose_description,1m post dose 1 child,8w post dose 1 child,,,,OG000,38,Fold Change in IgG Response to StkP Pneumococcal Protein
574,outcome_overview_time_frame_weeks,4,8,,,,OG000,38,Fold Change in IgG Response to StkP Pneumococcal Protein
575,outcome_overview_dose_description,1m post dose 1 child,8w post dose 1 child,,,,OG001,35,Fold Change in IgG Response to StkP Pneumococcal Protein
575,outcome_overview_time_frame_weeks,4,8,,,,OG001,35,Fold Change in IgG Response to StkP Pneumococcal Protein
576,outcome_overview_dose_description,1m post dose 1 child,8w post dose 1 child,,,,OG002,42,Fold Change in IgG Response to StkP Pneumococcal Protein
576,outcome_overview_time_frame_weeks,4,8,,,,OG002,42,Fold Change in IgG Response to StkP Pneumococcal Protein
577,outcome_overview_dose_description,1m post dose 1 child,8w post dose 1 child,,,,OG003,38,Fold Change in IgG Response to StkP Pneumococcal Protein
577,outcome_overview_time_frame_weeks,4,8,,,,OG003,38,Fold Change in IgG Response to StkP Pneumococcal Protein
578,outcome_overview_dose_description,1m post dose 1 child,8w post dose 1 child,,,,OG004,41,Fold Change in IgG Response to StkP Pneumococcal Protein
578,outcome_overview_time_frame_weeks,4,8,,,,OG004,41,Fold Change in IgG Response to StkP Pneumococcal Protein
579,outcome_overview_dose_description,1m post dose 1 child,8w post dose 1 child,,,,OG005,22,Fold Change in IgG Response to StkP Pneumococcal Protein
579,outcome_overview_time_frame_weeks,4,8,,,,OG005,22,Fold Change in IgG Response to StkP Pneumococcal Protein
580,outcome_overview_dose_description,1m post dose 1 child,8w post dose 1 child,,,,OG006,21,Fold Change in IgG Response to StkP Pneumococcal Protein
580,outcome_overview_time_frame_weeks,4,8,,,,OG006,21,Fold Change in IgG Response to StkP Pneumococcal Protein
581,outcome_overview_dose_description,1m post dose 1 child,8w post dose 1 child,,,,OG007,22,Fold Change in IgG Response to StkP Pneumococcal Protein
581,outcome_overview_time_frame_weeks,4,8,,,,OG007,22,Fold Change in IgG Response to StkP Pneumococcal Protein
582,outcome_overview_dose_description,1m post dose 1 child,8w post dose 1 child,,,,OG008,24,Fold Change in IgG Response to StkP Pneumococcal Protein
582,outcome_overview_time_frame_weeks,4,8,,,,OG008,24,Fold Change in IgG Response to StkP Pneumococcal Protein
583,outcome_overview_dose_description,1m post dose 1 child,8w post dose 1 child,,,,OG009,35,Fold Change in IgG Response to StkP Pneumococcal Protein
583,outcome_overview_time_frame_weeks,4,8,,,,OG009,35,Fold Change in IgG Response to StkP Pneumococcal Protein
584,outcome_overview_dose_description,1m post dose 1 child,8w post dose 1 child,,,,OG000,6,Fold Change in IgG Response to StkP Pneumococcal Protein
584,outcome_overview_time_frame_weeks,4,8,,,,OG000,6,Fold Change in IgG Response to StkP Pneumococcal Protein
585,outcome_overview_dose_description,1m post dose 1 child,8w post dose 1 child,,,,OG001,9,Fold Change in IgG Response to StkP Pneumococcal Protein
585,outcome_overview_time_frame_weeks,4,8,,,,OG001,9,Fold Change in IgG Response to StkP Pneumococcal Protein
586,outcome_overview_dose_description,1m post dose 1 child,8w post dose 1 child,,,,OG002,4,Fold Change in IgG Response to StkP Pneumococcal Protein
586,outcome_overview_time_frame_weeks,4,8,,,,OG002,4,Fold Change in IgG Response to StkP Pneumococcal Protein
587,outcome_overview_dose_description,1m post dose 1 child,8w post dose 1 child,,,,OG003,7,Fold Change in IgG Response to StkP Pneumococcal Protein
587,outcome_overview_time_frame_weeks,4,8,,,,OG003,7,Fold Change in IgG Response to StkP Pneumococcal Protein
588,outcome_overview_dose_description,1m post dose 1 child,8w post dose 1 child,,,,OG004,6,Fold Change in IgG Response to StkP Pneumococcal Protein
588,outcome_overview_time_frame_weeks,4,8,,,,OG004,6,Fold Change in IgG Response to StkP Pneumococcal Protein
589,outcome_overview_dose_description,1m post dose 1 child,8w post dose 1 child,,,,OG005,16,Fold Change in IgG Response to StkP Pneumococcal Protein
589,outcome_overview_time_frame_weeks,4,8,,,,OG005,16,Fold Change in IgG Response to StkP Pneumococcal Protein
590,outcome_overview_dose_description,1m post dose 1 child,8w post dose 1 child,,,,OG006,15,Fold Change in IgG Response to StkP Pneumococcal Protein
590,outcome_overview_time_frame_weeks,4,8,,,,OG006,15,Fold Change in IgG Response to StkP Pneumococcal Protein
591,outcome_overview_dose_description,1m post dose 1 child,8w post dose 1 child,,,,OG007,18,Fold Change in IgG Response to StkP Pneumococcal Protein
591,outcome_overview_time_frame_weeks,4,8,,,,OG007,18,Fold Change in IgG Response to StkP Pneumococcal Protein
592,outcome_overview_dose_description,1m post dose 1 child,8w post dose 1 child,,,,OG008,14,Fold Change in IgG Response to StkP Pneumococcal Protein
592,outcome_overview_time_frame_weeks,4,8,,,,OG008,14,Fold Change in IgG Response to StkP Pneumococcal Protein
593,outcome_overview_dose_description,1m post dose 1 child,8w post dose 1 child,,,,OG009,9,Fold Change in IgG Response to StkP Pneumococcal Protein
593,outcome_overview_time_frame_weeks,4,8,,,,OG009,9,Fold Change in IgG Response to StkP Pneumococcal Protein
594,outcome_overview_dose_description,1m post dose 1 child,8w post dose 1 child,,,,OG000,2,Fold Change in IgG Response to StkP Pneumococcal Protein
594,outcome_overview_time_frame_weeks,4,8,,,,OG000,2,Fold Change in IgG Response to StkP Pneumococcal Protein
595,outcome_overview_dose_description,1m post dose 1 child,8w post dose 1 child,,,,OG001,0,Fold Change in IgG Response to StkP Pneumococcal Protein
595,outcome_overview_time_frame_weeks,4,8,,,,OG001,0,Fold Change in IgG Response to StkP Pneumococcal Protein
596,outcome_overview_dose_description,1m post dose 1 child,8w post dose 1 child,,,,OG002,0,Fold Change in IgG Response to StkP Pneumococcal Protein
596,outcome_overview_time_frame_weeks,4,8,,,,OG002,0,Fold Change in IgG Response to StkP Pneumococcal Protein
597,outcome_overview_dose_description,1m post dose 1 child,8w post dose 1 child,,,,OG003,2,Fold Change in IgG Response to StkP Pneumococcal Protein
597,outcome_overview_time_frame_weeks,4,8,,,,OG003,2,Fold Change in IgG Response to StkP Pneumococcal Protein
598,outcome_overview_dose_description,1m post dose 1 child,8w post dose 1 child,,,,OG004,2,Fold Change in IgG Response to StkP Pneumococcal Protein
598,outcome_overview_time_frame_weeks,4,8,,,,OG004,2,Fold Change in IgG Response to StkP Pneumococcal Protein
599,outcome_overview_dose_description,1m post dose 1 child,8w post dose 1 child,,,,OG005,3,Fold Change in IgG Response to StkP Pneumococcal Protein
599,outcome_overview_time_frame_weeks,4,8,,,,OG005,3,Fold Change in IgG Response to StkP Pneumococcal Protein
600,outcome_overview_dose_description,1m post dose 1 child,8w post dose 1 child,,,,OG006,4,Fold Change in IgG Response to StkP Pneumococcal Protein
600,outcome_overview_time_frame_weeks,4,8,,,,OG006,4,Fold Change in IgG Response to StkP Pneumococcal Protein
601,outcome_overview_dose_description,1m post dose 1 child,8w post dose 1 child,,,,OG007,0,Fold Change in IgG Response to StkP Pneumococcal Protein
601,outcome_overview_time_frame_weeks,4,8,,,,OG007,0,Fold Change in IgG Response to StkP Pneumococcal Protein
602,outcome_overview_dose_description,1m post dose 1 child,8w post dose 1 child,,,,OG008,4,Fold Change in IgG Response to StkP Pneumococcal Protein
602,outcome_overview_time_frame_weeks,4,8,,,,OG008,4,Fold Change in IgG Response to StkP Pneumococcal Protein
603,outcome_overview_dose_description,1m post dose 1 child,8w post dose 1 child,,,,OG009,2,Fold Change in IgG Response to StkP Pneumococcal Protein
603,outcome_overview_time_frame_weeks,4,8,,,,OG009,2,Fold Change in IgG Response to StkP Pneumococcal Protein
604,outcome_overview_dose_description,1m post dose 1 child,8w post dose 1 child,,,,OG000,2,Fold Change in IgG Response to StkP Pneumococcal Protein
604,outcome_overview_time_frame_weeks,4,8,,,,OG000,2,Fold Change in IgG Response to StkP Pneumococcal Protein
605,outcome_overview_dose_description,1m post dose 1 child,8w post dose 1 child,,,,OG001,5,Fold Change in IgG Response to StkP Pneumococcal Protein
605,outcome_overview_time_frame_weeks,4,8,,,,OG001,5,Fold Change in IgG Response to StkP Pneumococcal Protein
606,outcome_overview_dose_description,1m post dose 1 child,8w post dose 1 child,,,,OG002,2,Fold Change in IgG Response to StkP Pneumococcal Protein
606,outcome_overview_time_frame_weeks,4,8,,,,OG002,2,Fold Change in IgG Response to StkP Pneumococcal Protein
607,outcome_overview_dose_description,1m post dose 1 child,8w post dose 1 child,,,,OG003,0,Fold Change in IgG Response to StkP Pneumococcal Protein
607,outcome_overview_time_frame_weeks,4,8,,,,OG003,0,Fold Change in IgG Response to StkP Pneumococcal Protein
608,outcome_overview_dose_description,1m post dose 1 child,8w post dose 1 child,,,,OG004,0,Fold Change in IgG Response to StkP Pneumococcal Protein
608,outcome_overview_time_frame_weeks,4,8,,,,OG004,0,Fold Change in IgG Response to StkP Pneumococcal Protein
609,outcome_overview_dose_description,1m post dose 1 child,8w post dose 1 child,,,,OG005,5,Fold Change in IgG Response to StkP Pneumococcal Protein
609,outcome_overview_time_frame_weeks,4,8,,,,OG005,5,Fold Change in IgG Response to StkP Pneumococcal Protein
610,outcome_overview_dose_description,1m post dose 1 child,8w post dose 1 child,,,,OG006,7,Fold Change in IgG Response to StkP Pneumococcal Protein
610,outcome_overview_time_frame_weeks,4,8,,,,OG006,7,Fold Change in IgG Response to StkP Pneumococcal Protein
611,outcome_overview_dose_description,1m post dose 1 child,8w post dose 1 child,,,,OG007,8,Fold Change in IgG Response to StkP Pneumococcal Protein
611,outcome_overview_time_frame_weeks,4,8,,,,OG007,8,Fold Change in IgG Response to StkP Pneumococcal Protein
612,outcome_overview_dose_description,1m post dose 1 child,8w post dose 1 child,,,,OG008,4,Fold Change in IgG Response to StkP Pneumococcal Protein
612,outcome_overview_time_frame_weeks,4,8,,,,OG008,4,Fold Change in IgG Response to StkP Pneumococcal Protein
613,outcome_overview_dose_description,1m post dose 1 child,8w post dose 1 child,,,,OG009,2,Fold Change in IgG Response to StkP Pneumococcal Protein
613,outcome_overview_time_frame_weeks,4,8,,,,OG009,2,Fold Change in IgG Response to StkP Pneumococcal Protein
614,outcome_overview_dose_description,1m post dose 1 child,8w post dose 1 child,,,,OG000,37,Fold Change in IgG Response to PcpA Pneumococcal Protein
614,outcome_overview_time_frame_weeks,4,8,,,,OG000,37,Fold Change in IgG Response to PcpA Pneumococcal Protein
615,outcome_overview_dose_description,1m post dose 1 child,8w post dose 1 child,,,,OG001,42,Fold Change in IgG Response to PcpA Pneumococcal Protein
615,outcome_overview_time_frame_weeks,4,8,,,,OG001,42,Fold Change in IgG Response to PcpA Pneumococcal Protein
616,outcome_overview_dose_description,1m post dose 1 child,8w post dose 1 child,,,,OG002,40,Fold Change in IgG Response to PcpA Pneumococcal Protein
616,outcome_overview_time_frame_weeks,4,8,,,,OG002,40,Fold Change in IgG Response to PcpA Pneumococcal Protein
617,outcome_overview_dose_description,1m post dose 1 child,8w post dose 1 child,,,,OG003,39,Fold Change in IgG Response to PcpA Pneumococcal Protein
617,outcome_overview_time_frame_weeks,4,8,,,,OG003,39,Fold Change in IgG Response to PcpA Pneumococcal Protein
618,outcome_overview_dose_description,1m post dose 1 child,8w post dose 1 child,,,,OG004,33,Fold Change in IgG Response to PcpA Pneumococcal Protein
618,outcome_overview_time_frame_weeks,4,8,,,,OG004,33,Fold Change in IgG Response to PcpA Pneumococcal Protein
619,outcome_overview_dose_description,1m post dose 1 child,8w post dose 1 child,,,,OG005,30,Fold Change in IgG Response to PcpA Pneumococcal Protein
619,outcome_overview_time_frame_weeks,4,8,,,,OG005,30,Fold Change in IgG Response to PcpA Pneumococcal Protein
620,outcome_overview_dose_description,1m post dose 1 child,8w post dose 1 child,,,,OG006,32,Fold Change in IgG Response to PcpA Pneumococcal Protein
620,outcome_overview_time_frame_weeks,4,8,,,,OG006,32,Fold Change in IgG Response to PcpA Pneumococcal Protein
621,outcome_overview_dose_description,1m post dose 1 child,8w post dose 1 child,,,,OG007,35,Fold Change in IgG Response to PcpA Pneumococcal Protein
621,outcome_overview_time_frame_weeks,4,8,,,,OG007,35,Fold Change in IgG Response to PcpA Pneumococcal Protein
622,outcome_overview_dose_description,1m post dose 1 child,8w post dose 1 child,,,,OG008,26,Fold Change in IgG Response to PcpA Pneumococcal Protein
622,outcome_overview_time_frame_weeks,4,8,,,,OG008,26,Fold Change in IgG Response to PcpA Pneumococcal Protein
623,outcome_overview_dose_description,1m post dose 1 child,8w post dose 1 child,,,,OG009,23,Fold Change in IgG Response to PcpA Pneumococcal Protein
623,outcome_overview_time_frame_weeks,4,8,,,,OG009,23,Fold Change in IgG Response to PcpA Pneumococcal Protein
624,outcome_overview_dose_description,1m post dose 1 child,8w post dose 1 child,,,,OG000,7,Fold Change in IgG Response to PcpA Pneumococcal Protein
624,outcome_overview_time_frame_weeks,4,8,,,,OG000,7,Fold Change in IgG Response to PcpA Pneumococcal Protein
625,outcome_overview_dose_description,1m post dose 1 child,8w post dose 1 child,,,,OG001,3,Fold Change in IgG Response to PcpA Pneumococcal Protein
625,outcome_overview_time_frame_weeks,4,8,,,,OG001,3,Fold Change in IgG Response to PcpA Pneumococcal Protein
626,outcome_overview_dose_description,1m post dose 1 child,8w post dose 1 child,,,,OG002,4,Fold Change in IgG Response to PcpA Pneumococcal Protein
626,outcome_overview_time_frame_weeks,4,8,,,,OG002,4,Fold Change in IgG Response to PcpA Pneumococcal Protein
627,outcome_overview_dose_description,1m post dose 1 child,8w post dose 1 child,,,,OG003,5,Fold Change in IgG Response to PcpA Pneumococcal Protein
627,outcome_overview_time_frame_weeks,4,8,,,,OG003,5,Fold Change in IgG Response to PcpA Pneumococcal Protein
628,outcome_overview_dose_description,1m post dose 1 child,8w post dose 1 child,,,,OG004,10,Fold Change in IgG Response to PcpA Pneumococcal Protein
628,outcome_overview_time_frame_weeks,4,8,,,,OG004,10,Fold Change in IgG Response to PcpA Pneumococcal Protein
629,outcome_overview_dose_description,1m post dose 1 child,8w post dose 1 child,,,,OG005,9,Fold Change in IgG Response to PcpA Pneumococcal Protein
629,outcome_overview_time_frame_weeks,4,8,,,,OG005,9,Fold Change in IgG Response to PcpA Pneumococcal Protein
630,outcome_overview_dose_description,1m post dose 1 child,8w post dose 1 child,,,,OG006,7,Fold Change in IgG Response to PcpA Pneumococcal Protein
630,outcome_overview_time_frame_weeks,4,8,,,,OG006,7,Fold Change in IgG Response to PcpA Pneumococcal Protein
631,outcome_overview_dose_description,1m post dose 1 child,8w post dose 1 child,,,,OG007,7,Fold Change in IgG Response to PcpA Pneumococcal Protein
631,outcome_overview_time_frame_weeks,4,8,,,,OG007,7,Fold Change in IgG Response to PcpA Pneumococcal Protein
632,outcome_overview_dose_description,1m post dose 1 child,8w post dose 1 child,,,,OG008,9,Fold Change in IgG Response to PcpA Pneumococcal Protein
632,outcome_overview_time_frame_weeks,4,8,,,,OG008,9,Fold Change in IgG Response to PcpA Pneumococcal Protein
633,outcome_overview_dose_description,1m post dose 1 child,8w post dose 1 child,,,,OG009,15,Fold Change in IgG Response to PcpA Pneumococcal Protein
633,outcome_overview_time_frame_weeks,4,8,,,,OG009,15,Fold Change in IgG Response to PcpA Pneumococcal Protein
634,outcome_overview_dose_description,1m post dose 1 child,8w post dose 1 child,,,,OG000,1,Fold Change in IgG Response to PcpA Pneumococcal Protein
634,outcome_overview_time_frame_weeks,4,8,,,,OG000,1,Fold Change in IgG Response to PcpA Pneumococcal Protein
635,outcome_overview_dose_description,1m post dose 1 child,8w post dose 1 child,,,,OG001,3,Fold Change in IgG Response to PcpA Pneumococcal Protein
635,outcome_overview_time_frame_weeks,4,8,,,,OG001,3,Fold Change in IgG Response to PcpA Pneumococcal Protein
636,outcome_overview_dose_description,1m post dose 1 child,8w post dose 1 child,,,,OG002,0,Fold Change in IgG Response to PcpA Pneumococcal Protein
636,outcome_overview_time_frame_weeks,4,8,,,,OG002,0,Fold Change in IgG Response to PcpA Pneumococcal Protein
637,outcome_overview_dose_description,1m post dose 1 child,8w post dose 1 child,,,,OG003,1,Fold Change in IgG Response to PcpA Pneumococcal Protein
637,outcome_overview_time_frame_weeks,4,8,,,,OG003,1,Fold Change in IgG Response to PcpA Pneumococcal Protein
638,outcome_overview_dose_description,1m post dose 1 child,8w post dose 1 child,,,,OG004,0,Fold Change in IgG Response to PcpA Pneumococcal Protein
638,outcome_overview_time_frame_weeks,4,8,,,,OG004,0,Fold Change in IgG Response to PcpA Pneumococcal Protein
639,outcome_overview_dose_description,1m post dose 1 child,8w post dose 1 child,,,,OG005,2,Fold Change in IgG Response to PcpA Pneumococcal Protein
639,outcome_overview_time_frame_weeks,4,8,,,,OG005,2,Fold Change in IgG Response to PcpA Pneumococcal Protein
640,outcome_overview_dose_description,1m post dose 1 child,8w post dose 1 child,,,,OG006,3,Fold Change in IgG Response to PcpA Pneumococcal Protein
640,outcome_overview_time_frame_weeks,4,8,,,,OG006,3,Fold Change in IgG Response to PcpA Pneumococcal Protein
641,outcome_overview_dose_description,1m post dose 1 child,8w post dose 1 child,,,,OG007,3,Fold Change in IgG Response to PcpA Pneumococcal Protein
641,outcome_overview_time_frame_weeks,4,8,,,,OG007,3,Fold Change in IgG Response to PcpA Pneumococcal Protein
642,outcome_overview_dose_description,1m post dose 1 child,8w post dose 1 child,,,,OG008,3,Fold Change in IgG Response to PcpA Pneumococcal Protein
642,outcome_overview_time_frame_weeks,4,8,,,,OG008,3,Fold Change in IgG Response to PcpA Pneumococcal Protein
643,outcome_overview_dose_description,1m post dose 1 child,8w post dose 1 child,,,,OG009,1,Fold Change in IgG Response to PcpA Pneumococcal Protein
643,outcome_overview_time_frame_weeks,4,8,,,,OG009,1,Fold Change in IgG Response to PcpA Pneumococcal Protein
644,outcome_overview_dose_description,1m post dose 1 child,8w post dose 1 child,,,,OG000,3,Fold Change in IgG Response to PcpA Pneumococcal Protein
644,outcome_overview_time_frame_weeks,4,8,,,,OG000,3,Fold Change in IgG Response to PcpA Pneumococcal Protein
645,outcome_overview_dose_description,1m post dose 1 child,8w post dose 1 child,,,,OG001,1,Fold Change in IgG Response to PcpA Pneumococcal Protein
645,outcome_overview_time_frame_weeks,4,8,,,,OG001,1,Fold Change in IgG Response to PcpA Pneumococcal Protein
646,outcome_overview_dose_description,1m post dose 1 child,8w post dose 1 child,,,,OG002,4,Fold Change in IgG Response to PcpA Pneumococcal Protein
646,outcome_overview_time_frame_weeks,4,8,,,,OG002,4,Fold Change in IgG Response to PcpA Pneumococcal Protein
647,outcome_overview_dose_description,1m post dose 1 child,8w post dose 1 child,,,,OG003,2,Fold Change in IgG Response to PcpA Pneumococcal Protein
647,outcome_overview_time_frame_weeks,4,8,,,,OG003,2,Fold Change in IgG Response to PcpA Pneumococcal Protein
648,outcome_overview_dose_description,1m post dose 1 child,8w post dose 1 child,,,,OG004,6,Fold Change in IgG Response to PcpA Pneumococcal Protein
648,outcome_overview_time_frame_weeks,4,8,,,,OG004,6,Fold Change in IgG Response to PcpA Pneumococcal Protein
649,outcome_overview_dose_description,1m post dose 1 child,8w post dose 1 child,,,,OG005,5,Fold Change in IgG Response to PcpA Pneumococcal Protein
649,outcome_overview_time_frame_weeks,4,8,,,,OG005,5,Fold Change in IgG Response to PcpA Pneumococcal Protein
650,outcome_overview_dose_description,1m post dose 1 child,8w post dose 1 child,,,,OG006,5,Fold Change in IgG Response to PcpA Pneumococcal Protein
650,outcome_overview_time_frame_weeks,4,8,,,,OG006,5,Fold Change in IgG Response to PcpA Pneumococcal Protein
651,outcome_overview_dose_description,1m post dose 1 child,8w post dose 1 child,,,,OG007,3,Fold Change in IgG Response to PcpA Pneumococcal Protein
651,outcome_overview_time_frame_weeks,4,8,,,,OG007,3,Fold Change in IgG Response to PcpA Pneumococcal Protein
652,outcome_overview_dose_description,1m post dose 1 child,8w post dose 1 child,,,,OG008,8,Fold Change in IgG Response to PcpA Pneumococcal Protein
652,outcome_overview_time_frame_weeks,4,8,,,,OG008,8,Fold Change in IgG Response to PcpA Pneumococcal Protein
653,outcome_overview_dose_description,1m post dose 1 child,8w post dose 1 child,,,,OG009,9,Fold Change in IgG Response to PcpA Pneumococcal Protein
653,outcome_overview_time_frame_weeks,4,8,,,,OG009,9,Fold Change in IgG Response to PcpA Pneumococcal Protein
654,outcome_overview_dose_description,1m post dose 1 child,8w post dose 1 child,,,,OG000,45,Fold Change in IgG Response to SPWCA Pneumococcal Protein
654,outcome_overview_time_frame_weeks,4,8,,,,OG000,45,Fold Change in IgG Response to SPWCA Pneumococcal Protein
655,outcome_overview_dose_description,1m post dose 1 child,8w post dose 1 child,,,,OG001,42,Fold Change in IgG Response to SPWCA Pneumococcal Protein
655,outcome_overview_time_frame_weeks,4,8,,,,OG001,42,Fold Change in IgG Response to SPWCA Pneumococcal Protein
656,outcome_overview_dose_description,1m post dose 1 child,8w post dose 1 child,,,,OG002,42,Fold Change in IgG Response to SPWCA Pneumococcal Protein
656,outcome_overview_time_frame_weeks,4,8,,,,OG002,42,Fold Change in IgG Response to SPWCA Pneumococcal Protein
657,outcome_overview_dose_description,1m post dose 1 child,8w post dose 1 child,,,,OG003,45,Fold Change in IgG Response to SPWCA Pneumococcal Protein
657,outcome_overview_time_frame_weeks,4,8,,,,OG003,45,Fold Change in IgG Response to SPWCA Pneumococcal Protein
658,outcome_overview_dose_description,1m post dose 1 child,8w post dose 1 child,,,,OG004,44,Fold Change in IgG Response to SPWCA Pneumococcal Protein
658,outcome_overview_time_frame_weeks,4,8,,,,OG004,44,Fold Change in IgG Response to SPWCA Pneumococcal Protein
659,outcome_overview_dose_description,1m post dose 1 child,8w post dose 1 child,,,,OG005,38,Fold Change in IgG Response to SPWCA Pneumococcal Protein
659,outcome_overview_time_frame_weeks,4,8,,,,OG005,38,Fold Change in IgG Response to SPWCA Pneumococcal Protein
660,outcome_overview_dose_description,1m post dose 1 child,8w post dose 1 child,,,,OG006,40,Fold Change in IgG Response to SPWCA Pneumococcal Protein
660,outcome_overview_time_frame_weeks,4,8,,,,OG006,40,Fold Change in IgG Response to SPWCA Pneumococcal Protein
661,outcome_overview_dose_description,1m post dose 1 child,8w post dose 1 child,,,,OG007,36,Fold Change in IgG Response to SPWCA Pneumococcal Protein
661,outcome_overview_time_frame_weeks,4,8,,,,OG007,36,Fold Change in IgG Response to SPWCA Pneumococcal Protein
662,outcome_overview_dose_description,1m post dose 1 child,8w post dose 1 child,,,,OG008,31,Fold Change in IgG Response to SPWCA Pneumococcal Protein
662,outcome_overview_time_frame_weeks,4,8,,,,OG008,31,Fold Change in IgG Response to SPWCA Pneumococcal Protein
663,outcome_overview_dose_description,1m post dose 1 child,8w post dose 1 child,,,,OG009,41,Fold Change in IgG Response to SPWCA Pneumococcal Protein
663,outcome_overview_time_frame_weeks,4,8,,,,OG009,41,Fold Change in IgG Response to SPWCA Pneumococcal Protein
664,outcome_overview_dose_description,1m post dose 1 child,8w post dose 1 child,,,,OG000,2,Fold Change in IgG Response to SPWCA Pneumococcal Protein
664,outcome_overview_time_frame_weeks,4,8,,,,OG000,2,Fold Change in IgG Response to SPWCA Pneumococcal Protein
665,outcome_overview_dose_description,1m post dose 1 child,8w post dose 1 child,,,,OG001,6,Fold Change in IgG Response to SPWCA Pneumococcal Protein
665,outcome_overview_time_frame_weeks,4,8,,,,OG001,6,Fold Change in IgG Response to SPWCA Pneumococcal Protein
666,outcome_overview_dose_description,1m post dose 1 child,8w post dose 1 child,,,,OG002,4,Fold Change in IgG Response to SPWCA Pneumococcal Protein
666,outcome_overview_time_frame_weeks,4,8,,,,OG002,4,Fold Change in IgG Response to SPWCA Pneumococcal Protein
667,outcome_overview_dose_description,1m post dose 1 child,8w post dose 1 child,,,,OG003,1,Fold Change in IgG Response to SPWCA Pneumococcal Protein
667,outcome_overview_time_frame_weeks,4,8,,,,OG003,1,Fold Change in IgG Response to SPWCA Pneumococcal Protein
668,outcome_overview_dose_description,1m post dose 1 child,8w post dose 1 child,,,,OG004,4,Fold Change in IgG Response to SPWCA Pneumococcal Protein
668,outcome_overview_time_frame_weeks,4,8,,,,OG004,4,Fold Change in IgG Response to SPWCA Pneumococcal Protein
669,outcome_overview_dose_description,1m post dose 1 child,8w post dose 1 child,,,,OG005,6,Fold Change in IgG Response to SPWCA Pneumococcal Protein
669,outcome_overview_time_frame_weeks,4,8,,,,OG005,6,Fold Change in IgG Response to SPWCA Pneumococcal Protein
670,outcome_overview_dose_description,1m post dose 1 child,8w post dose 1 child,,,,OG006,6,Fold Change in IgG Response to SPWCA Pneumococcal Protein
670,outcome_overview_time_frame_weeks,4,8,,,,OG006,6,Fold Change in IgG Response to SPWCA Pneumococcal Protein
671,outcome_overview_dose_description,1m post dose 1 child,8w post dose 1 child,,,,OG007,10,Fold Change in IgG Response to SPWCA Pneumococcal Protein
671,outcome_overview_time_frame_weeks,4,8,,,,OG007,10,Fold Change in IgG Response to SPWCA Pneumococcal Protein
672,outcome_overview_dose_description,1m post dose 1 child,8w post dose 1 child,,,,OG008,12,Fold Change in IgG Response to SPWCA Pneumococcal Protein
672,outcome_overview_time_frame_weeks,4,8,,,,OG008,12,Fold Change in IgG Response to SPWCA Pneumococcal Protein
673,outcome_overview_dose_description,1m post dose 1 child,8w post dose 1 child,,,,OG009,6,Fold Change in IgG Response to SPWCA Pneumococcal Protein
673,outcome_overview_time_frame_weeks,4,8,,,,OG009,6,Fold Change in IgG Response to SPWCA Pneumococcal Protein
674,outcome_overview_dose_description,1m post dose 1 child,8w post dose 1 child,,,,OG000,0,Fold Change in IgG Response to SPWCA Pneumococcal Protein
674,outcome_overview_time_frame_weeks,4,8,,,,OG000,0,Fold Change in IgG Response to SPWCA Pneumococcal Protein
675,outcome_overview_dose_description,1m post dose 1 child,8w post dose 1 child,,,,OG001,1,Fold Change in IgG Response to SPWCA Pneumococcal Protein
675,outcome_overview_time_frame_weeks,4,8,,,,OG001,1,Fold Change in IgG Response to SPWCA Pneumococcal Protein
676,outcome_overview_dose_description,1m post dose 1 child,8w post dose 1 child,,,,OG002,0,Fold Change in IgG Response to SPWCA Pneumococcal Protein
676,outcome_overview_time_frame_weeks,4,8,,,,OG002,0,Fold Change in IgG Response to SPWCA Pneumococcal Protein
677,outcome_overview_dose_description,1m post dose 1 child,8w post dose 1 child,,,,OG003,1,Fold Change in IgG Response to SPWCA Pneumococcal Protein
677,outcome_overview_time_frame_weeks,4,8,,,,OG003,1,Fold Change in IgG Response to SPWCA Pneumococcal Protein
678,outcome_overview_dose_description,1m post dose 1 child,8w post dose 1 child,,,,OG004,1,Fold Change in IgG Response to SPWCA Pneumococcal Protein
678,outcome_overview_time_frame_weeks,4,8,,,,OG004,1,Fold Change in IgG Response to SPWCA Pneumococcal Protein
679,outcome_overview_dose_description,1m post dose 1 child,8w post dose 1 child,,,,OG005,1,Fold Change in IgG Response to SPWCA Pneumococcal Protein
679,outcome_overview_time_frame_weeks,4,8,,,,OG005,1,Fold Change in IgG Response to SPWCA Pneumococcal Protein
680,outcome_overview_dose_description,1m post dose 1 child,8w post dose 1 child,,,,OG006,1,Fold Change in IgG Response to SPWCA Pneumococcal Protein
680,outcome_overview_time_frame_weeks,4,8,,,,OG006,1,Fold Change in IgG Response to SPWCA Pneumococcal Protein
681,outcome_overview_dose_description,1m post dose 1 child,8w post dose 1 child,,,,OG007,1,Fold Change in IgG Response to SPWCA Pneumococcal Protein
681,outcome_overview_time_frame_weeks,4,8,,,,OG007,1,Fold Change in IgG Response to SPWCA Pneumococcal Protein
682,outcome_overview_dose_description,1m post dose 1 child,8w post dose 1 child,,,,OG008,0,Fold Change in IgG Response to SPWCA Pneumococcal Protein
682,outcome_overview_time_frame_weeks,4,8,,,,OG008,0,Fold Change in IgG Response to SPWCA Pneumococcal Protein
683,outcome_overview_dose_description,1m post dose 1 child,8w post dose 1 child,,,,OG009,0,Fold Change in IgG Response to SPWCA Pneumococcal Protein
683,outcome_overview_time_frame_weeks,4,8,,,,OG009,0,Fold Change in IgG Response to SPWCA Pneumococcal Protein
684,outcome_overview_dose_description,1m post dose 1 child,8w post dose 1 child,,,,OG000,1,Fold Change in IgG Response to SPWCA Pneumococcal Protein
684,outcome_overview_time_frame_weeks,4,8,,,,OG000,1,Fold Change in IgG Response to SPWCA Pneumococcal Protein
685,outcome_overview_dose_description,1m post dose 1 child,8w post dose 1 child,,,,OG001,0,Fold Change in IgG Response to SPWCA Pneumococcal Protein
685,outcome_overview_time_frame_weeks,4,8,,,,OG001,0,Fold Change in IgG Response to SPWCA Pneumococcal Protein
686,outcome_overview_dose_description,1m post dose 1 child,8w post dose 1 child,,,,OG002,2,Fold Change in IgG Response to SPWCA Pneumococcal Protein
686,outcome_overview_time_frame_weeks,4,8,,,,OG002,2,Fold Change in IgG Response to SPWCA Pneumococcal Protein
687,outcome_overview_dose_description,1m post dose 1 child,8w post dose 1 child,,,,OG003,0,Fold Change in IgG Response to SPWCA Pneumococcal Protein
687,outcome_overview_time_frame_weeks,4,8,,,,OG003,0,Fold Change in IgG Response to SPWCA Pneumococcal Protein
688,outcome_overview_dose_description,1m post dose 1 child,8w post dose 1 child,,,,OG004,0,Fold Change in IgG Response to SPWCA Pneumococcal Protein
688,outcome_overview_time_frame_weeks,4,8,,,,OG004,0,Fold Change in IgG Response to SPWCA Pneumococcal Protein
689,outcome_overview_dose_description,1m post dose 1 child,8w post dose 1 child,,,,OG005,1,Fold Change in IgG Response to SPWCA Pneumococcal Protein
689,outcome_overview_time_frame_weeks,4,8,,,,OG005,1,Fold Change in IgG Response to SPWCA Pneumococcal Protein
690,outcome_overview_dose_description,1m post dose 1 child,8w post dose 1 child,,,,OG006,0,Fold Change in IgG Response to SPWCA Pneumococcal Protein
690,outcome_overview_time_frame_weeks,4,8,,,,OG006,0,Fold Change in IgG Response to SPWCA Pneumococcal Protein
691,outcome_overview_dose_description,1m post dose 1 child,8w post dose 1 child,,,,OG007,1,Fold Change in IgG Response to SPWCA Pneumococcal Protein
691,outcome_overview_time_frame_weeks,4,8,,,,OG007,1,Fold Change in IgG Response to SPWCA Pneumococcal Protein
692,outcome_overview_dose_description,1m post dose 1 child,8w post dose 1 child,,,,OG008,3,Fold Change in IgG Response to SPWCA Pneumococcal Protein
692,outcome_overview_time_frame_weeks,4,8,,,,OG008,3,Fold Change in IgG Response to SPWCA Pneumococcal Protein
693,outcome_overview_dose_description,1m post dose 1 child,8w post dose 1 child,,,,OG009,1,Fold Change in IgG Response to SPWCA Pneumococcal Protein
693,outcome_overview_time_frame_weeks,4,8,,,,OG009,1,Fold Change in IgG Response to SPWCA Pneumococcal Protein
694,outcome_overview_dose_description,1m post dose 1 child,8w post dose 1 child,,,,OG000,39,Fold Change in IgG Response to PiuA Pneumococcal Protein
694,outcome_overview_time_frame_weeks,4,8,,,,OG000,39,Fold Change in IgG Response to PiuA Pneumococcal Protein
695,outcome_overview_dose_description,1m post dose 1 child,8w post dose 1 child,,,,OG001,35,Fold Change in IgG Response to PiuA Pneumococcal Protein
695,outcome_overview_time_frame_weeks,4,8,,,,OG001,35,Fold Change in IgG Response to PiuA Pneumococcal Protein
696,outcome_overview_dose_description,1m post dose 1 child,8w post dose 1 child,,,,OG002,37,Fold Change in IgG Response to PiuA Pneumococcal Protein
696,outcome_overview_time_frame_weeks,4,8,,,,OG002,37,Fold Change in IgG Response to PiuA Pneumococcal Protein
697,outcome_overview_dose_description,1m post dose 1 child,8w post dose 1 child,,,,OG003,37,Fold Change in IgG Response to PiuA Pneumococcal Protein
697,outcome_overview_time_frame_weeks,4,8,,,,OG003,37,Fold Change in IgG Response to PiuA Pneumococcal Protein
698,outcome_overview_dose_description,1m post dose 1 child,8w post dose 1 child,,,,OG004,46,Fold Change in IgG Response to PiuA Pneumococcal Protein
698,outcome_overview_time_frame_weeks,4,8,,,,OG004,46,Fold Change in IgG Response to PiuA Pneumococcal Protein
699,outcome_overview_dose_description,1m post dose 1 child,8w post dose 1 child,,,,OG005,30,Fold Change in IgG Response to PiuA Pneumococcal Protein
699,outcome_overview_time_frame_weeks,4,8,,,,OG005,30,Fold Change in IgG Response to PiuA Pneumococcal Protein
700,outcome_overview_dose_description,1m post dose 1 child,8w post dose 1 child,,,,OG006,27,Fold Change in IgG Response to PiuA Pneumococcal Protein
700,outcome_overview_time_frame_weeks,4,8,,,,OG006,27,Fold Change in IgG Response to PiuA Pneumococcal Protein
701,outcome_overview_dose_description,1m post dose 1 child,8w post dose 1 child,,,,OG007,23,Fold Change in IgG Response to PiuA Pneumococcal Protein
701,outcome_overview_time_frame_weeks,4,8,,,,OG007,23,Fold Change in IgG Response to PiuA Pneumococcal Protein
702,outcome_overview_dose_description,1m post dose 1 child,8w post dose 1 child,,,,OG008,24,Fold Change in IgG Response to PiuA Pneumococcal Protein
702,outcome_overview_time_frame_weeks,4,8,,,,OG008,24,Fold Change in IgG Response to PiuA Pneumococcal Protein
703,outcome_overview_dose_description,1m post dose 1 child,8w post dose 1 child,,,,OG009,39,Fold Change in IgG Response to PiuA Pneumococcal Protein
703,outcome_overview_time_frame_weeks,4,8,,,,OG009,39,Fold Change in IgG Response to PiuA Pneumococcal Protein
704,outcome_overview_dose_description,1m post dose 1 child,8w post dose 1 child,,,,OG000,5,Fold Change in IgG Response to PiuA Pneumococcal Protein
704,outcome_overview_time_frame_weeks,4,8,,,,OG000,5,Fold Change in IgG Response to PiuA Pneumococcal Protein
705,outcome_overview_dose_description,1m post dose 1 child,8w post dose 1 child,,,,OG001,7,Fold Change in IgG Response to PiuA Pneumococcal Protein
705,outcome_overview_time_frame_weeks,4,8,,,,OG001,7,Fold Change in IgG Response to PiuA Pneumococcal Protein
706,outcome_overview_dose_description,1m post dose 1 child,8w post dose 1 child,,,,OG002,6,Fold Change in IgG Response to PiuA Pneumococcal Protein
706,outcome_overview_time_frame_weeks,4,8,,,,OG002,6,Fold Change in IgG Response to PiuA Pneumococcal Protein
707,outcome_overview_dose_description,1m post dose 1 child,8w post dose 1 child,,,,OG003,9,Fold Change in IgG Response to PiuA Pneumococcal Protein
707,outcome_overview_time_frame_weeks,4,8,,,,OG003,9,Fold Change in IgG Response to PiuA Pneumococcal Protein
708,outcome_overview_dose_description,1m post dose 1 child,8w post dose 1 child,,,,OG004,0,Fold Change in IgG Response to PiuA Pneumococcal Protein
708,outcome_overview_time_frame_weeks,4,8,,,,OG004,0,Fold Change in IgG Response to PiuA Pneumococcal Protein
709,outcome_overview_dose_description,1m post dose 1 child,8w post dose 1 child,,,,OG005,11,Fold Change in IgG Response to PiuA Pneumococcal Protein
709,outcome_overview_time_frame_weeks,4,8,,,,OG005,11,Fold Change in IgG Response to PiuA Pneumococcal Protein
710,outcome_overview_dose_description,1m post dose 1 child,8w post dose 1 child,,,,OG006,14,Fold Change in IgG Response to PiuA Pneumococcal Protein
710,outcome_overview_time_frame_weeks,4,8,,,,OG006,14,Fold Change in IgG Response to PiuA Pneumococcal Protein
711,outcome_overview_dose_description,1m post dose 1 child,8w post dose 1 child,,,,OG007,18,Fold Change in IgG Response to PiuA Pneumococcal Protein
711,outcome_overview_time_frame_weeks,4,8,,,,OG007,18,Fold Change in IgG Response to PiuA Pneumococcal Protein
712,outcome_overview_dose_description,1m post dose 1 child,8w post dose 1 child,,,,OG008,14,Fold Change in IgG Response to PiuA Pneumococcal Protein
712,outcome_overview_time_frame_weeks,4,8,,,,OG008,14,Fold Change in IgG Response to PiuA Pneumococcal Protein
713,outcome_overview_dose_description,1m post dose 1 child,8w post dose 1 child,,,,OG009,5,Fold Change in IgG Response to PiuA Pneumococcal Protein
713,outcome_overview_time_frame_weeks,4,8,,,,OG009,5,Fold Change in IgG Response to PiuA Pneumococcal Protein
714,outcome_overview_dose_description,1m post dose 1 child,8w post dose 1 child,,,,OG000,3,Fold Change in IgG Response to PiuA Pneumococcal Protein
714,outcome_overview_time_frame_weeks,4,8,,,,OG000,3,Fold Change in IgG Response to PiuA Pneumococcal Protein
715,outcome_overview_dose_description,1m post dose 1 child,8w post dose 1 child,,,,OG001,5,Fold Change in IgG Response to PiuA Pneumococcal Protein
715,outcome_overview_time_frame_weeks,4,8,,,,OG001,5,Fold Change in IgG Response to PiuA Pneumococcal Protein
716,outcome_overview_dose_description,1m post dose 1 child,8w post dose 1 child,,,,OG002,2,Fold Change in IgG Response to PiuA Pneumococcal Protein
716,outcome_overview_time_frame_weeks,4,8,,,,OG002,2,Fold Change in IgG Response to PiuA Pneumococcal Protein
717,outcome_overview_dose_description,1m post dose 1 child,8w post dose 1 child,,,,OG003,1,Fold Change in IgG Response to PiuA Pneumococcal Protein
717,outcome_overview_time_frame_weeks,4,8,,,,OG003,1,Fold Change in IgG Response to PiuA Pneumococcal Protein
718,outcome_overview_dose_description,1m post dose 1 child,8w post dose 1 child,,,,OG004,3,Fold Change in IgG Response to PiuA Pneumococcal Protein
718,outcome_overview_time_frame_weeks,4,8,,,,OG004,3,Fold Change in IgG Response to PiuA Pneumococcal Protein
719,outcome_overview_dose_description,1m post dose 1 child,8w post dose 1 child,,,,OG005,3,Fold Change in IgG Response to PiuA Pneumococcal Protein
719,outcome_overview_time_frame_weeks,4,8,,,,OG005,3,Fold Change in IgG Response to PiuA Pneumococcal Protein
720,outcome_overview_dose_description,1m post dose 1 child,8w post dose 1 child,,,,OG006,2,Fold Change in IgG Response to PiuA Pneumococcal Protein
720,outcome_overview_time_frame_weeks,4,8,,,,OG006,2,Fold Change in IgG Response to PiuA Pneumococcal Protein
721,outcome_overview_dose_description,1m post dose 1 child,8w post dose 1 child,,,,OG007,0,Fold Change in IgG Response to PiuA Pneumococcal Protein
721,outcome_overview_time_frame_weeks,4,8,,,,OG007,0,Fold Change in IgG Response to PiuA Pneumococcal Protein
722,outcome_overview_dose_description,1m post dose 1 child,8w post dose 1 child,,,,OG008,2,Fold Change in IgG Response to PiuA Pneumococcal Protein
722,outcome_overview_time_frame_weeks,4,8,,,,OG008,2,Fold Change in IgG Response to PiuA Pneumococcal Protein
723,outcome_overview_dose_description,1m post dose 1 child,8w post dose 1 child,,,,OG009,2,Fold Change in IgG Response to PiuA Pneumococcal Protein
723,outcome_overview_time_frame_weeks,4,8,,,,OG009,2,Fold Change in IgG Response to PiuA Pneumococcal Protein
724,outcome_overview_dose_description,1m post dose 1 child,8w post dose 1 child,,,,OG000,1,Fold Change in IgG Response to PiuA Pneumococcal Protein
724,outcome_overview_time_frame_weeks,4,8,,,,OG000,1,Fold Change in IgG Response to PiuA Pneumococcal Protein
725,outcome_overview_dose_description,1m post dose 1 child,8w post dose 1 child,,,,OG001,2,Fold Change in IgG Response to PiuA Pneumococcal Protein
725,outcome_overview_time_frame_weeks,4,8,,,,OG001,2,Fold Change in IgG Response to PiuA Pneumococcal Protein
726,outcome_overview_dose_description,1m post dose 1 child,8w post dose 1 child,,,,OG002,3,Fold Change in IgG Response to PiuA Pneumococcal Protein
726,outcome_overview_time_frame_weeks,4,8,,,,OG002,3,Fold Change in IgG Response to PiuA Pneumococcal Protein
727,outcome_overview_dose_description,1m post dose 1 child,8w post dose 1 child,,,,OG003,0,Fold Change in IgG Response to PiuA Pneumococcal Protein
727,outcome_overview_time_frame_weeks,4,8,,,,OG003,0,Fold Change in IgG Response to PiuA Pneumococcal Protein
728,outcome_overview_dose_description,1m post dose 1 child,8w post dose 1 child,,,,OG004,0,Fold Change in IgG Response to PiuA Pneumococcal Protein
728,outcome_overview_time_frame_weeks,4,8,,,,OG004,0,Fold Change in IgG Response to PiuA Pneumococcal Protein
729,outcome_overview_dose_description,1m post dose 1 child,8w post dose 1 child,,,,OG005,2,Fold Change in IgG Response to PiuA Pneumococcal Protein
729,outcome_overview_time_frame_weeks,4,8,,,,OG005,2,Fold Change in IgG Response to PiuA Pneumococcal Protein
730,outcome_overview_dose_description,1m post dose 1 child,8w post dose 1 child,,,,OG006,4,Fold Change in IgG Response to PiuA Pneumococcal Protein
730,outcome_overview_time_frame_weeks,4,8,,,,OG006,4,Fold Change in IgG Response to PiuA Pneumococcal Protein
731,outcome_overview_dose_description,1m post dose 1 child,8w post dose 1 child,,,,OG007,7,Fold Change in IgG Response to PiuA Pneumococcal Protein
731,outcome_overview_time_frame_weeks,4,8,,,,OG007,7,Fold Change in IgG Response to PiuA Pneumococcal Protein
732,outcome_overview_dose_description,1m post dose 1 child,8w post dose 1 child,,,,OG008,6,Fold Change in IgG Response to PiuA Pneumococcal Protein
732,outcome_overview_time_frame_weeks,4,8,,,,OG008,6,Fold Change in IgG Response to PiuA Pneumococcal Protein
733,outcome_overview_dose_description,1m post dose 1 child,8w post dose 1 child,,,,OG009,2,Fold Change in IgG Response to PiuA Pneumococcal Protein
733,outcome_overview_time_frame_weeks,4,8,,,,OG009,2,Fold Change in IgG Response to PiuA Pneumococcal Protein
734,outcome_overview_dose_description,1m post dose 1 child,8w post dose 1 child,,,,OG000,39,Fold Change in IgG Response to PiaA Pneumococcal Protein
734,outcome_overview_time_frame_weeks,4,8,,,,OG000,39,Fold Change in IgG Response to PiaA Pneumococcal Protein
735,outcome_overview_dose_description,1m post dose 1 child,8w post dose 1 child,,,,OG001,36,Fold Change in IgG Response to PiaA Pneumococcal Protein
735,outcome_overview_time_frame_weeks,4,8,,,,OG001,36,Fold Change in IgG Response to PiaA Pneumococcal Protein
736,outcome_overview_dose_description,1m post dose 1 child,8w post dose 1 child,,,,OG002,39,Fold Change in IgG Response to PiaA Pneumococcal Protein
736,outcome_overview_time_frame_weeks,4,8,,,,OG002,39,Fold Change in IgG Response to PiaA Pneumococcal Protein
737,outcome_overview_dose_description,1m post dose 1 child,8w post dose 1 child,,,,OG003,35,Fold Change in IgG Response to PiaA Pneumococcal Protein
737,outcome_overview_time_frame_weeks,4,8,,,,OG003,35,Fold Change in IgG Response to PiaA Pneumococcal Protein
738,outcome_overview_dose_description,1m post dose 1 child,8w post dose 1 child,,,,OG004,41,Fold Change in IgG Response to PiaA Pneumococcal Protein
738,outcome_overview_time_frame_weeks,4,8,,,,OG004,41,Fold Change in IgG Response to PiaA Pneumococcal Protein
739,outcome_overview_dose_description,1m post dose 1 child,8w post dose 1 child,,,,OG005,25,Fold Change in IgG Response to PiaA Pneumococcal Protein
739,outcome_overview_time_frame_weeks,4,8,,,,OG005,25,Fold Change in IgG Response to PiaA Pneumococcal Protein
740,outcome_overview_dose_description,1m post dose 1 child,8w post dose 1 child,,,,OG006,25,Fold Change in IgG Response to PiaA Pneumococcal Protein
740,outcome_overview_time_frame_weeks,4,8,,,,OG006,25,Fold Change in IgG Response to PiaA Pneumococcal Protein
741,outcome_overview_dose_description,1m post dose 1 child,8w post dose 1 child,,,,OG007,22,Fold Change in IgG Response to PiaA Pneumococcal Protein
741,outcome_overview_time_frame_weeks,4,8,,,,OG007,22,Fold Change in IgG Response to PiaA Pneumococcal Protein
742,outcome_overview_dose_description,1m post dose 1 child,8w post dose 1 child,,,,OG008,24,Fold Change in IgG Response to PiaA Pneumococcal Protein
742,outcome_overview_time_frame_weeks,4,8,,,,OG008,24,Fold Change in IgG Response to PiaA Pneumococcal Protein
743,outcome_overview_dose_description,1m post dose 1 child,8w post dose 1 child,,,,OG009,32,Fold Change in IgG Response to PiaA Pneumococcal Protein
743,outcome_overview_time_frame_weeks,4,8,,,,OG009,32,Fold Change in IgG Response to PiaA Pneumococcal Protein
744,outcome_overview_dose_description,1m post dose 1 child,8w post dose 1 child,,,,OG000,7,Fold Change in IgG Response to PiaA Pneumococcal Protein
744,outcome_overview_time_frame_weeks,4,8,,,,OG000,7,Fold Change in IgG Response to PiaA Pneumococcal Protein
745,outcome_overview_dose_description,1m post dose 1 child,8w post dose 1 child,,,,OG001,8,Fold Change in IgG Response to PiaA Pneumococcal Protein
745,outcome_overview_time_frame_weeks,4,8,,,,OG001,8,Fold Change in IgG Response to PiaA Pneumococcal Protein
746,outcome_overview_dose_description,1m post dose 1 child,8w post dose 1 child,,,,OG002,6,Fold Change in IgG Response to PiaA Pneumococcal Protein
746,outcome_overview_time_frame_weeks,4,8,,,,OG002,6,Fold Change in IgG Response to PiaA Pneumococcal Protein
747,outcome_overview_dose_description,1m post dose 1 child,8w post dose 1 child,,,,OG003,8,Fold Change in IgG Response to PiaA Pneumococcal Protein
747,outcome_overview_time_frame_weeks,4,8,,,,OG003,8,Fold Change in IgG Response to PiaA Pneumococcal Protein
748,outcome_overview_dose_description,1m post dose 1 child,8w post dose 1 child,,,,OG004,4,Fold Change in IgG Response to PiaA Pneumococcal Protein
748,outcome_overview_time_frame_weeks,4,8,,,,OG004,4,Fold Change in IgG Response to PiaA Pneumococcal Protein
749,outcome_overview_dose_description,1m post dose 1 child,8w post dose 1 child,,,,OG005,12,Fold Change in IgG Response to PiaA Pneumococcal Protein
749,outcome_overview_time_frame_weeks,4,8,,,,OG005,12,Fold Change in IgG Response to PiaA Pneumococcal Protein
750,outcome_overview_dose_description,1m post dose 1 child,8w post dose 1 child,,,,OG006,12,Fold Change in IgG Response to PiaA Pneumococcal Protein
750,outcome_overview_time_frame_weeks,4,8,,,,OG006,12,Fold Change in IgG Response to PiaA Pneumococcal Protein
751,outcome_overview_dose_description,1m post dose 1 child,8w post dose 1 child,,,,OG007,18,Fold Change in IgG Response to PiaA Pneumococcal Protein
751,outcome_overview_time_frame_weeks,4,8,,,,OG007,18,Fold Change in IgG Response to PiaA Pneumococcal Protein
752,outcome_overview_dose_description,1m post dose 1 child,8w post dose 1 child,,,,OG008,13,Fold Change in IgG Response to PiaA Pneumococcal Protein
752,outcome_overview_time_frame_weeks,4,8,,,,OG008,13,Fold Change in IgG Response to PiaA Pneumococcal Protein
753,outcome_overview_dose_description,1m post dose 1 child,8w post dose 1 child,,,,OG009,8,Fold Change in IgG Response to PiaA Pneumococcal Protein
753,outcome_overview_time_frame_weeks,4,8,,,,OG009,8,Fold Change in IgG Response to PiaA Pneumococcal Protein
754,outcome_overview_dose_description,1m post dose 1 child,8w post dose 1 child,,,,OG000,0,Fold Change in IgG Response to PiaA Pneumococcal Protein
754,outcome_overview_time_frame_weeks,4,8,,,,OG000,0,Fold Change in IgG Response to PiaA Pneumococcal Protein
755,outcome_overview_dose_description,1m post dose 1 child,8w post dose 1 child,,,,OG001,3,Fold Change in IgG Response to PiaA Pneumococcal Protein
755,outcome_overview_time_frame_weeks,4,8,,,,OG001,3,Fold Change in IgG Response to PiaA Pneumococcal Protein
756,outcome_overview_dose_description,1m post dose 1 child,8w post dose 1 child,,,,OG002,2,Fold Change in IgG Response to PiaA Pneumococcal Protein
756,outcome_overview_time_frame_weeks,4,8,,,,OG002,2,Fold Change in IgG Response to PiaA Pneumococcal Protein
757,outcome_overview_dose_description,1m post dose 1 child,8w post dose 1 child,,,,OG003,2,Fold Change in IgG Response to PiaA Pneumococcal Protein
757,outcome_overview_time_frame_weeks,4,8,,,,OG003,2,Fold Change in IgG Response to PiaA Pneumococcal Protein
758,outcome_overview_dose_description,1m post dose 1 child,8w post dose 1 child,,,,OG004,2,Fold Change in IgG Response to PiaA Pneumococcal Protein
758,outcome_overview_time_frame_weeks,4,8,,,,OG004,2,Fold Change in IgG Response to PiaA Pneumococcal Protein
759,outcome_overview_dose_description,1m post dose 1 child,8w post dose 1 child,,,,OG005,4,Fold Change in IgG Response to PiaA Pneumococcal Protein
759,outcome_overview_time_frame_weeks,4,8,,,,OG005,4,Fold Change in IgG Response to PiaA Pneumococcal Protein
760,outcome_overview_dose_description,1m post dose 1 child,8w post dose 1 child,,,,OG006,4,Fold Change in IgG Response to PiaA Pneumococcal Protein
760,outcome_overview_time_frame_weeks,4,8,,,,OG006,4,Fold Change in IgG Response to PiaA Pneumococcal Protein
761,outcome_overview_dose_description,1m post dose 1 child,8w post dose 1 child,,,,OG007,2,Fold Change in IgG Response to PiaA Pneumococcal Protein
761,outcome_overview_time_frame_weeks,4,8,,,,OG007,2,Fold Change in IgG Response to PiaA Pneumococcal Protein
762,outcome_overview_dose_description,1m post dose 1 child,8w post dose 1 child,,,,OG008,4,Fold Change in IgG Response to PiaA Pneumococcal Protein
762,outcome_overview_time_frame_weeks,4,8,,,,OG008,4,Fold Change in IgG Response to PiaA Pneumococcal Protein
763,outcome_overview_dose_description,1m post dose 1 child,8w post dose 1 child,,,,OG009,3,Fold Change in IgG Response to PiaA Pneumococcal Protein
763,outcome_overview_time_frame_weeks,4,8,,,,OG009,3,Fold Change in IgG Response to PiaA Pneumococcal Protein
764,outcome_overview_dose_description,1m post dose 1 child,8w post dose 1 child,,,,OG000,2,Fold Change in IgG Response to PiaA Pneumococcal Protein
764,outcome_overview_time_frame_weeks,4,8,,,,OG000,2,Fold Change in IgG Response to PiaA Pneumococcal Protein
765,outcome_overview_dose_description,1m post dose 1 child,8w post dose 1 child,,,,OG001,2,Fold Change in IgG Response to PiaA Pneumococcal Protein
765,outcome_overview_time_frame_weeks,4,8,,,,OG001,2,Fold Change in IgG Response to PiaA Pneumococcal Protein
766,outcome_overview_dose_description,1m post dose 1 child,8w post dose 1 child,,,,OG002,1,Fold Change in IgG Response to PiaA Pneumococcal Protein
766,outcome_overview_time_frame_weeks,4,8,,,,OG002,1,Fold Change in IgG Response to PiaA Pneumococcal Protein
767,outcome_overview_dose_description,1m post dose 1 child,8w post dose 1 child,,,,OG003,2,Fold Change in IgG Response to PiaA Pneumococcal Protein
767,outcome_overview_time_frame_weeks,4,8,,,,OG003,2,Fold Change in IgG Response to PiaA Pneumococcal Protein
768,outcome_overview_dose_description,1m post dose 1 child,8w post dose 1 child,,,,OG004,2,Fold Change in IgG Response to PiaA Pneumococcal Protein
768,outcome_overview_time_frame_weeks,4,8,,,,OG004,2,Fold Change in IgG Response to PiaA Pneumococcal Protein
769,outcome_overview_dose_description,1m post dose 1 child,8w post dose 1 child,,,,OG005,5,Fold Change in IgG Response to PiaA Pneumococcal Protein
769,outcome_overview_time_frame_weeks,4,8,,,,OG005,5,Fold Change in IgG Response to PiaA Pneumococcal Protein
770,outcome_overview_dose_description,1m post dose 1 child,8w post dose 1 child,,,,OG006,6,Fold Change in IgG Response to PiaA Pneumococcal Protein
770,outcome_overview_time_frame_weeks,4,8,,,,OG006,6,Fold Change in IgG Response to PiaA Pneumococcal Protein
771,outcome_overview_dose_description,1m post dose 1 child,8w post dose 1 child,,,,OG007,6,Fold Change in IgG Response to PiaA Pneumococcal Protein
771,outcome_overview_time_frame_weeks,4,8,,,,OG007,6,Fold Change in IgG Response to PiaA Pneumococcal Protein
772,outcome_overview_dose_description,1m post dose 1 child,8w post dose 1 child,,,,OG008,5,Fold Change in IgG Response to PiaA Pneumococcal Protein
772,outcome_overview_time_frame_weeks,4,8,,,,OG008,5,Fold Change in IgG Response to PiaA Pneumococcal Protein
773,outcome_overview_dose_description,1m post dose 1 child,8w post dose 1 child,,,,OG009,5,Fold Change in IgG Response to PiaA Pneumococcal Protein
773,outcome_overview_time_frame_weeks,4,8,,,,OG009,5,Fold Change in IgG Response to PiaA Pneumococcal Protein
